record_id,molecule_name,cas_rn,cas_status,pubchem_cid,molecular_formula,inchikey,canonical_smiles,partition,formula_group,component_scope,elemental_scope,mixture_flag,oxygenate_flag,aromaticity_class,structure_class,density_screening_flag_ge_0_90_g_cm3,X01,X02,X03,X04,X05,X06,X07,Y01,Y02,Y02_label_status,Y03,Y04,Y05,Y06,Y07,reference_map
HC-0003,Bicyclohexyl,92-51-3,reported,7094.0,C12H22,WVIIMZNLDWSIRH-UHFFFAOYSA-N,C1CCC(C2CCCCC2)CC1,development,C12H22,pure single-component molecule,hydrocarbon (C/H only),False,False,non-aromatic,bicyclic alicyclic,False,166.308,1.83333333333333,0.0,2.0,2.0,2.19722457733622,4.296875,42.728,38.11,author-curated independent response; source audit pending,0.88613,3.75,234.85,88.7,2.9175,X01→REF-0488；X02/X05/X06→REF-0491；X03→REF-0490；X04→REF-0489；X07→REF-0492；Y01→REF-0013；Y02→REF-0493；Y03→REF-0014；Y04→REF-0015；Y05→REF-0016；Y06→REF-0481；Y07→REF-0479
HC-0005,Pinane,473-55-2,reported,10129.0,C10H18,XOKSLPVRUOBDEW-UHFFFAOYSA-N,CC1CCC2CC1C2(C)C,development,C10H18,pure single-component molecule,hydrocarbon (C/H only),False,False,non-aromatic,polycyclic alicyclic,False,138.254,1.8,0.0,3.0,4.0,1.09861228866811,1.77777777777778,42.943,37.2,author-curated independent response; source audit pending,0.8467,-53.15,167.75,42.0,0.8971,X01→REF-0488；X02/X05/X06→REF-0491；X03→REF-0490；X04→REF-0489；X07→REF-0492；Y01→REF-0021；Y02→REF-0493；Y03→REF-0022；Y04→REF-0023；Y05→REF-0024；Y06→REF-0479；Y07→REF-0482
HC-0006,Sabinene,3387-41-5,reported,18818.0,C10H16,NDVASEGYNIMXJL-UHFFFAOYSA-N,C=C1CCC2(C(C)C)CC12,development,C10H16,pure single-component molecule,hydrocarbon (C/H only),False,False,non-aromatic,bicyclic alicyclic,False,136.238,1.6,0.0,2.0,4.0,1.09861228866811,1.66374254705002,42.88,,not available,0.8633,-21.0,164.0,37.0,0.8677,X01→REF-0488；X02/X05/X06→REF-0491；X03→REF-0490；X04→REF-0489；X07→REF-0492；Y01→REF-0004；Y02→not available；Y03→REF-0004；Y04→REF-0004；Y05→REF-0004；Y06→REF-0479；Y07→REF-0482
HC-0008,"2,2,4-Trimethylpentane",540-84-1,reported,10907.0,C8H18,NHTMVDHEPJAVLT-UHFFFAOYSA-N,CC(C)CC(C)(C)C,development,C8H18,pure single-component molecule,hydrocarbon (C/H only),False,False,non-aromatic,branched alkane,False,114.232,2.25,0.0,0.0,2.0,2.56494935746154,2.52,44.343,30.8,author-curated independent response; source audit pending,0.69189,-107.38,99.25,-12.0,0.6033,X01→REF-0488；X02/X05/X06→REF-0491；X03→REF-0490；X04→REF-0489；X07→REF-0492；Y01→REF-0028；Y02→REF-0493；Y03→REF-0029；Y04→REF-0030；Y05→REF-0031；Y06→REF-0479；Y07→REF-0479
HC-0009,"2,2,5-Trimethylhexane",3522-94-9,reported,19041.0,C9H20,HHOSMYBYIHNXNO-UHFFFAOYSA-N,CC(C)CCC(C)(C)C,development,C9H20,pure single-component molecule,hydrocarbon (C/H only),False,False,non-aromatic,branched alkane,False,128.259,2.22222222222222,0.0,0.0,2.0,2.56494935746154,3.2396694214876,44.182,31.42,author-curated independent response; source audit pending,0.7072,-105.95,123.85,12.89,1.3067,X01→REF-0488；X02/X05/X06→REF-0491；X03→REF-0490；X04→REF-0489；X07→REF-0492；Y01→REF-0032；Y02→REF-0493；Y03→REF-0033；Y04→REF-0034；Y05→REF-0035；Y06→REF-0481；Y07→REF-0479
HC-0010,"2,2-Dimethylbutane",75-83-2,reported,6403.0,C6H14,HNRMPXKDFBEGFZ-UHFFFAOYSA-N,CCC(C)(C)C,development,C6H14,pure single-component molecule,hydrocarbon (C/H only),False,False,non-aromatic,branched alkane,False,86.178,2.33333333333333,0.0,0.0,1.0,1.94591014905531,1.63265306122449,44.567,,not available,0.64925,-99.9,49.7,-37.75,0.4719,X01→REF-0488；X02/X05/X06→REF-0491；X03→REF-0490；X04→REF-0489；X07→REF-0492；Y01→REF-0005；Y02→not available；Y03→REF-0036；Y04→REF-0037；Y05→REF-0038；Y06→REF-0481；Y07→REF-0479
HC-0011,"2,3-Dimethylbutane",79-29-8,reported,6589.0,C6H14,ZFFMLCVRJBZUDZ-UHFFFAOYSA-N,CC(C)C(C)C,development,C6H14,pure single-component molecule,hydrocarbon (C/H only),False,False,non-aromatic,branched alkane,False,86.178,2.33333333333333,0.0,0.0,2.0,2.19722457733622,2.22222222222222,44.641,,not available,0.66158,-128.8,57.9,-32.15,0.4443,X01→REF-0488；X02/X05/X06→REF-0491；X03→REF-0490；X04→REF-0489；X07→REF-0492；Y01→REF-0005；Y02→not available；Y03→REF-0036；Y04→REF-0039；Y05→REF-0039；Y06→REF-0481；Y07→REF-0479
HC-0012,"2,4-Dimethylhexane",589-43-5,reported,11511.0,C8H18,HDGQICNBXPAKLR-UHFFFAOYSA-N,CCC(C)CC(C)C,development,C8H18,pure single-component molecule,hydrocarbon (C/H only),False,False,non-aromatic,branched alkane,False,114.232,2.25,0.0,0.0,2.0,1.09861228866811,3.9375,44.363,,not available,0.70057,-91.8,110.0,22.0,0.7057,X01→REF-0488；X02/X05/X06→REF-0491；X03→REF-0490；X04→REF-0489；X07→REF-0492；Y01→REF-0005；Y02→not available；Y03→REF-0029；Y04→REF-0004；Y05→REF-0004；Y06→REF-0479；Y07→REF-0479
HC-0013,"2,4-Dimethylpentane",108-08-7,reported,7907.0,C7H16,BZHMBWZPUJHVEE-UHFFFAOYSA-N,CC(C)CC(C)C,development,C7H16,pure single-component molecule,hydrocarbon (C/H only),False,False,non-aromatic,branched alkane,False,100.205,2.28571428571429,0.0,0.0,2.0,2.19722457733622,3.06122448979592,44.452,31.0,author-curated independent response; source audit pending,0.6728,-120.15,80.55,-16.68,0.5265,X01→REF-0488；X02/X05/X06→REF-0491；X03→REF-0490；X04→REF-0489；X07→REF-0492；Y01→REF-0040；Y02→REF-0493；Y03→REF-0041；Y04→REF-0042；Y05→REF-0043；Y06→REF-0481；Y07→REF-0479
HC-0014,2-Methylheptane,592-27-8,reported,11594.0,C8H18,JVSWJIKNEAIKJW-UHFFFAOYSA-N,CCCCCC(C)C,development,C8H18,pure single-component molecule,hydrocarbon (C/H only),False,False,non-aromatic,branched alkane,False,114.232,2.25,0.0,0.0,1.0,1.09861228866811,5.14285714285714,44.379,31.1,author-curated independent response; source audit pending,0.6917,-110.15,117.55,8.59,0.5586,X01→REF-0488；X02/X05/X06→REF-0491；X03→REF-0490；X04→REF-0489；X07→REF-0492；Y01→REF-0044；Y02→REF-0493；Y03→REF-0045；Y04→REF-0046；Y05→REF-0047；Y06→REF-0481；Y07→REF-0479
HC-0015,2-Methylhexane,591-76-4,reported,11582.0,C7H16,GXDHCNNESPLIKD-UHFFFAOYSA-N,CCCCC(C)C,development,C7H16,pure single-component molecule,hydrocarbon (C/H only),False,False,non-aromatic,branched alkane,False,100.205,2.28571428571429,0.0,0.0,1.0,1.09861228866811,4.16666666666667,44.504,31.2,author-curated independent response; source audit pending,0.68,-118.45,90.05,-18.0,0.4764,X01→REF-0488；X02/X05/X06→REF-0491；X03→REF-0490；X04→REF-0489；X07→REF-0492；Y01→REF-0048；Y02→REF-0493；Y03→REF-0049；Y04→REF-0050；Y05→REF-0051；Y06→REF-0479；Y07→REF-0479
HC-0016,2-Methylnonane,871-83-0,reported,13379.0,C10H22,SGVYKUFIHHTIFL-UHFFFAOYSA-N,CCCCCCCC(C)C,development,C10H22,pure single-component molecule,hydrocarbon (C/H only),False,False,non-aromatic,branched alkane,False,142.286,2.2,0.0,0.0,1.0,1.09861228866811,7.11111111111111,44.176,32.3,author-curated independent response; source audit pending,0.7271,-71.65,166.85,42.26,0.8899,X01→REF-0488；X02/X05/X06→REF-0491；X03→REF-0490；X04→REF-0489；X07→REF-0492；Y01→REF-0052；Y02→REF-0493；Y03→REF-0053；Y04→REF-0054；Y05→REF-0055；Y06→REF-0481；Y07→REF-0482
HC-0017,2-Methylpentane,107-83-5,reported,7892.0,C6H14,AFABGHUZZDYHJO-UHFFFAOYSA-N,CCCC(C)C,development,C6H14,pure single-component molecule,hydrocarbon (C/H only),False,False,non-aromatic,branched alkane,False,86.178,2.33333333333333,0.0,0.0,1.0,1.09861228866811,3.2,44.671,29.3,author-curated independent response; source audit pending,0.65328,-153.15,60.85,-7.0,0.3914,X01→REF-0488；X02/X05/X06→REF-0491；X03→REF-0490；X04→REF-0489；X07→REF-0492；Y01→REF-0056；Y02→REF-0493；Y03→REF-0036；Y04→REF-0057；Y05→REF-0058；Y06→REF-0479；Y07→REF-0479
HC-0018,3-Methylheptane,589-81-1,reported,11519.0,C8H18,LAIUFBWHERIJIH-UHFFFAOYSA-N,CCCCC(C)CC,development,C8H18,pure single-component molecule,hydrocarbon (C/H only),False,False,non-aromatic,branched alkane,False,114.232,2.25,0.0,0.0,1.0,0.693147180559945,5.14285714285714,44.402,31.52,author-curated independent response; source audit pending,0.70637,-121.15,118.85,7.0,0.5501,X01→REF-0488；X02/X05/X06→REF-0491；X03→REF-0490；X04→REF-0489；X07→REF-0492；Y01→REF-0059；Y02→REF-0493；Y03→REF-0029；Y04→REF-0060；Y05→REF-0061；Y06→REF-0479；Y07→REF-0479
HC-0019,3-Methylhexane,589-34-4,reported,11507.0,C7H16,VLJXXKKOSFGPHI-UHFFFAOYSA-N,CCCC(C)CC,development,C7H16,pure single-component molecule,hydrocarbon (C/H only),False,False,non-aromatic,branched alkane,False,100.205,2.28571428571429,0.0,0.0,1.0,0.693147180559945,4.16666666666667,44.529,,not available,0.684,-119.0,91.0,-1.0,0.4479,X01→REF-0488；X02/X05/X06→REF-0491；X03→REF-0490；X04→REF-0489；X07→REF-0492；Y01→REF-0005；Y02→not available；Y03→REF-0004；Y04→REF-0004；Y05→REF-0004；Y06→REF-0479；Y07→REF-0479
HC-0020,3-Methylpentane,96-14-0,reported,7282.0,C6H14,PFEOZHBOMNWTJB-UHFFFAOYSA-N,CCC(C)CC,development,C6H14,pure single-component molecule,hydrocarbon (C/H only),False,False,non-aromatic,branched alkane,False,86.178,2.33333333333333,0.0,0.0,1.0,1.09861228866811,3.2,44.699,,not available,0.66423,-162.9,63.3,-28.47,0.3925,X01→REF-0488；X02/X05/X06→REF-0491；X03→REF-0490；X04→REF-0489；X07→REF-0492；Y01→REF-0005；Y02→not available；Y03→REF-0062；Y04→REF-0063；Y05→REF-0064；Y06→REF-0481；Y07→REF-0479
HC-0021,"2,3,6-trimethyloctane",,not available or not unambiguously resolved,,C11H24,MNFBUNLEXRMWOY-UHFFFAOYSA-N,CCC(C)CCC(C)C(C)C,development,C11H24,pure single-component molecule,hydrocarbon (C/H only),False,False,non-aromatic,branched alkane,False,156.313,2.18181818181818,0.0,0.0,3.0,1.09861228866811,5.625,44.0001791277757,,not available,0.750278391091485,-104.42,176.81,49.06123,0.9728815625,X01→REF-0488；X02/X05/X06→REF-0491；X03→REF-0490；X04→REF-0489；X07→REF-0492；Y01→REF-0001；Y02→not available；Y03→REF-0001；Y04→REF-0002；Y05→REF-0002；Y06→REF-0481；Y07→REF-0482
HC-0023,Dodecane,112-40-3,reported,8182.0,C12H26,SNRUBQQJIBEYMU-UHFFFAOYSA-N,CCCCCCCCCCCC,development,C12H26,pure single-component molecule,hydrocarbon (C/H only),False,False,non-aromatic,linear alkane,False,170.34,2.16666666666667,0.0,0.0,0.0,1.09861228866811,11.0,44.112,33.2,author-curated independent response; source audit pending,0.753,-9.65,215.85,74.0,1.5446,X01→REF-0488；X02/X05/X06→REF-0491；X03→REF-0490；X04→REF-0489；X07→REF-0492；Y01→REF-0071；Y02→REF-0493；Y03→REF-0072；Y04→REF-0073；Y05→REF-0074；Y06→REF-0479；Y07→REF-0479
HC-0024,Eicosane,112-95-8,reported,8222.0,C20H42,CBFCDTFDPHXCNY-UHFFFAOYSA-N,CCCCCCCCCCCCCCCCCCCC,development,C20H42,pure single-component molecule,hydrocarbon (C/H only),False,False,non-aromatic,linear alkane,False,282.556,2.1,0.0,0.0,0.0,1.09861228866811,19.0,43.858,34.76,author-curated independent response; source audit pending,0.7886,36.85,343.05,162.6,5.3926,X01→REF-0488；X02/X05/X06→REF-0491；X03→REF-0490；X04→REF-0489；X07→REF-0492；Y01→REF-0075；Y02→REF-0493；Y03→REF-0076；Y04→REF-0077；Y05→REF-0078；Y06→REF-0481；Y07→REF-0479
HC-0025,Heptadecane,629-78-7,reported,12398.0,C17H36,NDJKXXJCMXVBJW-UHFFFAOYSA-N,CCCCCCCCCCCCCCCCC,development,C17H36,pure single-component molecule,hydrocarbon (C/H only),False,False,non-aromatic,linear alkane,False,240.475,2.11764705882353,0.0,0.0,0.0,1.09861228866811,16.0,43.927,34.31,author-curated independent response; source audit pending,0.77102,21.95,301.85,149.0,3.5813,X01→REF-0488；X02/X05/X06→REF-0491；X03→REF-0490；X04→REF-0489；X07→REF-0492；Y01→REF-0079；Y02→REF-0493；Y03→REF-0080；Y04→REF-0081；Y05→REF-0082；Y06→REF-0479；Y07→REF-0479
HC-0026,Heptane,142-82-5,reported,8900.0,C7H16,IMNFDUFMRHMDMM-UHFFFAOYSA-N,CCCCCCC,development,C7H16,pure single-component molecule,hydrocarbon (C/H only),False,False,non-aromatic,linear alkane,False,100.205,2.28571428571429,0.0,0.0,0.0,1.09861228866811,6.0,44.558,30.66,author-curated independent response; source audit pending,0.67946,-90.55,98.35,-4.0,0.505,X01→REF-0488；X02/X05/X06→REF-0491；X03→REF-0490；X04→REF-0489；X07→REF-0492；Y01→REF-0083；Y02→REF-0493；Y03→REF-0084；Y04→REF-0085；Y05→REF-0086；Y06→REF-0479；Y07→REF-0479
HC-0027,Hexadecane,544-76-3,reported,11006.0,C16H34,DCAYPVUWAIABOU-UHFFFAOYSA-N,CCCCCCCCCCCCCCCC,development,C16H34,pure single-component molecule,hydrocarbon (C/H only),False,False,non-aromatic,linear alkane,False,226.448,2.125,0.0,0.0,0.0,1.09861228866811,15.0,43.945,34.14,author-curated independent response; source audit pending,0.773,17.85,280.85,135.0,2.9193,X01→REF-0488；X02/X05/X06→REF-0491；X03→REF-0490；X04→REF-0489；X07→REF-0492；Y01→REF-0087；Y02→REF-0493；Y03→REF-0072；Y04→REF-0088；Y05→REF-0089；Y06→REF-0479；Y07→REF-0479
HC-0028,Hexane,110-54-3,reported,8058.0,C6H14,VLKZOEOYAKHREP-UHFFFAOYSA-N,CCCCCC,development,C6H14,pure single-component molecule,hydrocarbon (C/H only),False,False,non-aromatic,linear alkane,False,86.178,2.33333333333333,0.0,0.0,0.0,1.09861228866811,5.0,44.736,29.6,author-curated independent response; source audit pending,0.66,-95.15,68.75,-24.74,0.4095,X01→REF-0488；X02/X05/X06→REF-0491；X03→REF-0490；X04→REF-0489；X07→REF-0492；Y01→REF-0090；Y02→REF-0493；Y03→REF-0091；Y04→REF-0092；Y05→REF-0093；Y06→REF-0481；Y07→REF-0479
HC-0029,Nonadecane,629-92-5,reported,12401.0,C19H40,LQERIDTXQFOHKA-UHFFFAOYSA-N,CCCCCCCCCCCCCCCCCCC,development,C19H40,pure single-component molecule,hydrocarbon (C/H only),False,False,non-aromatic,linear alkane,False,268.529,2.10526315789474,0.0,0.0,0.0,1.09861228866811,18.0,43.879,34.57,author-curated independent response; source audit pending,0.7855,30.85,329.75,153.52,4.699,X01→REF-0488；X02/X05/X06→REF-0491；X03→REF-0490；X04→REF-0489；X07→REF-0492；Y01→REF-0094；Y02→REF-0493；Y03→REF-0095；Y04→REF-0096；Y05→REF-0097；Y06→REF-0481；Y07→REF-0479
HC-0030,Nonane,111-84-2,reported,8141.0,C9H20,BKIMMITUMNQMOS-UHFFFAOYSA-N,CCCCCCCCC,development,C9H20,pure single-component molecule,hydrocarbon (C/H only),False,False,non-aromatic,linear alkane,False,128.259,2.22222222222222,0.0,0.0,0.0,1.09861228866811,8.0,44.327,31.99,author-curated independent response; source audit pending,0.718,-53.65,150.65,31.0,0.807,X01→REF-0488；X02/X05/X06→REF-0491；X03→REF-0490；X04→REF-0489；X07→REF-0492；Y01→REF-0098；Y02→REF-0493；Y03→REF-0072；Y04→REF-0099；Y05→REF-0100；Y06→REF-0479；Y07→REF-0479
HC-0031,Octadecane,593-45-3,reported,11635.0,C18H38,RZJRJXONCZWCBN-UHFFFAOYSA-N,CCCCCCCCCCCCCCCCCC,development,C18H38,pure single-component molecule,hydrocarbon (C/H only),False,False,non-aromatic,linear alkane,False,254.502,2.11111111111111,0.0,0.0,0.0,1.09861228866811,17.0,43.901,34.45,author-curated independent response; source audit pending,0.7768,27.85,316.15,166.0,4.1314,X01→REF-0488；X02/X05/X06→REF-0491；X03→REF-0490；X04→REF-0489；X07→REF-0492；Y01→REF-0101；Y02→REF-0493；Y03→REF-0102；Y04→REF-0103；Y05→REF-0104；Y06→REF-0479；Y07→REF-0479
HC-0032,Octane,111-65-9,reported,356.0,C8H18,TVMXDCGIABBOFY-UHFFFAOYSA-N,CCCCCCCC,development,C8H18,pure single-component molecule,hydrocarbon (C/H only),False,False,non-aromatic,linear alkane,False,114.232,2.25,0.0,0.0,0.0,1.09861228866811,7.0,44.422,31.39,author-curated independent response; source audit pending,0.708,-56.85,125.55,15.0,0.6372,X01→REF-0488；X02/X05/X06→REF-0491；X03→REF-0490；X04→REF-0489；X07→REF-0492；Y01→REF-0105；Y02→REF-0493；Y03→REF-0091；Y04→REF-0106；Y05→REF-0107；Y06→REF-0479；Y07→REF-0479
HC-0033,Pentadecane,629-62-9,reported,12391.0,C15H32,YCOZIPAWZNQLMR-UHFFFAOYSA-N,CCCCCCCCCCCCCCC,development,C15H32,pure single-component molecule,hydrocarbon (C/H only),False,False,non-aromatic,linear alkane,False,212.421,2.13333333333333,0.0,0.0,0.0,1.09861228866811,14.0,43.985,33.94,author-curated independent response; source audit pending,0.7685,9.85,266.85,132.0,2.4916,X01→REF-0488；X02/X05/X06→REF-0491；X03→REF-0490；X04→REF-0489；X07→REF-0492；Y01→REF-0108；Y02→REF-0493；Y03→REF-0109；Y04→REF-0110；Y05→REF-0111；Y06→REF-0479；Y07→REF-0479
HC-0034,"2,4-dimethylnonane",,not available or not unambiguously resolved,,C11H24,JZUUOAUSQCXSTN-UHFFFAOYSA-N,CCCCCC(C)CC(C)C,development,C11H24,pure single-component molecule,hydrocarbon (C/H only),False,False,non-aromatic,branched alkane,False,156.313,2.18181818181818,0.0,0.0,2.0,1.09861228866811,6.69421487603306,44.0001791277757,,not available,0.750278391091485,-89.42,177.25,49.36175,0.976751136527137,X01→REF-0488；X02/X05/X06→REF-0491；X03→REF-0490；X04→REF-0489；X07→REF-0492；Y01→REF-0001；Y02→not available；Y03→REF-0001；Y04→REF-0002；Y05→REF-0002；Y06→REF-0481；Y07→REF-0482
HC-0035,Tetradecane,629-59-4,reported,12389.0,C14H30,BGHCVCJVXZWKCC-UHFFFAOYSA-N,CCCCCCCCCCCCCC,development,C14H30,pure single-component molecule,hydrocarbon (C/H only),False,False,non-aromatic,linear alkane,False,198.394,2.14285714285714,0.0,0.0,0.0,1.09861228866811,13.0,44.021,33.74,author-curated independent response; source audit pending,0.767,5.55,249.85,100.0,2.2511,X01→REF-0488；X02/X05/X06→REF-0491；X03→REF-0490；X04→REF-0489；X07→REF-0492；Y01→REF-0115；Y02→REF-0493；Y03→REF-0072；Y04→REF-0116；Y05→REF-0117；Y06→REF-0479；Y07→REF-0479
HC-0036,Tridecane,629-50-5,reported,12388.0,C13H28,IIYFAKIEWZDVMP-UHFFFAOYSA-N,CCCCCCCCCCCCC,development,C13H28,pure single-component molecule,hydrocarbon (C/H only),False,False,non-aromatic,linear alkane,False,184.367,2.15384615384615,0.0,0.0,0.0,1.09861228866811,12.0,44.063,33.48,author-curated independent response; source audit pending,0.7564,-5.15,233.85,94.0,1.7546,X01→REF-0488；X02/X05/X06→REF-0491；X03→REF-0490；X04→REF-0489；X07→REF-0492；Y01→REF-0118；Y02→REF-0493；Y03→REF-0119；Y04→REF-0120；Y05→REF-0121；Y06→REF-0479；Y07→REF-0479
HC-0037,Undecane,1120-21-4,reported,14257.0,C11H24,RSJKGSCJYJTIGS-UHFFFAOYSA-N,CCCCCCCCCCC,development,C11H24,pure single-component molecule,hydrocarbon (C/H only),False,False,non-aromatic,linear alkane,False,156.313,2.18181818181818,0.0,0.0,0.0,1.09861228866811,10.0,44.165,32.86,author-curated independent response; source audit pending,0.74035,-25.75,194.85,65.0,1.258,X01→REF-0488；X02/X05/X06→REF-0491；X03→REF-0490；X04→REF-0489；X07→REF-0492；Y01→REF-0122；Y02→REF-0493；Y03→REF-0123；Y04→REF-0124；Y05→REF-0125；Y06→REF-0479；Y07→REF-0479
HC-0038,Butylcyclohexane,1678-93-9,reported,15506.0,C10H20,GGBJHURWWWLEQH-UHFFFAOYSA-N,CCCCC1CCCCC1,development,C10H20,pure single-component molecule,hydrocarbon (C/H only),False,False,non-aromatic,monocyclic alicyclic,False,140.27,2.0,0.0,1.0,1.0,1.09861228866811,4.7603305785124,43.419,34.87,author-curated independent response; source audit pending,0.79947,-74.85,179.85,50.0,1.2539,X01→REF-0488；X02/X05/X06→REF-0491；X03→REF-0490；X04→REF-0489；X07→REF-0492；Y01→REF-0126；Y02→REF-0493；Y03→REF-0127；Y04→REF-0128；Y05→REF-0129；Y06→REF-0479；Y07→REF-0479
HC-0039,Cycloheptane,291-64-5,reported,9265.0,C7H14,DMEGYFMYUHOHGS-UHFFFAOYSA-N,C1CCCCCC1,development,C7H14,pure single-component molecule,hydrocarbon (C/H only),False,False,non-aromatic,monocyclic alicyclic,False,98.189,2.0,0.0,1.0,0.0,2.70805020110221,3.06122448979592,43.702,36.1,author-curated independent response; source audit pending,0.8098,-9.15,118.85,9.47,1.4796,X01→REF-0488；X02/X05/X06→REF-0491；X03→REF-0490；X04→REF-0489；X07→REF-0492；Y01→REF-0130；Y02→REF-0493；Y03→REF-0131；Y04→REF-0132；Y05→REF-0133；Y06→REF-0481；Y07→REF-0479
HC-0040,Cyclohexane,110-82-7,reported,8078.0,C6H12,XDTMQSROBMDMFD-UHFFFAOYSA-N,C1CCCCC1,development,C6H12,pure single-component molecule,hydrocarbon (C/H only),False,False,non-aromatic,monocyclic alicyclic,False,84.162,2.0,0.0,1.0,0.0,2.56494935746154,2.22222222222222,43.421,36.33,author-curated independent response; source audit pending,0.778,6.45,80.75,-18.0,0.9407,X01→REF-0488；X02/X05/X06→REF-0491；X03→REF-0490；X04→REF-0489；X07→REF-0492；Y01→REF-0134；Y02→REF-0493；Y03→REF-0072；Y04→REF-0135；Y05→REF-0136；Y06→REF-0479；Y07→REF-0479
HC-0041,Cyclooctane,292-64-8,reported,9266.0,C8H16,WJTCGQSWYFHTAC-UHFFFAOYSA-N,C1CCCCCCC1,development,C8H16,pure single-component molecule,hydrocarbon (C/H only),False,False,non-aromatic,monocyclic alicyclic,False,112.216,2.0,0.0,1.0,0.0,2.83321334405622,3.9375,43.786,36.5,author-curated independent response; source audit pending,0.83147,11.85,148.85,29.96,0.7601,X01→REF-0488；X02/X05/X06→REF-0491；X03→REF-0490；X04→REF-0489；X07→REF-0492；Y01→REF-0137；Y02→REF-0493；Y03→REF-0138；Y04→REF-0139；Y05→REF-0140；Y06→REF-0481；Y07→REF-0482
HC-0042,Cyclopentane,287-92-3,reported,9253.0,C5H10,RGSFGYAAUTVSQA-UHFFFAOYSA-N,C1CCCC1,development,C5H10,pure single-component molecule,hydrocarbon (C/H only),False,False,non-aromatic,monocyclic alicyclic,False,70.135,2.0,0.0,1.0,0.0,2.39789527279837,1.44,43.789,33.2,author-curated independent response; source audit pending,0.7457,-93.95,49.25,-38.06,0.4927,X01→REF-0488；X02/X05/X06→REF-0491；X03→REF-0490；X04→REF-0489；X07→REF-0492；Y01→REF-0141；Y02→REF-0493；Y03→REF-0142；Y04→REF-0143；Y05→REF-0144；Y06→REF-0481；Y07→REF-0479
HC-0043,Decylcyclohexane,1795-16-0,reported,15713.0,C16H32,STWFZICHPLEOIC-UHFFFAOYSA-N,CCCCCCCCCCC1CCCCC1,development,C16H32,pure single-component molecule,hydrocarbon (C/H only),False,False,non-aromatic,monocyclic alicyclic,False,224.432,2.0,0.0,1.0,1.0,1.09861228866811,10.1730103806228,43.431,35.7,author-curated independent response; source audit pending,0.81855,-1.7,286.85,124.22,2.8787,X01→REF-0488；X02/X05/X06→REF-0491；X03→REF-0490；X04→REF-0489；X07→REF-0492；Y01→REF-0145；Y02→REF-0493；Y03→REF-0146；Y04→REF-0147；Y05→REF-0148；Y06→REF-0481；Y07→REF-0482
HC-0044,Dodecylcyclohexane,1795-17-1,reported,15714.0,C18H36,BLRBGKYYWDBAQQ-UHFFFAOYSA-N,CCCCCCCCCCCCC1CCCCC1,development,C18H36,pure single-component molecule,hydrocarbon (C/H only),False,False,non-aromatic,monocyclic alicyclic,False,252.486,2.0,0.0,1.0,1.0,1.09861228866811,12.0554016620499,43.443,35.87,author-curated independent response; source audit pending,0.82231,9.15,314.85,143.34,3.9212,X01→REF-0488；X02/X05/X06→REF-0491；X03→REF-0490；X04→REF-0489；X07→REF-0492；Y01→REF-0149；Y02→REF-0493；Y03→REF-0146；Y04→REF-0150；Y05→REF-0151；Y06→REF-0481；Y07→REF-0482
HC-0045,Ethylcyclohexane,1678-91-7,reported,15504.0,C8H16,IIEWJVIFRVWJOD-UHFFFAOYSA-N,CCC1CCCCC1,development,C8H16,pure single-component molecule,hydrocarbon (C/H only),False,False,non-aromatic,monocyclic alicyclic,False,112.216,2.0,0.0,1.0,1.0,1.09861228866811,3.11111111111111,43.397,34.38,author-curated independent response; source audit pending,0.78802,-112.15,131.85,18.35,0.8634,X01→REF-0488；X02/X05/X06→REF-0491；X03→REF-0490；X04→REF-0489；X07→REF-0492；Y01→REF-0152；Y02→REF-0493；Y03→REF-0127；Y04→REF-0153；Y05→REF-0154；Y06→REF-0481；Y07→REF-0479
HC-0046,Ethylcyclopentane,1640-89-7,reported,15431.0,C7H14,IFTRQJLVEBNKJK-UHFFFAOYSA-N,CCC1CCCC1,development,C7H14,pure single-component molecule,hydrocarbon (C/H only),False,False,non-aromatic,monocyclic alicyclic,False,98.189,2.0,0.0,1.0,1.0,1.09861228866811,2.34375,43.63,34.0,author-curated independent response; source audit pending,0.761,-138.65,103.45,16.0,0.6199,X01→REF-0488；X02/X05/X06→REF-0491；X03→REF-0490；X04→REF-0489；X07→REF-0492；Y01→REF-0155；Y02→REF-0493；Y03→REF-0004；Y04→REF-0156；Y05→REF-0157；Y06→REF-0479；Y07→REF-0479
HC-0047,Heptylcyclohexane,5617-41-4,reported,21832.0,C13H26,MSTLSCNJAHAQNU-UHFFFAOYSA-N,CCCCCCCC1CCCCC1,development,C13H26,pure single-component molecule,hydrocarbon (C/H only),False,False,non-aromatic,monocyclic alicyclic,False,182.351,2.0,0.0,1.0,1.0,1.09861228866811,7.40816326530612,43.359,35.37,author-curated independent response; source audit pending,0.81099,-41.15,236.85,90.07,1.7167,X01→REF-0488；X02/X05/X06→REF-0491；X03→REF-0490；X04→REF-0489；X07→REF-0492；Y01→REF-0158；Y02→REF-0493；Y03→REF-0146；Y04→REF-0159；Y05→REF-0160；Y06→REF-0481；Y07→REF-0482
HC-0049,Methylcyclohexane,108-87-2,reported,7962.0,C7H14,UAEPNZWRGJTJPN-UHFFFAOYSA-N,CC1CCCCC1,development,C7H14,pure single-component molecule,hydrocarbon (C/H only),False,False,non-aromatic,monocyclic alicyclic,False,98.189,2.0,0.0,1.0,1.0,1.09861228866811,2.34375,43.358,33.55,author-curated independent response; source audit pending,0.76935,-126.55,100.85,-4.0,0.766,X01→REF-0488；X02/X05/X06→REF-0491；X03→REF-0490；X04→REF-0489；X07→REF-0492；Y01→REF-0163；Y02→REF-0493；Y03→REF-0127；Y04→REF-0164；Y05→REF-0165；Y06→REF-0479；Y07→REF-0479
HC-0050,Methylcyclopentane,96-37-7,reported,7296.0,C6H12,GDOPTJXRTPNYNR-UHFFFAOYSA-N,CC1CCCC1,development,C6H12,pure single-component molecule,hydrocarbon (C/H only),False,False,non-aromatic,monocyclic alicyclic,False,84.162,2.0,0.0,1.0,1.0,1.09861228866811,1.63265306122449,43.659,33.4,author-curated independent response; source audit pending,0.74664,-142.15,71.85,-23.0,0.5646,X01→REF-0488；X02/X05/X06→REF-0491；X03→REF-0490；X04→REF-0489；X07→REF-0492；Y01→REF-0166；Y02→REF-0493；Y03→REF-0167；Y04→REF-0168；Y05→REF-0169；Y06→REF-0479；Y07→REF-0479
HC-0051,Octylcyclohexane,1795-15-9,reported,15712.0,C14H28,FBXWCEKQCVOOLT-UHFFFAOYSA-N,CCCCCCCCC1CCCCC1,development,C14H28,pure single-component molecule,hydrocarbon (C/H only),False,False,non-aromatic,monocyclic alicyclic,False,196.378,2.0,0.0,1.0,1.0,1.09861228866811,8.32,43.791,35.51,author-curated independent response; source audit pending,0.81414,-20.4,254.85,102.36,2.0577,X01→REF-0488；X02/X05/X06→REF-0491；X03→REF-0490；X04→REF-0489；X07→REF-0492；Y01→REF-0170；Y02→REF-0493；Y03→REF-0146；Y04→REF-0171；Y05→REF-0172；Y06→REF-0481；Y07→REF-0482
HC-0052,Propylcyclohexane,1678-92-8,reported,15505.0,C9H18,DEDZSLCZHWTGOR-UHFFFAOYSA-N,CCCC1CCCCC1,development,C9H18,pure single-component molecule,hydrocarbon (C/H only),False,False,non-aromatic,monocyclic alicyclic,False,126.243,2.0,0.0,1.0,1.0,1.09861228866811,3.92,43.414,34.62,author-curated independent response; source audit pending,0.79,-95.06,155.85,35.0,1.001,X01→REF-0488；X02/X05/X06→REF-0491；X03→REF-0490；X04→REF-0489；X07→REF-0492；Y01→REF-0173；Y02→REF-0493；Y03→REF-0072；Y04→REF-0174；Y05→REF-0175；Y06→REF-0479；Y07→REF-0479
HC-0054,"1,2,4-Trimethylbenzene",95-63-6,reported,7247.0,C9H12,GWHJZXXIDMPWGX-UHFFFAOYSA-N,Cc1ccc(C)c(C)c1,development,C9H12,pure single-component molecule,hydrocarbon (C/H only),False,False,aromatic,monocyclic aromatic,False,120.195,1.33333333333333,0.666666666666667,1.0,3.0,0.693147180559945,2.21887201680218,41.025,36.09,author-curated independent response; source audit pending,0.87578,-43.77,169.38,44.4,0.8547,X01→REF-0488；X02/X05/X06→REF-0491；X03→REF-0490；X04→REF-0489；X07→REF-0492；Y01→REF-0005；Y02→REF-0493；Y03→REF-0180；Y04→REF-0181；Y05→REF-0182；Y06→REF-0479；Y07→REF-0479
HC-0055,"1,4-Diethylbenzene",105-05-5,reported,7734.0,C10H14,DSNHSQKRULAAEI-UHFFFAOYSA-N,CCc1ccc(CC)cc1,development,C10H14,pure single-component molecule,hydrocarbon (C/H only),False,False,aromatic,monocyclic aromatic,False,134.222,1.4,0.6,1.0,2.0,1.6094379124341,3.40377229355524,41.388,36.95,author-curated independent response; source audit pending,0.862,-43.25,183.55,53.66,0.9768,X01→REF-0488；X02/X05/X06→REF-0491；X03→REF-0490；X04→REF-0489；X07→REF-0492；Y01→REF-0183；Y02→REF-0493；Y03→REF-0184；Y04→REF-0185；Y05→REF-0186；Y06→REF-0481；Y07→REF-0479
HC-0056,1-Ethyl-2-Methylbenzene,611-14-3,reported,11903.0,C9H12,HYFLWBNQFMXCPA-UHFFFAOYSA-N,CCc1ccccc1C,development,C9H12,pure single-component molecule,hydrocarbon (C/H only),False,False,aromatic,monocyclic aromatic,False,120.195,1.33333333333333,0.666666666666667,1.0,2.0,0.693147180559945,2.67433726126968,41.151,36.42,author-curated independent response; source audit pending,0.88066,-83.15,165.15,41.1,0.8354,X01→REF-0488；X02/X05/X06→REF-0491；X03→REF-0490；X04→REF-0489；X07→REF-0492；Y01→REF-0187；Y02→REF-0493；Y03→REF-0180；Y04→REF-0188；Y05→REF-0189；Y06→REF-0481；Y07→REF-0479
HC-0057,1-Ethyl-4-Methylbenzene,622-96-8,reported,12160.0,C9H12,JRLPEMVDPFPYPJ-UHFFFAOYSA-N,CCc1ccc(C)cc1,development,C9H12,pure single-component molecule,hydrocarbon (C/H only),False,False,aromatic,monocyclic aromatic,False,120.195,1.33333333333333,0.666666666666667,1.0,2.0,1.09861228866811,2.67433726126968,41.123,35.62,author-curated independent response; source audit pending,0.86107,-63.15,161.95,38.91,0.6717,X01→REF-0488；X02/X05/X06→REF-0491；X03→REF-0490；X04→REF-0489；X07→REF-0492；Y01→REF-0190；Y02→REF-0493；Y03→REF-0191；Y04→REF-0192；Y05→REF-0193；Y06→REF-0481；Y07→REF-0479
HC-0058,Benzene,71-43-2,reported,241.0,C6H6,UHOVQNZJYSORNB-UHFFFAOYSA-N,c1ccccc1,development,C6H6,pure single-component molecule,hydrocarbon (C/H only),False,False,aromatic,monocyclic aromatic,False,78.114,1.0,1.0,1.0,0.0,2.56494935746154,1.60576943967352,40.142,35.5,author-curated independent response; source audit pending,0.877,5.49,80.15,-11.0,0.5959,X01→REF-0488；X02/X05/X06→REF-0491；X03→REF-0490；X04→REF-0489；X07→REF-0492；Y01→REF-0194；Y02→REF-0493；Y03→REF-0072；Y04→REF-0195；Y05→REF-0196；Y06→REF-0479；Y07→REF-0479
HC-0059,Butylbenzene,104-51-8,reported,7705.0,C10H14,OCKPCBLVNKHBMX-UHFFFAOYSA-N,CCCCc1ccccc1,development,C10H14,pure single-component molecule,hydrocarbon (C/H only),False,False,aromatic,monocyclic aromatic,False,134.222,1.4,0.6,1.0,1.0,1.09861228866811,4.10246062170412,41.462,35.83,author-curated independent response; source audit pending,0.86017,-88.05,182.85,71.0,0.9433,X01→REF-0488；X02/X05/X06→REF-0491；X03→REF-0490；X04→REF-0489；X07→REF-0492；Y01→REF-0197；Y02→REF-0493；Y03→REF-0198；Y04→REF-0199；Y05→REF-0200；Y06→REF-0479；Y07→REF-0479
HC-0060,Cumene,98-82-8,reported,7406.0,C9H12,RWGFKTVRMDUZSP-UHFFFAOYSA-N,CC(C)c1ccccc1,development,C9H12,pure single-component molecule,hydrocarbon (C/H only),False,False,aromatic,monocyclic aromatic,False,120.195,1.33333333333333,0.666666666666667,1.0,2.0,1.6094379124341,2.67433726126968,41.195,35.69,author-curated independent response; source audit pending,0.86412,-96.15,151.85,39.0,0.7376,X01→REF-0488；X02/X05/X06→REF-0491；X03→REF-0490；X04→REF-0489；X07→REF-0492；Y01→REF-0201；Y02→REF-0493；Y03→REF-0202；Y04→REF-0203；Y05→REF-0204；Y06→REF-0479；Y07→REF-0479
HC-0061,Cyclohexylbenzene,827-52-1,reported,13229.0,C12H16,IGARGHRYKHJQSM-UHFFFAOYSA-N,c1ccc(C2CCCCC2)cc1,development,C12H16,pure single-component molecule,hydrocarbon (C/H only),False,False,aromatic,polycyclic aromatic,True,160.26,1.33333333333333,0.5,2.0,2.0,1.6094379124341,3.75045045853975,41.045,41.0,author-curated independent response; source audit pending,0.94,7.15,239.55,91.91,1.3777,X01→REF-0488；X02/X05/X06→REF-0491；X03→REF-0490；X04→REF-0489；X07→REF-0492；Y01→REF-0205；Y02→REF-0493；Y03→REF-0072；Y04→REF-0206；Y05→REF-0207；Y06→REF-0481；Y07→REF-0479
HC-0062,Decylbenzene,104-72-3,reported,7716.0,C16H26,UZILCZKGXMQEQR-UHFFFAOYSA-N,CCCCCCCCCCc1ccccc1,development,C16H26,pure single-component molecule,hydrocarbon (C/H only),False,False,aromatic,monocyclic aromatic,False,218.384,1.625,0.375,1.0,1.0,1.09861228866811,9.44627983597909,42.224,36.28,author-curated independent response; source audit pending,0.8558,-14.41,293.05,128.45,3.0894,X01→REF-0488；X02/X05/X06→REF-0491；X03→REF-0490；X04→REF-0489；X07→REF-0492；Y01→REF-0208；Y02→REF-0493；Y03→REF-0209；Y04→REF-0210；Y05→REF-0211；Y06→REF-0481；Y07→REF-0479
HC-0063,Ethylbenzene,100-41-4,reported,7500.0,C8H10,YNQLUTRBYVCPMQ-UHFFFAOYSA-N,CCc1ccccc1,development,C8H10,pure single-component molecule,hydrocarbon (C/H only),False,False,aromatic,monocyclic aromatic,True,106.168,1.25,0.75,1.0,1.0,1.09861228866811,2.50834780755501,40.924,35.66,author-curated independent response; source audit pending,0.9012,-94.15,136.15,12.8,0.6537,X01→REF-0488；X02/X05/X06→REF-0491；X03→REF-0490；X04→REF-0489；X07→REF-0492；Y01→REF-0212；Y02→REF-0493；Y03→REF-0213；Y04→REF-0214；Y05→REF-0215；Y06→REF-0479；Y07→REF-0479
HC-0064,Indane,496-11-7,reported,10326.0,C9H10,PQNFLJBBNBOBRQ-UHFFFAOYSA-N,c1ccc2c(c1)CCC2,development,C9H10,pure single-component molecule,hydrocarbon (C/H only),False,False,aromatic,polycyclic aromatic,True,118.179,1.11111111111111,0.666666666666667,2.0,2.0,1.09861228866811,1.87057684941378,40.299,38.89,author-curated independent response; source audit pending,0.963,-51.69,176.85,49.09,0.9732,X01→REF-0488；X02/X05/X06→REF-0491；X03→REF-0490；X04→REF-0489；X07→REF-0492；Y01→REF-0216；Y02→REF-0493；Y03→REF-0217；Y04→REF-0218；Y05→REF-0219；Y06→REF-0481；Y07→REF-0482
HC-0065,Indene,95-13-6,reported,7219.0,C9H8,YBYIRNPNPLQARY-UHFFFAOYSA-N,C1=Cc2ccccc2C1,development,C9H8,pure single-component molecule,hydrocarbon (C/H only),False,False,aromatic,polycyclic aromatic,True,116.163,0.888888888888889,0.666666666666667,2.0,2.0,0.693147180559945,1.72838066688292,39.768,39.76,author-curated independent response; source audit pending,0.9968,-1.75,180.85,51.82,1.3577,X01→REF-0488；X02/X05/X06→REF-0491；X03→REF-0490；X04→REF-0489；X07→REF-0492；Y01→REF-0220；Y02→REF-0493；Y03→REF-0221；Y04→REF-0222；Y05→REF-0223；Y06→REF-0481；Y07→REF-0479
HC-0066,M-Cymene,535-77-3,reported,10812.0,C10H14,XCYJPXQACVEIOS-UHFFFAOYSA-N,Cc1cccc(C(C)C)c1,development,C10H14,pure single-component molecule,hydrocarbon (C/H only),False,False,aromatic,monocyclic aromatic,False,134.222,1.4,0.6,1.0,3.0,1.09861228866811,2.86948395616641,41.344,35.76,author-curated independent response; source audit pending,0.861,-63.77,174.85,47.72,0.8063,X01→REF-0488；X02/X05/X06→REF-0491；X03→REF-0490；X04→REF-0489；X07→REF-0492；Y01→REF-0224；Y02→REF-0493；Y03→REF-0225；Y04→REF-0226；Y05→REF-0227；Y06→REF-0481；Y07→REF-0479
HC-0067,M-Xylene,108-38-3,reported,7929.0,C8H10,IVSZLXZYQVIEFR-UHFFFAOYSA-N,Cc1cccc(C)c1,development,C8H10,pure single-component molecule,hydrocarbon (C/H only),False,False,aromatic,monocyclic aromatic,False,106.168,1.25,0.75,1.0,2.0,1.09861228866811,1.99374471228726,40.803,35.43,author-curated independent response; source audit pending,0.85978,-48.15,139.15,23.34,0.5934,X01→REF-0488；X02/X05/X06→REF-0491；X03→REF-0490；X04→REF-0489；X07→REF-0492；Y01→REF-0228；Y02→REF-0493；Y03→REF-0229；Y04→REF-0230；Y05→REF-0231；Y06→REF-0481；Y07→REF-0479
HC-0068,Mesitylene,108-67-8,reported,7947.0,C9H12,AUHZEENZYGFFBQ-UHFFFAOYSA-N,Cc1cc(C)cc(C)c1,development,C9H12,pure single-component molecule,hydrocarbon (C/H only),False,False,aromatic,monocyclic aromatic,False,120.195,1.33333333333333,0.666666666666667,1.0,3.0,1.94591014905531,2.21887201680218,41.01,34.9,author-curated independent response; source audit pending,0.86103,-48.15,164.65,50.0,0.8449,X01→REF-0488；X02/X05/X06→REF-0491；X03→REF-0490；X04→REF-0489；X07→REF-0492；Y01→REF-0232；Y02→REF-0493；Y03→REF-0233；Y04→REF-0234；Y05→REF-0235；Y06→REF-0479；Y07→REF-0479
HC-0069,O-Xylene,95-47-6,reported,7237.0,C8H10,CTQNGGLPUBDAKN-UHFFFAOYSA-N,Cc1ccccc1C,development,C8H10,pure single-component molecule,hydrocarbon (C/H only),False,False,aromatic,monocyclic aromatic,False,106.168,1.25,0.75,1.0,2.0,1.09861228866811,1.99374471228726,40.812,36.07,author-curated independent response; source audit pending,0.8759,-25.15,143.85,32.0,0.7415,X01→REF-0488；X02/X05/X06→REF-0491；X03→REF-0490；X04→REF-0489；X07→REF-0492；Y01→REF-0236；Y02→REF-0493；Y03→REF-0237；Y04→REF-0238；Y05→REF-0239；Y06→REF-0479；Y07→REF-0479
HC-0070,P-Cymene,99-87-6,reported,7463.0,C10H14,HFPZCAJZSCWRBC-UHFFFAOYSA-N,Cc1ccc(C(C)C)cc1,development,C10H14,pure single-component molecule,hydrocarbon (C/H only),False,False,aromatic,monocyclic aromatic,False,134.222,1.4,0.6,1.0,3.0,1.6094379124341,2.86948395616641,41.35,34.8,author-curated independent response; source audit pending,0.8532,-69.15,176.85,47.0,0.9732,X01→REF-0488；X02/X05/X06→REF-0491；X03→REF-0490；X04→REF-0489；X07→REF-0492；Y01→REF-0240；Y02→REF-0493；Y03→REF-0241；Y04→REF-0242；Y05→REF-0243；Y06→REF-0479；Y07→REF-0482
HC-0071,P-Xylene,106-42-3,reported,7809.0,C8H10,URLKBWYHVLBVBO-UHFFFAOYSA-N,Cc1ccc(C)cc1,development,C8H10,pure single-component molecule,hydrocarbon (C/H only),False,False,aromatic,monocyclic aromatic,False,106.168,1.25,0.75,1.0,2.0,1.6094379124341,1.99374471228726,40.812,34.7,author-curated independent response; source audit pending,0.85668,13.15,138.25,22.72,0.6152,X01→REF-0488；X02/X05/X06→REF-0491；X03→REF-0490；X04→REF-0489；X07→REF-0492；Y01→REF-0244；Y02→REF-0493；Y03→REF-0245；Y04→REF-0246；Y05→REF-0247；Y06→REF-0481；Y07→REF-0479
HC-0072,Propylbenzene,103-65-1,reported,7668.0,C9H12,ODLMAHJVESYWTB-UHFFFAOYSA-N,CCCc1ccccc1,development,C9H12,pure single-component molecule,hydrocarbon (C/H only),False,False,aromatic,monocyclic aromatic,False,120.195,1.33333333333333,0.666666666666667,1.0,1.0,1.09861228866811,3.28591348619666,41.219,35.71,author-curated independent response; source audit pending,0.86272,-100.15,158.85,47.0,0.7966,X01→REF-0488；X02/X05/X06→REF-0491；X03→REF-0490；X04→REF-0489；X07→REF-0492；Y01→REF-0248；Y02→REF-0493；Y03→REF-0249；Y04→REF-0250；Y05→REF-0251；Y06→REF-0479；Y07→REF-0479
HC-0073,Sec-Butylbenzene,135-98-8,reported,8680.0,C10H14,ZJMWRROPUADPEA-UHFFFAOYSA-N,CCC(C)c1ccccc1,development,C10H14,pure single-component molecule,hydrocarbon (C/H only),False,False,aromatic,monocyclic aromatic,False,134.222,1.4,0.6,1.0,2.0,1.09861228866811,3.40377229355524,41.439,35.89,author-curated independent response; source audit pending,0.86195,-75.3,172.85,46.36,0.9502,X01→REF-0488；X02/X05/X06→REF-0491；X03→REF-0490；X04→REF-0489；X07→REF-0492；Y01→REF-0252；Y02→REF-0493；Y03→REF-0249；Y04→REF-0253；Y05→REF-0254；Y06→REF-0481；Y07→REF-0479
HC-0074,Tetralin,119-64-2,reported,8404.0,C10H12,CXWXQJXEFPUFDZ-UHFFFAOYSA-N,c1ccc2c(c1)CCCC2,development,C10H12,pure single-component molecule,hydrocarbon (C/H only),False,False,aromatic,polycyclic aromatic,True,132.206,1.2,0.6,2.0,2.0,1.09861228866811,2.45179018632659,40.525,39.43,author-curated independent response; source audit pending,0.9688,-35.85,206.85,69.58,1.6628,X01→REF-0488；X02/X05/X06→REF-0491；X03→REF-0490；X04→REF-0489；X07→REF-0492；Y01→REF-0255；Y02→REF-0493；Y03→REF-0014；Y04→REF-0256；Y05→REF-0257；Y06→REF-0481；Y07→REF-0479
HC-0075,Toluene,108-88-3,reported,1140.0,C7H8,YXFVVABEGXRONW-UHFFFAOYSA-N,Cc1ccccc1,development,C7H8,pure single-component molecule,hydrocarbon (C/H only),False,False,aromatic,monocyclic aromatic,False,92.141,1.14285714285714,0.857142857142857,1.0,1.0,1.09861228866811,1.78328603985543,40.525,35.32,author-curated independent response; source audit pending,0.86682,-95.05,110.65,4.0,0.5605,X01→REF-0488；X02/X05/X06→REF-0491；X03→REF-0490；X04→REF-0489；X07→REF-0492；Y01→REF-0258；Y02→REF-0493；Y03→REF-0014；Y04→REF-0259；Y05→REF-0260；Y06→REF-0479；Y07→REF-0479
HC-0076,1-Methylnaphthalene,90-12-0,reported,7002.0,C11H10,QPUYECUOLPXSFR-UHFFFAOYSA-N,Cc1cccc2ccccc12,development,C11H10,pure single-component molecule,hydrocarbon (C/H only),False,False,aromatic,polycyclic aromatic,True,142.201,0.909090909090909,0.909090909090909,2.0,3.0,0.693147180559945,2.38707482993197,39.339,40.29,author-curated independent response; source audit pending,1.02,-29.15,241.85,93.48,2.1179,X01→REF-0488；X02/X05/X06→REF-0491；X03→REF-0490；X04→REF-0489；X07→REF-0492；Y01→REF-0261；Y02→REF-0493；Y03→REF-0262；Y04→REF-0263；Y05→REF-0264；Y06→REF-0481；Y07→REF-0479
HC-0077,Diphenylmethane,101-81-5,reported,7580.0,C13H12,CZZYITDELCSZES-UHFFFAOYSA-N,c1ccc(Cc2ccccc2)cc1,development,C13H12,pure single-component molecule,hydrocarbon (C/H only),False,False,aromatic,polycyclic aromatic,True,168.239,0.923076923076923,0.923076923076923,2.0,2.0,2.19722457733622,3.90256275336251,39.61,39.7,author-curated independent response; source audit pending,1.008,25.85,261.85,107.14,2.235,X01→REF-0488；X02/X05/X06→REF-0491；X03→REF-0490；X04→REF-0489；X07→REF-0492；Y01→REF-0265；Y02→REF-0493；Y03→REF-0266；Y04→REF-0267；Y05→REF-0268；Y06→REF-0481；Y07→REF-0479
HC-0078,(9Z)-9-Octadecene,1779-13-1,reported,5352245.0,C18H36,HSNQNPCNYIJJHT-ZCXUNETKSA-N,CCCCCCCCC=CCCCCCCCC,development,C18H36,pure single-component molecule,hydrocarbon (C/H only),False,False,non-aromatic,acyclic alkene,False,252.486,2.0,0.0,0.0,0.0,1.09861228866811,16.74,43.423,,not available,0.782,-1.0,310.0,140.03,3.7129,X01→REF-0488；X02/X05/X06→REF-0491；X03→REF-0490；X04→REF-0489；X07→REF-0492；Y01→REF-0001；Y02→not available；Y03→REF-0004；Y04→REF-0004；Y05→REF-0004；Y06→REF-0481；Y07→REF-0482
HC-0079,1-Decene,,not available or not unambiguously resolved,13381.0,C10H20,AFFLGGQVNFXPEV-UHFFFAOYSA-N,C=CCCCCCCCC,development,C10H20,pure single-component molecule,hydrocarbon (C/H only),False,False,non-aromatic,acyclic alkene,False,140.27,2.0,0.0,0.0,0.0,0.693147180559945,8.74,43.423,,not available,0.741,-66.3,170.56,44.79,0.8852,X01→REF-0488；X02/X05/X06→REF-0491；X03→REF-0490；X04→REF-0489；X07→REF-0492；Y01→REF-0001；Y02→not available；Y03→REF-0091；Y04→REF-0269；Y05→REF-0269；Y06→REF-0481；Y07→REF-0479
HC-0080,1-Heptene,,not available or not unambiguously resolved,11610.0,C7H14,ZGEGCLOFRBLKSE-UHFFFAOYSA-N,C=CCCCCC,development,C7H14,pure single-component molecule,hydrocarbon (C/H only),False,False,non-aromatic,acyclic alkene,False,98.189,2.0,0.0,0.0,0.0,0.693147180559945,5.74,43.423,,not available,0.697,-119.7,93.6,-7.77,0.4318,X01→REF-0488；X02/X05/X06→REF-0491；X03→REF-0490；X04→REF-0489；X07→REF-0492；Y01→REF-0001；Y02→not available；Y03→REF-0270；Y04→REF-0271；Y05→REF-0272；Y06→REF-0481；Y07→REF-0479
HC-0081,1-Hexene,592-41-6,reported,11597.0,C6H12,LIKMAJRDDDTEIG-UHFFFAOYSA-N,C=CCCCC,development,C6H12,pure single-component molecule,hydrocarbon (C/H only),False,False,non-aromatic,acyclic alkene,False,84.162,2.0,0.0,0.0,0.0,0.693147180559945,4.74,43.423,,not available,0.67323,-139.7,63.4,-26.0,0.3423,X01→REF-0488；X02/X05/X06→REF-0491；X03→REF-0490；X04→REF-0489；X07→REF-0492；Y01→REF-0001；Y02→not available；Y03→REF-0062；Y04→REF-0273；Y05→REF-0273；Y06→REF-0479；Y07→REF-0479
HC-0082,1-Nonene,124-11-8,reported,31285.0,C9H18,JRZJOMJEPLMPRA-UHFFFAOYSA-N,C=CCCCCCCC,development,C9H18,pure single-component molecule,hydrocarbon (C/H only),False,False,non-aromatic,acyclic alkene,False,126.243,2.0,0.0,0.0,0.0,0.693147180559945,7.74,43.423,,not available,0.7433,-81.3,146.9,24.0,0.7009,X01→REF-0488；X02/X05/X06→REF-0491；X03→REF-0490；X04→REF-0489；X07→REF-0492；Y01→REF-0001；Y02→not available；Y03→REF-0274；Y04→REF-0275；Y05→REF-0274；Y06→REF-0479；Y07→REF-0479
HC-0083,"2,4,7-trimethyloctane",,not available or not unambiguously resolved,,C11H24,DUHKHXHIPOGMOW-UHFFFAOYSA-N,CC(C)CCC(C)CC(C)C,development,C11H24,pure single-component molecule,hydrocarbon (C/H only),False,False,non-aromatic,branched alkane,False,156.313,2.18181818181818,0.0,0.0,3.0,1.6094379124341,5.625,44.0001791277757,,not available,0.750278391091485,-104.42,176.81,49.06123,0.972881562462343,X01→REF-0488；X02/X05/X06→REF-0491；X03→REF-0490；X04→REF-0489；X07→REF-0492；Y01→REF-0001；Y02→not available；Y03→REF-0001；Y04→REF-0002；Y05→REF-0002；Y06→REF-0481；Y07→REF-0482
HC-0084,1-Undecene,,not available or not unambiguously resolved,13190.0,C11H22,DCTOHCCUXLBQMS-UHFFFAOYSA-N,C=CCCCCCCCCC,development,C11H22,pure single-component molecule,hydrocarbon (C/H only),False,False,non-aromatic,acyclic alkene,False,154.297,2.0,0.0,0.0,0.0,0.693147180559945,9.74,43.423,,not available,0.7503,-49.2,192.7,59.91,1.0796,X01→REF-0488；X02/X05/X06→REF-0491；X03→REF-0490；X04→REF-0489；X07→REF-0492；Y01→REF-0001；Y02→not available；Y03→REF-0278；Y04→REF-0278；Y05→REF-0278；Y06→REF-0481；Y07→REF-0479
HC-0085,"2,4-Dimethyl-1-heptene",19549-87-2,reported,123385.0,C9H18,CZGAOHSMVSIJJZ-UHFFFAOYSA-N,C=C(C)CC(C)CCC,development,C9H18,pure single-component molecule,hydrocarbon (C/H only),False,False,non-aromatic,acyclic alkene,False,126.243,2.0,0.0,0.0,2.0,0.693147180559945,4.60296728788442,43.423,,not available,0.732,-77.8,121.0,10.94,0.6005,X01→REF-0488；X02/X05/X06→REF-0491；X03→REF-0490；X04→REF-0489；X07→REF-0492；Y01→REF-0001；Y02→not available；Y03→REF-0004；Y04→REF-0004；Y05→REF-0004；Y06→REF-0481；Y07→REF-0482
HC-0086,"2,4-Dimethylpent-2-ene",625-65-0,reported,12260.0,C7H14,VVCFYASOGFVJFN-UHFFFAOYSA-N,CC(C)=CC(C)C,development,C7H14,pure single-component molecule,hydrocarbon (C/H only),False,False,non-aromatic,acyclic alkene,False,98.189,2.0,0.0,0.0,2.0,1.6094379124341,2.83889142283546,43.423,,not available,0.7123,-127.7,83.4,-14.74,0.4435,X01→REF-0488；X02/X05/X06→REF-0491；X03→REF-0490；X04→REF-0489；X07→REF-0492；Y01→REF-0001；Y02→not available；Y03→REF-0004；Y04→REF-0004；Y05→REF-0004；Y06→REF-0481；Y07→REF-0482
HC-0087,"2-Heptene, (2E)-",14686-13-6,reported,639662.0,C7H14,OTTZHAVKAVGASB-HWKANZROSA-N,CC=CCCCC,development,C7H14,pure single-component molecule,hydrocarbon (C/H only),False,False,non-aromatic,acyclic alkene,False,98.189,2.0,0.0,0.0,0.0,0.693147180559945,5.74,43.423,,not available,0.713,-109.5,98.0,-4.77,0.4979,X01→REF-0488；X02/X05/X06→REF-0491；X03→REF-0490；X04→REF-0489；X07→REF-0492；Y01→REF-0001；Y02→not available；Y03→REF-0004；Y04→REF-0004；Y05→REF-0004；Y06→REF-0481；Y07→REF-0482
HC-0088,"2-Heptene, (2Z)-",6443-92-1,reported,643836.0,C7H14,OTTZHAVKAVGASB-HYXAFXHYSA-N,CC=CCCCC,development,C7H14,pure single-component molecule,hydrocarbon (C/H only),False,False,non-aromatic,acyclic alkene,False,98.189,2.0,0.0,0.0,0.0,0.693147180559945,5.74,43.423,,not available,0.705,-81.4,98.4,-4.49,0.4995,X01→REF-0488；X02/X05/X06→REF-0491；X03→REF-0490；X04→REF-0489；X07→REF-0492；Y01→REF-0001；Y02→not available；Y03→REF-0004；Y04→REF-0004；Y05→REF-0004；Y06→REF-0481；Y07→REF-0482
HC-0089,"3-Heptene, (3Z)-",7642-10-6,reported,5357258.0,C7H14,WZHKDGJSXCTSCK-ALCCZGGFSA-N,CCC=CCCC,development,C7H14,pure single-component molecule,hydrocarbon (C/H only),False,False,non-aromatic,acyclic alkene,False,98.189,2.0,0.0,0.0,0.0,0.693147180559945,5.74,43.423,,not available,0.713,-136.6,95.8,-6.27,0.4486,X01→REF-0488；X02/X05/X06→REF-0491；X03→REF-0490；X04→REF-0489；X07→REF-0492；Y01→REF-0001；Y02→not available；Y03→REF-0004；Y04→REF-0004；Y05→REF-0004；Y06→REF-0481；Y07→REF-0479
HC-0090,"3-Undecene, (3E)-",1002-68-2,reported,5362751.0,C11H22,SDTYFWAQLSIEBH-FNORWQNLSA-N,CCC=CCCCCCCC,development,C11H22,pure single-component molecule,hydrocarbon (C/H only),False,False,non-aromatic,acyclic alkene,False,154.297,2.0,0.0,0.0,0.0,0.693147180559945,9.74,43.423,,not available,0.7516,-62.1,193.5,60.46,1.1331,X01→REF-0488；X02/X05/X06→REF-0491；X03→REF-0490；X04→REF-0489；X07→REF-0492；Y01→REF-0001；Y02→not available；Y03→REF-0004；Y04→REF-0004；Y05→REF-0004；Y06→REF-0481；Y07→REF-0482
HC-0091,4-Nonene,2198-23-4,reported,94226.0,C9H18,KPADFPAILITQBG-UHFFFAOYSA-N,CCCC=CCCCC,development,C9H18,pure single-component molecule,hydrocarbon (C/H only),False,False,non-aromatic,acyclic alkene,False,126.243,2.0,0.0,0.0,0.0,0.693147180559945,7.74,43.423,,not available,0.732,-56.7,145.0,27.34,0.7353,X01→REF-0488；X02/X05/X06→REF-0491；X03→REF-0490；X04→REF-0489；X07→REF-0492；Y01→REF-0001；Y02→not available；Y03→REF-0004；Y04→REF-0004；Y05→REF-0004；Y06→REF-0481；Y07→REF-0482
HC-0092,"4-Octene, (4E)-",14850-23-8,reported,5357253.0,C8H16,IRUCBBFNLDIMIK-BQYQJAHWSA-N,CCCC=CCCC,development,C8H16,pure single-component molecule,hydrocarbon (C/H only),False,False,non-aromatic,acyclic alkene,False,112.216,2.0,0.0,0.0,0.0,1.09861228866811,6.74,43.423,,not available,0.7165,-93.8,122.3,21.0,0.5613,X01→REF-0488；X02/X05/X06→REF-0491；X03→REF-0490；X04→REF-0489；X07→REF-0492；Y01→REF-0001；Y02→not available；Y03→REF-0004；Y04→REF-0004；Y05→REF-0004；Y06→REF-0479；Y07→REF-0479
HC-0093,"4-Octene, (4Z)-",7642-15-1,reported,5364446.0,C8H16,IRUCBBFNLDIMIK-FPLPWBNLSA-N,CCCC=CCCC,development,C8H16,pure single-component molecule,hydrocarbon (C/H only),False,False,non-aromatic,acyclic alkene,False,112.216,2.0,0.0,0.0,0.0,1.09861228866811,6.74,43.423,,not available,0.7186,-118.7,122.5,11.97,0.608,X01→REF-0488；X02/X05/X06→REF-0491；X03→REF-0490；X04→REF-0489；X07→REF-0492；Y01→REF-0001；Y02→not available；Y03→REF-0004；Y04→REF-0004；Y05→REF-0004；Y06→REF-0481；Y07→REF-0482
HC-0094,"5-Undecene, (5E)-",764-97-6,reported,5364447.0,C11H22,NGCRXXLKJAAUQQ-PKNBQFBNSA-N,CCCCC=CCCCCC,development,C11H22,pure single-component molecule,hydrocarbon (C/H only),False,False,non-aromatic,acyclic alkene,False,154.297,2.0,0.0,0.0,0.0,0.693147180559945,9.74,43.423,,not available,0.757,-61.1,192.0,59.44,1.1175,X01→REF-0488；X02/X05/X06→REF-0491；X03→REF-0490；X04→REF-0489；X07→REF-0492；Y01→REF-0001；Y02→not available；Y03→REF-0004；Y04→REF-0004；Y05→REF-0004；Y06→REF-0481；Y07→REF-0482
HC-0095,"5-Undecene, (5Z)-",764-96-5,reported,5364488.0,C11H22,NGCRXXLKJAAUQQ-LUAWRHEFSA-N,CCCCC=CCCCCC,development,C11H22,pure single-component molecule,hydrocarbon (C/H only),False,False,non-aromatic,acyclic alkene,False,154.297,2.0,0.0,0.0,0.0,0.693147180559945,9.74,43.423,,not available,0.7537,-106.5,192.3,59.64,1.1206,X01→REF-0488；X02/X05/X06→REF-0491；X03→REF-0490；X04→REF-0489；X07→REF-0492；Y01→REF-0001；Y02→not available；Y03→REF-0004；Y04→REF-0004；Y05→REF-0004；Y06→REF-0481；Y07→REF-0482
HC-0096,"2,6-dimethyldecane",,not available or not unambiguously resolved,,C12H26,DHJGXZWEQBKLNV-UHFFFAOYSA-N,CCCCC(C)CCCC(C)C,development,C12H26,pure single-component molecule,hydrocarbon (C/H only),False,False,non-aromatic,branched alkane,False,170.34,2.16666666666667,0.0,0.0,2.0,1.09861228866811,7.63888888888889,43.952682869555,,not available,0.757234941098022,-78.15,200.13,64.98879,1.2052516959872,X01→REF-0488；X02/X05/X06→REF-0491；X03→REF-0490；X04→REF-0489；X07→REF-0492；Y01→REF-0001；Y02→not available；Y03→REF-0001；Y04→REF-0002；Y05→REF-0002；Y06→REF-0481；Y07→REF-0482
HC-0097,"2,6-dimethylnonane",,not available or not unambiguously resolved,,C11H24,MGNGOEWESNDQAN-UHFFFAOYSA-N,CCCC(C)CCCC(C)C,development,C11H24,pure single-component molecule,hydrocarbon (C/H only),False,False,non-aromatic,branched alkane,False,156.313,2.18181818181818,0.0,0.0,2.0,1.09861228866811,6.69421487603306,44.0001791277757,,not available,0.750278391091485,-89.42,177.25,49.36175,0.976751136527137,X01→REF-0488；X02/X05/X06→REF-0491；X03→REF-0490；X04→REF-0489；X07→REF-0492；Y01→REF-0001；Y02→not available；Y03→REF-0001；Y04→REF-0002；Y05→REF-0002；Y06→REF-0481；Y07→REF-0482
HC-0098,trans-3-Heptene,14686-14-7,reported,5357259.0,C7H14,WZHKDGJSXCTSCK-FNORWQNLSA-N,CCC=CCCC,development,C7H14,pure single-component molecule,hydrocarbon (C/H only),False,False,non-aromatic,acyclic alkene,False,98.189,2.0,0.0,0.0,0.0,0.693147180559945,5.74,43.423,,not available,0.713,-136.6,95.7,-6.34,0.4888,X01→REF-0488；X02/X05/X06→REF-0491；X03→REF-0490；X04→REF-0489；X07→REF-0492；Y01→REF-0001；Y02→not available；Y03→REF-0004；Y04→REF-0004；Y05→REF-0004；Y06→REF-0481；Y07→REF-0482
HC-0099,trans-3-Hexene,13269-52-8,reported,638066.0,C6H12,ZQDPJFUHLCOCRG-AATRIKPKSA-N,CCC=CCC,development,C6H12,pure single-component molecule,hydrocarbon (C/H only),False,False,non-aromatic,acyclic alkene,False,84.162,2.0,0.0,0.0,0.0,1.09861228866811,4.74,43.423,,not available,0.6779,-115.4,67.1,-25.87,0.3908,X01→REF-0488；X02/X05/X06→REF-0491；X03→REF-0490；X04→REF-0489；X07→REF-0492；Y01→REF-0001；Y02→not available；Y03→REF-0004；Y04→REF-0004；Y05→REF-0004；Y06→REF-0481；Y07→REF-0482
HC-0100,"beta-Ocimene, (3E)-",3779-61-1,reported,5281553.0,C10H16,IHPKGUQCSIINRJ-CSKARUKUSA-N,C=CC(C)=CCC=C(C)C,development,C10H16,pure single-component molecule,hydrocarbon (C/H only),False,False,non-aromatic,acyclic polyene/diene,False,136.238,1.6,0.0,0.0,2.0,1.09861228866811,5.04062478531533,42.1,,not available,0.776,-64.1,175.2,38.0,0.9589,X01→REF-0488；X02/X05/X06→REF-0491；X03→REF-0490；X04→REF-0489；X07→REF-0492；Y01→REF-0001；Y02→not available；Y03→REF-0004；Y04→REF-0004；Y05→REF-0004；Y06→REF-0479；Y07→REF-0482
HC-0101,"beta-Ocimene, (3Z)-",3338-55-4,reported,5320250.0,C10H16,IHPKGUQCSIINRJ-NTMALXAHSA-N,C=CC(C)=CCC=C(C)C,development,C10H16,pure single-component molecule,hydrocarbon (C/H only),False,False,non-aromatic,acyclic polyene/diene,False,136.238,1.6,0.0,0.0,2.0,1.09861228866811,5.04062478531533,42.1,,not available,0.776,-110.53,175.2,47.96,0.9589,X01→REF-0488；X02/X05/X06→REF-0491；X03→REF-0490；X04→REF-0489；X07→REF-0492；Y01→REF-0001；Y02→not available；Y03→REF-0004；Y04→REF-0002；Y05→REF-0004；Y06→REF-0481；Y07→REF-0482
HC-0102,Farnesene,502-61-4,reported,5281516.0,C15H24,CXENHBSYCFFKJS-VDQVFBMKSA-N,C=CC(C)=CCC=C(C)CCC=C(C)C,development,C15H24,pure single-component molecule,hydrocarbon (C/H only),False,False,non-aromatic,acyclic polyene/diene,False,204.357,1.6,0.0,0.0,3.0,1.09861228866811,8.28331493608625,42.1,,not available,0.877,-17.2,279.6,119.27,2.6636,X01→REF-0488；X02/X05/X06→REF-0491；X03→REF-0490；X04→REF-0489；X07→REF-0492；Y01→REF-0001；Y02→not available；Y03→REF-0004；Y04→REF-0004；Y05→REF-0004；Y06→REF-0481；Y07→REF-0482
HC-0104,Myrcene,123-35-3,reported,31253.0,C10H16,UAHWPYUMFXYFJY-UHFFFAOYSA-N,C=CC(=C)CCC=C(C)C,development,C10H16,pure single-component molecule,hydrocarbon (C/H only),False,False,non-aromatic,acyclic polyene/diene,False,136.238,1.6,0.0,0.0,2.0,1.09861228866811,5.04062478531533,42.1,,not available,0.794,-64.83,167.0,44.0,0.8911,X01→REF-0488；X02/X05/X06→REF-0491；X03→REF-0490；X04→REF-0489；X07→REF-0492；Y01→REF-0001；Y02→not available；Y03→REF-0004；Y04→REF-0004；Y05→REF-0004；Y06→REF-0479；Y07→REF-0482
HC-0105,3-methyldecane,,not available or not unambiguously resolved,,C11H24,JJRUZTXRDDMYGM-UHFFFAOYSA-N,CCCCCCCC(C)CC,development,C11H24,pure single-component molecule,hydrocarbon (C/H only),False,False,non-aromatic,branched alkane,False,156.313,2.18181818181818,0.0,0.0,1.0,0.693147180559945,8.1,44.0001791277757,,not available,0.750278391091485,-74.42,177.69,49.66227,0.980638755546608,X01→REF-0488；X02/X05/X06→REF-0491；X03→REF-0490；X04→REF-0489；X07→REF-0492；Y01→REF-0001；Y02→not available；Y03→REF-0001；Y04→REF-0002；Y05→REF-0002；Y06→REF-0481；Y07→REF-0482
HC-0106,"(1S,7S,8aR)-1,2,3,4,6,7,8,8a-Octahydro-1,8a-dimethyl-7-(1-methylethenyl)naphthalene",123408-96-8,reported,656496.0,C15H24,YONHOSLUBQJXPR-KCQAQPDRSA-N,C=C(C)C1CC=C2CCCC(C)C2(C)C1,development,C15H24,pure single-component molecule,hydrocarbon (C/H only),False,False,non-aromatic,bicyclic alicyclic,False,204.357,1.6,0.0,2.0,5.0,0.693147180559945,3.80822743775557,42.1,,not available,0.89,29.5,274.0,115.44,2.5102,X01→REF-0488；X02/X05/X06→REF-0491；X03→REF-0490；X04→REF-0489；X07→REF-0492；Y01→REF-0001；Y02→not available；Y03→REF-0004；Y04→REF-0004；Y05→REF-0004；Y06→REF-0481；Y07→REF-0482
HC-0107,"1,2-Dicyclohexylethane",3321-50-4,reported,76838.0,C14H26,IBLVSWYGUFGDMF-UHFFFAOYSA-N,C1CCC(CCC2CCCCC2)CC1,development,C14H26,pure single-component molecule,hydrocarbon (C/H only),False,False,non-aromatic,bicyclic alicyclic,False,194.362,1.85714285714286,0.0,2.0,2.0,2.19722457733622,5.77777777777778,40.004,37.67,author-curated independent response; source audit pending,0.81333,11.5,270.85,113.29,2.4284,X01→REF-0488；X02/X05/X06→REF-0491；X03→REF-0490；X04→REF-0489；X07→REF-0492；Y01→REF-0280；Y02→REF-0493；Y03→REF-0001；Y04→REF-0281；Y05→REF-0282；Y06→REF-0481；Y07→REF-0482
HC-0108,3-Carene,13466-78-9,reported,26049.0,C10H16,BQOFWKZOCNGFEC-UHFFFAOYSA-N,CC1=CCC2C(C1)C2(C)C,development,C10H16,pure single-component molecule,hydrocarbon (C/H only),False,False,non-aromatic,bicyclic alicyclic,False,136.238,1.6,0.0,2.0,4.0,1.09861228866811,1.66374254705002,42.1,,not available,0.8638,-13.6,170.0,47.0,0.9152,X01→REF-0488；X02/X05/X06→REF-0491；X03→REF-0490；X04→REF-0489；X07→REF-0492；Y01→REF-0001；Y02→not available；Y03→REF-0241；Y04→REF-0004；Y05→REF-0283；Y06→REF-0479；Y07→REF-0482
HC-0109,"alpha-Pinene, (+)-",7785-70-8,reported,82227.0,C10H16,GRWFGVWFFZKLTI-RKDXNWHRSA-N,CC1=CCC2CC1C2(C)C,development,C10H16,pure single-component molecule,hydrocarbon (C/H only),False,False,non-aromatic,polycyclic alicyclic,False,136.238,1.6,0.0,3.0,4.0,1.09861228866811,1.66374254705002,42.1,,not available,0.85469,-62.0,155.0,34.17,0.8018,X01→REF-0488；X02/X05/X06→REF-0491；X03→REF-0490；X04→REF-0489；X07→REF-0492；Y01→REF-0001；Y02→not available；Y03→REF-0284；Y04→REF-0285；Y05→REF-0286；Y06→REF-0481；Y07→REF-0482
HC-0110,"Amorpha-4,11-diene",92692-39-2,reported,11052747.0,C15H24,HMTAHNDPLDKYJT-CBBWQLFWSA-N,C=C(C)C1CCC(C)C2CCC(C)=CC12,development,C15H24,pure single-component molecule,hydrocarbon (C/H only),False,False,non-aromatic,bicyclic alicyclic,False,204.357,1.6,0.0,2.0,6.0,0.693147180559945,4.15457352363825,42.1,,not available,0.86799,16.6,257.6,104.24,2.1164,X01→REF-0488；X02/X05/X06→REF-0491；X03→REF-0490；X04→REF-0489；X07→REF-0492；Y01→REF-0001；Y02→not available；Y03→REF-0004；Y04→REF-0004；Y05→REF-0004；Y06→REF-0481；Y07→REF-0482
HC-0111,beta-Cadinene,523-47-7,reported,10657.0,C15H24,USDOQCCMRDNVAH-KKUMJFAQSA-N,CC1=CCC2C(C)=CCC(C(C)C)C2C1,development,C15H24,pure single-component molecule,hydrocarbon (C/H only),False,False,non-aromatic,bicyclic alicyclic,True,204.357,1.6,0.0,2.0,6.0,1.09861228866811,4.15457352363825,42.1,,not available,0.9239,26.2,259.0,105.2,2.1471,X01→REF-0488；X02/X05/X06→REF-0491；X03→REF-0490；X04→REF-0489；X07→REF-0492；Y01→REF-0001；Y02→not available；Y03→REF-0004；Y04→REF-0004；Y05→REF-0004；Y06→REF-0481；Y07→REF-0482
HC-0112,"3,5-dimethylnonane",,not available or not unambiguously resolved,,C11H24,BAFVBVRBYKSWCE-UHFFFAOYSA-N,CCCCC(C)CC(C)CC,development,C11H24,pure single-component molecule,hydrocarbon (C/H only),False,False,non-aromatic,branched alkane,False,156.313,2.18181818181818,0.0,0.0,2.0,0.693147180559945,6.69421487603306,44.0001791277757,,not available,0.750278391091485,-89.42,177.25,49.36175,0.976751136527137,X01→REF-0488；X02/X05/X06→REF-0491；X03→REF-0490；X04→REF-0489；X07→REF-0492；Y01→REF-0001；Y02→not available；Y03→REF-0001；Y04→REF-0002；Y05→REF-0002；Y06→REF-0481；Y07→REF-0482
HC-0113,Cadinane,483-73-8,reported,9548708.0,C15H28,FZZNNPQZDRVKLU-YTFOTSKYSA-N,CC1CCC2C(C)CCC(C(C)C)C2C1,development,C15H28,pure single-component molecule,hydrocarbon (C/H only),False,False,non-aromatic,bicyclic alicyclic,False,208.389,1.86666666666667,0.0,2.0,6.0,1.09861228866811,4.47258979206049,42.991,,not available,0.8887,5.25,265.1,109.36,2.2869,X01→REF-0488；X02/X05/X06→REF-0491；X03→REF-0490；X04→REF-0489；X07→REF-0492；Y01→REF-0001；Y02→not available；Y03→REF-0004；Y04→REF-0004；Y05→REF-0004；Y06→REF-0481；Y07→REF-0482
HC-0114,"3,6-dimethylnonane",,not available or not unambiguously resolved,,C11H24,YHLBUWVGPXILSW-UHFFFAOYSA-N,CCCC(C)CCC(C)CC,development,C11H24,pure single-component molecule,hydrocarbon (C/H only),False,False,non-aromatic,branched alkane,False,156.313,2.18181818181818,0.0,0.0,2.0,0.693147180559945,6.69421487603306,44.0001791277757,,not available,0.750278391091485,-89.42,177.25,49.36175,0.976751136527137,X01→REF-0488；X02/X05/X06→REF-0491；X03→REF-0490；X04→REF-0489；X07→REF-0492；Y01→REF-0001；Y02→not available；Y03→REF-0001；Y04→REF-0002；Y05→REF-0002；Y06→REF-0481；Y07→REF-0482
HC-0115,Carane,554-59-6,reported,79043.0,C10H18,BWRHOYDPVJPXMF-UHFFFAOYSA-N,CC1CCC2C(C1)C2(C)C,development,C10H18,pure single-component molecule,hydrocarbon (C/H only),False,False,non-aromatic,bicyclic alicyclic,False,138.254,1.8,0.0,2.0,4.0,1.09861228866811,1.77777777777778,42.771,,not available,0.8381,-25.0,165.0,41.0,0.8754,X01→REF-0488；X02/X05/X06→REF-0491；X03→REF-0490；X04→REF-0489；X07→REF-0492；Y01→REF-0001；Y02→not available；Y03→REF-0004；Y04→REF-0004；Y05→REF-0004；Y06→REF-0481；Y07→REF-0482
HC-0116,Dicyclopentyl,1636-39-1,reported,15417.0,C10H18,MAWOHFOSAIXURX-UHFFFAOYSA-N,C1CCC(C2CCCC2)C1,development,C10H18,pure single-component molecule,hydrocarbon (C/H only),False,False,non-aromatic,bicyclic alicyclic,False,138.254,1.8,0.0,2.0,2.0,2.19722457733622,2.93877551020408,42.909,37.0,author-curated independent response; source audit pending,0.80133,-35.15,189.85,57.97,1.0956,X01→REF-0488；X02/X05/X06→REF-0491；X03→REF-0490；X04→REF-0489；X07→REF-0492；Y01→REF-0292；Y02→REF-0493；Y03→REF-0001；Y04→REF-0293；Y05→REF-0294；Y06→REF-0481；Y07→REF-0482
HC-0117,"rel-(3aR,7aS)-Octahydro-1H-indene",4551-51-3,reported,643587.0,C9H16,BNRNAKTVFSZAFA-DTORHVGOSA-N,C1CCC2CCCC2C1,development,C9H16,pure single-component molecule,hydrocarbon (C/H only),False,False,non-aromatic,bicyclic alicyclic,False,124.227,1.77777777777778,0.0,2.0,2.0,1.09861228866811,2.31952662721893,42.688,37.92,author-curated independent response; source audit pending,0.79674,-36.85,167.85,42.94,0.8979,X01→REF-0488；X02/X05/X06→REF-0491；X03→REF-0490；X04→REF-0489；X07→REF-0492；Y01→REF-0295；Y02→REF-0493；Y03→REF-0001；Y04→REF-0296；Y05→REF-0297；Y06→REF-0481；Y07→REF-0482
HC-0118,Thujane,471-12-5,reported,79017.0,C10H18,GCTNBVHDRFKLLK-UHFFFAOYSA-N,CC1CCC2(C(C)C)CC12,development,C10H18,pure single-component molecule,hydrocarbon (C/H only),False,False,non-aromatic,bicyclic alicyclic,False,138.254,1.8,0.0,2.0,4.0,1.09861228866811,1.77777777777778,42.771,35.05,author-curated independent response; source audit pending,0.8171,-31.0,157.0,35.53,0.8159,X01→REF-0488；X02/X05/X06→REF-0491；X03→REF-0490；X04→REF-0489；X07→REF-0492；Y01→REF-0001；Y02→REF-0493；Y03→REF-0004；Y04→REF-0004；Y05→REF-0004；Y06→REF-0481；Y07→REF-0482
HC-0119,Valencene,4630-07-3,reported,9855795.0,C15H24,QEBNYNLSCGVZOH-NFAWXSAZSA-N,C=C(C)C1CCC2=CCCC(C)C2(C)C1,development,C15H24,pure single-component molecule,hydrocarbon (C/H only),False,False,non-aromatic,bicyclic alicyclic,False,204.357,1.6,0.0,2.0,5.0,0.693147180559945,3.80822743775557,42.1,,not available,0.89,29.5,253.0,101.1,2.0192,X01→REF-0488；X02/X05/X06→REF-0491；X03→REF-0490；X04→REF-0489；X07→REF-0492；Y01→REF-0001；Y02→not available；Y03→REF-0004；Y04→REF-0004；Y05→REF-0004；Y06→REF-0481；Y07→REF-0482
HC-0120,"2,2,3,3-Tetramethylbutane",594-82-1,reported,11675.0,C8H18,OMMLUKLXGSRPHK-UHFFFAOYSA-N,CC(C)(C)C(C)(C)C,development,C8H18,pure single-component molecule,hydrocarbon (C/H only),False,False,non-aromatic,branched alkane,False,114.232,2.25,0.0,0.0,2.0,4.29045944114839,1.75,44.213,,not available,0.823,-80.13,106.4,4.0,0.5328,X01→REF-0488；X02/X05/X06→REF-0491；X03→REF-0490；X04→REF-0489；X07→REF-0492；Y01→REF-0001；Y02→not available；Y03→REF-0004；Y04→REF-0004；Y05→REF-0004；Y06→REF-0479；Y07→REF-0482
HC-0121,"2,2,4,4-Tetramethylpentane",1070-87-7,reported,14058.0,C9H20,GUMULFRCHLJNDY-UHFFFAOYSA-N,CC(C)(C)CC(C)(C)C,development,C9H20,pure single-component molecule,hydrocarbon (C/H only),False,False,non-aromatic,branched alkane,False,128.259,2.22222222222222,0.0,0.0,2.0,4.29045944114839,2.31952662721893,44.269,31.3,author-curated independent response; source audit pending,0.73241,-66.15,122.25,11.8,0.8119,X01→REF-0488；X02/X05/X06→REF-0491；X03→REF-0490；X04→REF-0489；X07→REF-0492；Y01→REF-0298；Y02→REF-0493；Y03→REF-0001；Y04→REF-0299；Y05→REF-0300；Y06→REF-0481；Y07→REF-0479
HC-0122,"2,2,4,6,6-Pentamethylheptane",13475-82-6,reported,26058.0,C12H26,VKPSKYDESGTTFR-UHFFFAOYSA-N,CC(CC(C)(C)C)CC(C)(C)C,development,C12H26,pure single-component molecule,hydrocarbon (C/H only),False,False,non-aromatic,branched alkane,False,170.34,2.16666666666667,0.0,0.0,3.0,4.29045944114839,3.80622837370242,43.953,32.7,author-curated independent response; source audit pending,0.74521,-67.15,177.85,49.77,0.9821,X01→REF-0488；X02/X05/X06→REF-0491；X03→REF-0490；X04→REF-0489；X07→REF-0492；Y01→REF-0001；Y02→REF-0493；Y03→REF-0301；Y04→REF-0302；Y05→REF-0303；Y06→REF-0481；Y07→REF-0482
HC-0123,"2,3,3-Trimethylpentane",560-21-4,reported,11215.0,C8H18,OKVWYBALHQFVFP-UHFFFAOYSA-N,CCC(C)(C)C(C)C,development,C8H18,pure single-component molecule,hydrocarbon (C/H only),False,False,non-aromatic,branched alkane,False,114.232,2.25,0.0,0.0,2.0,1.6094379124341,2.52,44.392,32.4,author-curated independent response; source audit pending,0.72066,-101.15,114.65,6.61,0.7021,X01→REF-0488；X02/X05/X06→REF-0491；X03→REF-0490；X04→REF-0489；X07→REF-0492；Y01→REF-0304；Y02→REF-0493；Y03→REF-0001；Y04→REF-0305；Y05→REF-0306；Y06→REF-0481；Y07→REF-0479
HC-0124,"2,4,6-Trimethyloctane",62016-37-9,reported,545612.0,C11H24,XHNIFDXYGLPJLP-UHFFFAOYSA-N,CCC(C)CC(C)CC(C)C,development,C11H24,pure single-component molecule,hydrocarbon (C/H only),False,False,non-aromatic,branched alkane,False,156.313,2.18181818181818,0.0,0.0,3.0,1.09861228866811,5.625,44.0,,not available,0.739,-66.1,168.5,43.39,0.9031,X01→REF-0488；X02/X05/X06→REF-0491；X03→REF-0490；X04→REF-0489；X07→REF-0492；Y01→REF-0001；Y02→not available；Y03→REF-0004；Y04→REF-0004；Y05→REF-0004；Y06→REF-0481；Y07→REF-0482
HC-0125,"2,6-Dimethylheptane",1072-05-5,reported,14069.0,C9H20,KBPCCVWUMVGXGF-UHFFFAOYSA-N,CC(C)CCCC(C)C,development,C9H20,pure single-component molecule,hydrocarbon (C/H only),False,False,non-aromatic,branched alkane,False,128.259,2.22222222222222,0.0,0.0,2.0,2.19722457733622,4.83950617283951,44.126,,not available,0.7203,-102.9,135.2,20.64,0.6763,X01→REF-0488；X02/X05/X06→REF-0491；X03→REF-0490；X04→REF-0489；X07→REF-0492；Y01→REF-0001；Y02→not available；Y03→REF-0004；Y04→REF-0004；Y05→REF-0004；Y06→REF-0481；Y07→REF-0482
HC-0126,"2,6-Dimethyloctane",2051-30-1,reported,16319.0,C10H22,ZALHPSXXQIPKTQ-UHFFFAOYSA-N,CCC(C)CCCC(C)C,development,C10H22,pure single-component molecule,hydrocarbon (C/H only),False,False,non-aromatic,branched alkane,False,142.286,2.2,0.0,0.0,2.0,1.09861228866811,5.76,44.057,32.26,author-curated independent response; source audit pending,0.7405,-66.87,158.85,34.0,0.8292,X01→REF-0488；X02/X05/X06→REF-0491；X03→REF-0490；X04→REF-0489；X07→REF-0492；Y01→REF-0001；Y02→REF-0493；Y03→REF-0004；Y04→REF-0004；Y05→REF-0307；Y06→REF-0479；Y07→REF-0482
HC-0127,"2,7-Dimethylnonane",17302-29-3,reported,6428624.0,C11H24,QYQSPINNJUXEDY-UHFFFAOYSA-N,CCC(C)CCCCC(C)C,development,C11H24,pure single-component molecule,hydrocarbon (C/H only),False,False,non-aromatic,branched alkane,False,156.313,2.18181818181818,0.0,0.0,2.0,1.09861228866811,6.69421487603306,44.0,,not available,0.741,-54.8,182.3,52.81,1.0225,X01→REF-0488；X02/X05/X06→REF-0491；X03→REF-0490；X04→REF-0489；X07→REF-0492；Y01→REF-0001；Y02→not available；Y03→REF-0004；Y04→REF-0004；Y05→REF-0004；Y06→REF-0481；Y07→REF-0482
HC-0128,"2,7-Dimethyloctane",1072-16-8,reported,14070.0,C10H22,KEVMYFLMMDUPJE-UHFFFAOYSA-N,CC(C)CCCCC(C)C,development,C10H22,pure single-component molecule,hydrocarbon (C/H only),False,False,non-aromatic,branched alkane,False,142.286,2.2,0.0,0.0,2.0,2.19722457733622,5.76,44.019,32.18,author-curated independent response; source audit pending,0.74212,-53.15,159.95,37.55,0.8373,X01→REF-0488；X02/X05/X06→REF-0491；X03→REF-0490；X04→REF-0489；X07→REF-0492；Y01→REF-0308；Y02→REF-0493；Y03→REF-0001；Y04→REF-0309；Y05→REF-0310；Y06→REF-0481；Y07→REF-0482
HC-0129,2-Methyldecane,,not available or not unambiguously resolved,23415.0,C11H24,CNPVJWYWYZMPDS-UHFFFAOYSA-N,CCCCCCCCC(C)C,development,C11H24,pure single-component molecule,hydrocarbon (C/H only),False,False,non-aromatic,branched alkane,False,156.313,2.18181818181818,0.0,0.0,1.0,1.09861228866811,8.1,44.0,,not available,0.7383,-48.9,189.3,57.59,1.0901,X01→REF-0488；X02/X05/X06→REF-0491；X03→REF-0490；X04→REF-0489；X07→REF-0492；Y01→REF-0001；Y02→not available；Y03→REF-0053；Y04→REF-0311；Y05→REF-0311；Y06→REF-0481；Y07→REF-0482
HC-0130,2-Methyloctane,3221-61-2,reported,18591.0,C9H20,ZUBZATZOEPUUQF-UHFFFAOYSA-N,CCCCCCC(C)C,development,C9H20,pure single-component molecule,hydrocarbon (C/H only),False,False,non-aromatic,branched alkane,False,128.259,2.22222222222222,0.0,0.0,1.0,1.09861228866811,6.125,44.126,31.83,author-curated independent response; source audit pending,0.7153,-80.4,142.95,25.93,0.6582,X01→REF-0488；X02/X05/X06→REF-0491；X03→REF-0490；X04→REF-0489；X07→REF-0492；Y01→REF-0001；Y02→REF-0493；Y03→REF-0053；Y04→REF-0312；Y05→REF-0313；Y06→REF-0481；Y07→REF-0479
HC-0131,3-Ethylnonane,17302-11-3,reported,529886.0,C11H24,FKJSIWPQZCKMIL-UHFFFAOYSA-N,CCCCCCC(CC)CC,development,C11H24,pure single-component molecule,hydrocarbon (C/H only),False,False,non-aromatic,branched alkane,False,156.313,2.18181818181818,0.0,0.0,1.0,1.09861228866811,8.1,44.0,,not available,0.742,-43.5,188.9,57.32,1.0861,X01→REF-0488；X02/X05/X06→REF-0491；X03→REF-0490；X04→REF-0489；X07→REF-0492；Y01→REF-0001；Y02→not available；Y03→REF-0004；Y04→REF-0004；Y05→REF-0004；Y06→REF-0481；Y07→REF-0482
HC-0132,3-Ethyloctane,5881-17-4,reported,79985.0,C10H22,OEYGTUAKNZFCDJ-UHFFFAOYSA-N,CCCCCC(CC)CC,development,C10H22,pure single-component molecule,hydrocarbon (C/H only),False,False,non-aromatic,branched alkane,False,142.286,2.2,0.0,0.0,1.0,1.09861228866811,7.11111111111111,44.057,,not available,0.733,-55.5,166.5,42.02,0.8872,X01→REF-0488；X02/X05/X06→REF-0491；X03→REF-0490；X04→REF-0489；X07→REF-0492；Y01→REF-0001；Y02→not available；Y03→REF-0004；Y04→REF-0004；Y05→REF-0004；Y06→REF-0481；Y07→REF-0482
HC-0133,3-Ethylpentane,617-78-7,reported,12048.0,C7H16,AORMDLNPRGXHHL-UHFFFAOYSA-N,CCC(CC)CC,development,C7H16,pure single-component molecule,hydrocarbon (C/H only),False,False,non-aromatic,branched alkane,False,100.205,2.28571428571429,0.0,0.0,1.0,1.94591014905531,4.16666666666667,44.552,31.32,author-curated independent response; source audit pending,0.70617,-118.75,93.45,-7.87,0.441,X01→REF-0488；X02/X05/X06→REF-0491；X03→REF-0490；X04→REF-0489；X07→REF-0492；Y01→REF-0314；Y02→REF-0493；Y03→REF-0001；Y04→REF-0315；Y05→REF-0316；Y06→REF-0481；Y07→REF-0479
HC-0134,3-Methylnonane,5911-04-6,reported,22202.0,C10H22,PLZDDPSCZHRBOY-UHFFFAOYSA-N,CCCCCCC(C)CC,development,C10H22,pure single-component molecule,hydrocarbon (C/H only),False,False,non-aromatic,branched alkane,False,142.286,2.2,0.0,0.0,1.0,0.693147180559945,7.11111111111111,44.057,32.59,author-curated independent response; source audit pending,0.7354,-84.66,167.75,42.87,0.8971,X01→REF-0488；X02/X05/X06→REF-0491；X03→REF-0490；X04→REF-0489；X07→REF-0492；Y01→REF-0001；Y02→REF-0493；Y03→REF-0004；Y04→REF-0317；Y05→REF-0318；Y06→REF-0481；Y07→REF-0482
HC-0135,3-Methyloctane,2216-33-3,reported,16664.0,C9H20,SEEOMASXHIJCDV-UHFFFAOYSA-N,CCCCCC(C)CC,development,C9H20,pure single-component molecule,hydrocarbon (C/H only),False,False,non-aromatic,branched alkane,False,128.259,2.22222222222222,0.0,0.0,1.0,0.693147180559945,6.125,44.126,,not available,0.714,-107.6,144.2,32.0,0.6514,X01→REF-0488；X02/X05/X06→REF-0491；X03→REF-0490；X04→REF-0489；X07→REF-0492；Y01→REF-0001；Y02→not available；Y03→REF-0004；Y04→REF-0004；Y05→REF-0004；Y06→REF-0479；Y07→REF-0479
HC-0136,4-Methylnonane,17301-94-9,reported,28455.0,C10H22,IALRSQMWHFKJJA-UHFFFAOYSA-N,CCCCCC(C)CCC,development,C10H22,pure single-component molecule,hydrocarbon (C/H only),False,False,non-aromatic,branched alkane,False,142.286,2.2,0.0,0.0,1.0,0.693147180559945,7.11111111111111,44.057,,not available,0.73174,-99.0,165.7,44.0,0.8809,X01→REF-0488；X02/X05/X06→REF-0491；X03→REF-0490；X04→REF-0489；X07→REF-0492；Y01→REF-0001；Y02→not available；Y03→REF-0319；Y04→REF-0320；Y05→REF-0320；Y06→REF-0479；Y07→REF-0482
HC-0137,Farnesane,3891-98-3,reported,19773.0,C15H32,YFHFHLSMISYUAQ-UHFFFAOYSA-N,CCC(C)CCCC(C)CCCC(C)C,development,C15H32,pure single-component molecule,hydrocarbon (C/H only),False,False,non-aromatic,branched alkane,False,212.421,2.13333333333333,0.0,0.0,3.0,1.09861228866811,9.2421875,43.848,,not available,0.7682,-19.8,251.95,101.0,1.9978,X01→REF-0488；X02/X05/X06→REF-0491；X03→REF-0490；X04→REF-0489；X07→REF-0492；Y01→REF-0001；Y02→not available；Y03→REF-0004；Y04→REF-0004；Y05→REF-0321；Y06→REF-0479；Y07→REF-0482
HC-0138,"Heptane, 2,3,6-trimethyl-",4032-93-3,reported,19944.0,C10H22,IHPXJGBVRWFEJB-UHFFFAOYSA-N,CC(C)CCC(C)C(C)C,development,C10H22,pure single-component molecule,hydrocarbon (C/H only),False,False,non-aromatic,branched alkane,False,142.286,2.2,0.0,0.0,3.0,1.6094379124341,4.7603305785124,44.057,,not available,0.736,-78.4,156.0,34.85,0.8088,X01→REF-0488；X02/X05/X06→REF-0491；X03→REF-0490；X04→REF-0489；X07→REF-0492；Y01→REF-0001；Y02→not available；Y03→REF-0004；Y04→REF-0004；Y05→REF-0004；Y06→REF-0481；Y07→REF-0482
HC-0139,(+)-Limonene,5989-27-5,reported,440917.0,C10H16,XMGQYMWWDOXHJM-JTQLQIEISA-N,C=C(C)C1CC=C(C)CC1,development,C10H16,pure single-component molecule,hydrocarbon (C/H only),False,False,non-aromatic,monocyclic alicyclic,False,136.238,1.6,0.0,1.0,3.0,0.693147180559945,3.04628040762656,42.1,,not available,0.81483,-74.0,178.0,48.0,0.9834,X01→REF-0488；X02/X05/X06→REF-0491；X03→REF-0490；X04→REF-0489；X07→REF-0492；Y01→REF-0001；Y02→not available；Y03→REF-0322；Y04→REF-0323；Y05→REF-0324；Y06→REF-0479；Y07→REF-0482
HC-0140,"1,1,3-Trimethylcyclopentane",4516-69-2,reported,20615.0,C8H16,OBKHYUIZSOIEPG-UHFFFAOYSA-N,CC1CCC(C)(C)C1,development,C8H16,pure single-component molecule,hydrocarbon (C/H only),False,False,non-aromatic,monocyclic alicyclic,False,112.216,2.0,0.0,1.0,2.0,1.09861228866811,1.75,43.423,,not available,0.7703,-142.4,104.9,-0.05,0.5263,X01→REF-0488；X02/X05/X06→REF-0491；X03→REF-0490；X04→REF-0489；X07→REF-0492；Y01→REF-0001；Y02→not available；Y03→REF-0004；Y04→REF-0004；Y05→REF-0004；Y06→REF-0481；Y07→REF-0482
HC-0141,"1,1-Dimethylcyclohexane",590-66-9,reported,11549.0,C8H16,QEGNUYASOUJEHD-UHFFFAOYSA-N,CC1(C)CCCCC1,development,C8H16,pure single-component molecule,hydrocarbon (C/H only),False,False,non-aromatic,monocyclic alicyclic,False,112.216,2.0,0.0,1.0,1.0,1.6094379124341,2.08264462809917,43.346,34.7,author-curated independent response; source audit pending,0.75358,-34.02,119.85,10.16,0.8628,X01→REF-0488；X02/X05/X06→REF-0491；X03→REF-0490；X04→REF-0489；X07→REF-0492；Y01→REF-0325；Y02→REF-0493；Y03→REF-0001；Y04→REF-0326；Y05→REF-0327；Y06→REF-0481；Y07→REF-0479
HC-0142,"1,2,4-Trimethylcyclohexane",2234-75-5,reported,91517.0,C9H18,VCJPCEVERINRSG-UHFFFAOYSA-N,CC1CCC(C)C(C)C1,development,C9H18,pure single-component molecule,hydrocarbon (C/H only),False,False,non-aromatic,monocyclic alicyclic,False,126.243,2.0,0.0,1.0,3.0,0.693147180559945,2.72222222222222,43.423,34.7,author-curated independent response; source audit pending,0.7908,-86.4,141.85,25.18,0.7157,X01→REF-0488；X02/X05/X06→REF-0491；X03→REF-0490；X04→REF-0489；X07→REF-0492；Y01→REF-0001；Y02→REF-0493；Y03→REF-0127；Y04→REF-0328；Y05→REF-0329；Y06→REF-0481；Y07→REF-0482
HC-0143,"1,2-Dimethylcyclohexane, cis-",2207-01-4,reported,16628.0,C8H16,KVZJLSYJROEPSQ-OCAPTIKFSA-N,CC1CCCCC1C,development,C8H16,pure single-component molecule,hydrocarbon (C/H only),False,False,non-aromatic,monocyclic alicyclic,False,112.216,2.0,0.0,1.0,2.0,1.09861228866811,2.52,43.399,34.75,author-curated independent response; source audit pending,0.75358,-52.15,129.85,16.99,1.0733,X01→REF-0488；X02/X05/X06→REF-0491；X03→REF-0490；X04→REF-0489；X07→REF-0492；Y01→REF-0330；Y02→REF-0493；Y03→REF-0001；Y04→REF-0331；Y05→REF-0332；Y06→REF-0481；Y07→REF-0479
HC-0144,"1,3-Diethylcyclopentane, cis",62016-59-5,reported,6431020.0,C9H18,RUUVWUNHERVOAY-DTORHVGOSA-N,CCC1CCC(CC)C1,development,C9H18,pure single-component molecule,hydrocarbon (C/H only),False,False,non-aromatic,monocyclic alicyclic,False,126.243,2.0,0.0,1.0,2.0,1.09861228866811,3.2396694214876,43.423,,not available,0.77,-52.4,149.1,30.14,0.7617,X01→REF-0488；X02/X05/X06→REF-0491；X03→REF-0490；X04→REF-0489；X07→REF-0492；Y01→REF-0001；Y02→not available；Y03→REF-0004；Y04→REF-0004；Y05→REF-0004；Y06→REF-0481；Y07→REF-0482
HC-0145,"1,3-Dimethylcyclohexane, cis-",638-04-0,reported,252361.0,C8H16,SGVUHPSBDNVHKL-OCAPTIKFSA-N,CC1CCCC(C)C1,development,C8H16,pure single-component molecule,hydrocarbon (C/H only),False,False,non-aromatic,monocyclic alicyclic,False,112.216,2.0,0.0,1.0,2.0,1.09861228866811,2.52,43.309,33.4,author-curated independent response; source audit pending,0.75358,-77.06,119.85,10.16,0.5948,X01→REF-0488；X02/X05/X06→REF-0491；X03→REF-0490；X04→REF-0489；X07→REF-0492；Y01→REF-0333；Y02→REF-0493；Y03→REF-0001；Y04→REF-0334；Y05→REF-0335；Y06→REF-0481；Y07→REF-0482
HC-0146,1-Ethyl-1-methylcyclopentane,16747-50-5,reported,28030.0,C8H16,LETYIFNDQBJGPJ-UHFFFAOYSA-N,CCC1(C)CCCC1,development,C8H16,pure single-component molecule,hydrocarbon (C/H only),False,False,non-aromatic,monocyclic alicyclic,False,112.216,2.0,0.0,1.0,1.0,1.09861228866811,2.08264462809917,43.423,,not available,0.7806,-143.8,121.6,11.35,0.6035,X01→REF-0488；X02/X05/X06→REF-0491；X03→REF-0490；X04→REF-0489；X07→REF-0492；Y01→REF-0001；Y02→not available；Y03→REF-0004；Y04→REF-0004；Y05→REF-0004；Y06→REF-0481；Y07→REF-0482
HC-0147,1-Methyl-4-isopropylcyclohexane,99-82-1,reported,7459.0,C10H20,CFJYNSNXFXLKNS-UHFFFAOYSA-N,CC1CCC(C(C)C)CC1,development,C10H20,pure single-component molecule,hydrocarbon (C/H only),False,False,non-aromatic,monocyclic alicyclic,False,140.27,2.0,0.0,1.0,3.0,1.6094379124341,3.40828402366864,43.423,34.72,author-curated independent response; source audit pending,0.8039,-89.84,170.9,45.0,0.9226,X01→REF-0488；X02/X05/X06→REF-0491；X03→REF-0490；X04→REF-0489；X07→REF-0492；Y01→REF-0001；Y02→REF-0493；Y03→REF-0336；Y04→REF-0336；Y05→REF-0336；Y06→REF-0479；Y07→REF-0482
HC-0148,"2-Butyl-1,1,3-trimethylcyclohexane",54676-39-0,reported,549926.0,C13H26,PUUCZCJOATUHNE-UHFFFAOYSA-N,CCCCC1C(C)CCCC1(C)C,development,C13H26,pure single-component molecule,hydrocarbon (C/H only),False,False,non-aromatic,monocyclic alicyclic,False,182.351,2.0,0.0,1.0,3.0,1.09861228866811,4.48148148148148,43.423,,not available,0.8257,-1.9,212.3,73.3,1.352,X01→REF-0488；X02/X05/X06→REF-0491；X03→REF-0490；X04→REF-0489；X07→REF-0492；Y01→REF-0001；Y02→not available；Y03→REF-0004；Y04→REF-0004；Y05→REF-0004；Y06→REF-0481；Y07→REF-0482
HC-0149,Beta-Bisabolene,495-61-4,reported,10104370.0,C15H24,XZRVRYFILCSYSP-OAHLLOKOSA-N,C=C(CCC=C(C)C)C1CC=C(C)CC1,development,C15H24,pure single-component molecule,hydrocarbon (C/H only),False,False,non-aromatic,monocyclic alicyclic,False,204.357,1.6,0.0,1.0,4.0,1.09861228866811,5.94671495238704,42.1,,not available,0.873,6.1,277.0,117.49,2.5911,X01→REF-0488；X02/X05/X06→REF-0491；X03→REF-0490；X04→REF-0489；X07→REF-0492；Y01→REF-0001；Y02→not available；Y03→REF-0004；Y04→REF-0004；Y05→REF-0004；Y06→REF-0481；Y07→REF-0482
HC-0150,Bisabolane,29799-19-7,reported,520453.0,C15H30,NOWQRWPUNHMSAF-UHFFFAOYSA-N,CC(C)CCCC(C)C1CCC(C)CC1,development,C15H30,pure single-component molecule,hydrocarbon (C/H only),False,False,non-aromatic,monocyclic alicyclic,False,210.405,2.0,0.0,1.0,4.0,1.6094379124341,6.55401662049861,43.423,,not available,0.8244,-6.7,242.3,93.79,1.8125,X01→REF-0488；X02/X05/X06→REF-0491；X03→REF-0490；X04→REF-0489；X07→REF-0492；Y01→REF-0001；Y02→not available；Y03→REF-0004；Y04→REF-0004；Y05→REF-0004；Y06→REF-0481；Y07→REF-0482
HC-0151,Butylcyclopentane,2040-95-1,reported,16269.0,C9H18,ZAGHKONXGGSVDV-UHFFFAOYSA-N,CCCCC1CCCC1,development,C9H18,pure single-component molecule,hydrocarbon (C/H only),False,False,non-aromatic,monocyclic alicyclic,False,126.243,2.0,0.0,1.0,1.0,1.09861228866811,3.92,43.598,34.6,author-curated independent response; source audit pending,0.76271,-108.15,156.75,35.36,0.8141,X01→REF-0488；X02/X05/X06→REF-0491；X03→REF-0490；X04→REF-0489；X07→REF-0492；Y01→REF-0337；Y02→REF-0493；Y03→REF-0001；Y04→REF-0338；Y05→REF-0339；Y06→REF-0481；Y07→REF-0482
HC-0152,"cis-1,3-Dimethylcyclopentane",2532-58-3,reported,17326.0,C7H14,XAZKFISIRYLAEE-KNVOCYPGSA-N,CC1CCC(C)C1,development,C7H14,pure single-component molecule,hydrocarbon (C/H only),False,False,non-aromatic,monocyclic alicyclic,False,98.189,2.0,0.0,1.0,2.0,1.09861228866811,1.85185185185185,43.582,32.69,author-curated independent response; source audit pending,0.74217,-134.15,90.85,-9.65,0.4703,X01→REF-0488；X02/X05/X06→REF-0491；X03→REF-0490；X04→REF-0489；X07→REF-0492；Y01→REF-0340；Y02→REF-0493；Y03→REF-0001；Y04→REF-0341；Y05→REF-0342；Y06→REF-0481；Y07→REF-0482
HC-0153,Cyclogeraniolane,3073-66-3,reported,18309.0,C9H18,PYOLJOJPIPCRDP-UHFFFAOYSA-N,CC1CCCC(C)(C)C1,development,C9H18,pure single-component molecule,hydrocarbon (C/H only),False,False,non-aromatic,monocyclic alicyclic,False,126.243,2.0,0.0,1.0,2.0,1.09861228866811,2.31952662721893,43.423,,not available,0.79,-65.7,136.6,21.6,0.6844,X01→REF-0488；X02/X05/X06→REF-0491；X03→REF-0490；X04→REF-0489；X07→REF-0492；Y01→REF-0001；Y02→not available；Y03→REF-0004；Y04→REF-0004；Y05→REF-0004；Y06→REF-0481；Y07→REF-0482
HC-0154,Cyclohexene,,not available or not unambiguously resolved,8079.0,C6H10,HGCIXCUEYOPUTN-UHFFFAOYSA-N,C1=CCCCC1,development,C6H10,pure single-component molecule,hydrocarbon (C/H only),False,False,non-aromatic,monocyclic alicyclic,False,82.146,1.66666666666667,0.0,1.0,0.0,1.09861228866811,2.01232332552295,42.326,,not available,0.80569,-103.5,83.0,-15.01,0.6605,X01→REF-0488；X02/X05/X06→REF-0491；X03→REF-0490；X04→REF-0489；X07→REF-0492；Y01→REF-0001；Y02→not available；Y03→REF-0343；Y04→REF-0344；Y05→REF-0344；Y06→REF-0481；Y07→REF-0479
HC-0155,"Cyclohexene, 4-methyl-1-(1-methylethyl)-",500-00-5,reported,10369.0,C10H18,YYCPSEFQLGXPCO-UHFFFAOYSA-N,CC1CC=C(C(C)C)CC1,development,C10H18,pure single-component molecule,hydrocarbon (C/H only),False,False,non-aromatic,monocyclic alicyclic,False,138.254,1.8,0.0,1.0,3.0,1.09861228866811,3.22592672185406,42.771,,not available,0.823,-42.0,167.0,42.36,0.8911,X01→REF-0488；X02/X05/X06→REF-0491；X03→REF-0490；X04→REF-0489；X07→REF-0492；Y01→REF-0001；Y02→not available；Y03→REF-0004；Y04→REF-0004；Y05→REF-0004；Y06→REF-0481；Y07→REF-0482
HC-0156,Cyclopentene,,not available or not unambiguously resolved,8882.0,C5H8,LPIQUOYDBNQMRZ-UHFFFAOYSA-N,C1=CCCC1,development,C5H8,pure single-component molecule,hydrocarbon (C/H only),False,False,non-aromatic,monocyclic alicyclic,False,68.119,1.6,0.0,1.0,0.0,1.09861228866811,1.24972956613078,42.1,,not available,0.774,-135.0,44.444,-41.34,0.2656,X01→REF-0488；X02/X05/X06→REF-0491；X03→REF-0490；X04→REF-0489；X07→REF-0492；Y01→REF-0001；Y02→not available；Y03→REF-0345；Y04→REF-0345；Y05→REF-0345；Y06→REF-0481；Y07→REF-0479
HC-0157,gamma-Bisabolene,495-62-5,reported,62346.0,C15H24,XBGUIVFBMBVUEG-UHFFFAOYSA-N,CC(C)=CCCC(C)=C1CC=C(C)CC1,development,C15H24,pure single-component molecule,hydrocarbon (C/H only),False,False,non-aromatic,monocyclic alicyclic,False,204.357,1.6,0.0,1.0,4.0,1.09861228866811,5.94671495238704,42.1,,not available,0.8717,5.9,271.8,113.94,2.4527,X01→REF-0488；X02/X05/X06→REF-0491；X03→REF-0490；X04→REF-0489；X07→REF-0492；Y01→REF-0001；Y02→not available；Y03→REF-0004；Y04→REF-0004；Y05→REF-0004；Y06→REF-0481；Y07→REF-0482
HC-0158,Gamma-Terpinene,99-85-4,reported,7461.0,C10H16,YKFLAYDHMOASIY-UHFFFAOYSA-N,CC1=CCC(C(C)C)=CC1,development,C10H16,pure single-component molecule,hydrocarbon (C/H only),False,False,non-aromatic,monocyclic alicyclic,False,136.238,1.6,0.0,1.0,3.0,1.09861228866811,3.04628040762656,42.1,,not available,0.8449,-10.0,182.0,50.0,1.0197,X01→REF-0488；X02/X05/X06→REF-0491；X03→REF-0490；X04→REF-0489；X07→REF-0492；Y01→REF-0001；Y02→not available；Y03→REF-0346；Y04→REF-0347；Y05→REF-0348；Y06→REF-0479；Y07→REF-0482
HC-0159,Isopropylcyclohexane,696-29-7,reported,12763.0,C9H18,GWESVXSMPKAFAS-UHFFFAOYSA-N,CC(C)C1CCCCC1,development,C9H18,pure single-component molecule,hydrocarbon (C/H only),False,False,non-aromatic,monocyclic alicyclic,False,126.243,2.0,0.0,1.0,2.0,1.6094379124341,3.2396694214876,43.423,34.98,author-curated independent response; source audit pending,0.80214,-90.4,152.85,32.7,0.7869,X01→REF-0488；X02/X05/X06→REF-0491；X03→REF-0490；X04→REF-0489；X07→REF-0492；Y01→REF-0001；Y02→REF-0493；Y03→REF-0349；Y04→REF-0350；Y05→REF-0351；Y06→REF-0481；Y07→REF-0482
HC-0160,Nonylcyclohexane,2883-02-5,reported,17900.0,C15H30,CLMFECCMAVQYQA-UHFFFAOYSA-N,CCCCCCCCCC1CCCCC1,development,C15H30,pure single-component molecule,hydrocarbon (C/H only),False,False,non-aromatic,monocyclic alicyclic,False,210.405,2.0,0.0,1.0,1.0,1.09861228866811,9.2421875,43.793,36.0,author-curated independent response; source audit pending,0.81641,-6.96,271.85,113.97,2.454,X01→REF-0488；X02/X05/X06→REF-0491；X03→REF-0490；X04→REF-0489；X07→REF-0492；Y01→REF-0352；Y02→REF-0493；Y03→REF-0146；Y04→REF-0002；Y05→REF-0353；Y06→REF-0481；Y07→REF-0482
HC-0161,Pentylcyclohexane,4292-92-6,reported,20284.0,C11H22,HLTMUYBTNSVOFY-UHFFFAOYSA-N,CCCCCC1CCCCC1,development,C11H22,pure single-component molecule,hydrocarbon (C/H only),False,False,non-aromatic,monocyclic alicyclic,False,154.297,2.0,0.0,1.0,1.0,1.09861228866811,5.625,43.781,35.2,author-curated independent response; source audit pending,0.80411,-52.04,203.85,67.53,1.2481,X01→REF-0488；X02/X05/X06→REF-0491；X03→REF-0490；X04→REF-0489；X07→REF-0492；Y01→REF-0354；Y02→REF-0493；Y03→REF-0146；Y04→REF-0002；Y05→REF-0355；Y06→REF-0481；Y07→REF-0482
HC-0162,"5-Methyl-1,2,3,4-tetrahydronaphthalene",2809-64-5,reported,17768.0,C11H14,YXOVIGZJPGLNGM-UHFFFAOYSA-N,Cc1cccc2c1CCCC2,development,C11H14,pure single-component molecule,hydrocarbon (C/H only),False,False,aromatic,polycyclic aromatic,True,146.233,1.27272727272727,0.545454545454545,2.0,3.0,0.693147180559945,2.68933715061274,38.665,39.75,author-curated independent response; source audit pending,0.91202,-23.05,234.05,88.16,1.6697,X01→REF-0488；X02/X05/X06→REF-0491；X03→REF-0490；X04→REF-0489；X07→REF-0492；Y01→REF-0356；Y02→REF-0493；Y03→REF-0001；Y04→REF-0357；Y05→REF-0358；Y06→REF-0481；Y07→REF-0482
HC-0163,Alpha-Methylstyrene,,not available or not unambiguously resolved,7407.0,C9H10,XYLMUPLGERFSHI-UHFFFAOYSA-N,C=C(C)c1ccccc1,development,C9H10,pure single-component molecule,hydrocarbon (C/H only),False,False,aromatic,monocyclic aromatic,True,118.179,1.11111111111111,0.666666666666667,1.0,2.0,1.09861228866811,2.49220109353075,40.372,,not available,0.91,-23.2,165.4,41.27,0.8785,X01→REF-0488；X02/X05/X06→REF-0491；X03→REF-0490；X04→REF-0489；X07→REF-0492；Y01→REF-0001；Y02→not available；Y03→REF-0359；Y04→REF-0360；Y05→REF-0360；Y06→REF-0481；Y07→REF-0482
HC-0164,"Benzene, 1-methyl-3-propyl-",1074-43-7,reported,14092.0,C10H14,QUEBYVKXYIKVSO-UHFFFAOYSA-N,CCCc1cccc(C)c1,development,C10H14,pure single-component molecule,hydrocarbon (C/H only),False,False,aromatic,monocyclic aromatic,False,134.222,1.4,0.6,1.0,2.0,0.693147180559945,3.40377229355524,41.363,35.79,author-curated independent response; source audit pending,0.87538,-82.58,180.85,51.82,1.0091,X01→REF-0488；X02/X05/X06→REF-0491；X03→REF-0490；X04→REF-0489；X07→REF-0492；Y01→REF-0361；Y02→REF-0493；Y03→REF-0001；Y04→REF-0362；Y05→REF-0363；Y06→REF-0481；Y07→REF-0482
HC-0165,Dodecylbenzene,123-01-3,reported,31237.0,C18H30,KWKXNDCHNDYVRT-UHFFFAOYSA-N,CCCCCCCCCCCCc1ccccc1,development,C18H30,pure single-component molecule,hydrocarbon (C/H only),False,False,aromatic,monocyclic aromatic,False,246.438,1.66666666666667,0.333333333333333,1.0,1.0,1.09861228866811,11.3183575545142,42.326,36.4,author-curated independent response; source audit pending,0.85489,-3.15,316.85,144.71,4.2604,X01→REF-0488；X02/X05/X06→REF-0491；X03→REF-0490；X04→REF-0489；X07→REF-0492；Y01→REF-0001；Y02→REF-0493；Y03→REF-0364；Y04→REF-0365；Y05→REF-0366；Y06→REF-0481；Y07→REF-0479
HC-0166,"3,7-dimethyldecane",,not available or not unambiguously resolved,,C12H26,VDAVEASVPZDNQB-UHFFFAOYSA-N,CCCC(C)CCCC(C)CC,development,C12H26,pure single-component molecule,hydrocarbon (C/H only),False,False,non-aromatic,branched alkane,False,170.34,2.16666666666667,0.0,0.0,2.0,0.693147180559945,7.63888888888889,43.952682869555,,not available,0.757234941098022,-78.15,200.13,64.98879,1.2052516959872,X01→REF-0488；X02/X05/X06→REF-0491；X03→REF-0490；X04→REF-0489；X07→REF-0492；Y01→REF-0001；Y02→not available；Y03→REF-0001；Y04→REF-0002；Y05→REF-0002；Y06→REF-0481；Y07→REF-0482
HC-0167,Hexylbenzene,1077-16-3,reported,14109.0,C12H18,LTEQMZWBSYACLV-UHFFFAOYSA-N,CCCCCCc1ccccc1,development,C12H18,pure single-component molecule,hydrocarbon (C/H only),False,False,aromatic,monocyclic aromatic,False,162.276,1.5,0.5,1.0,1.0,1.09861228866811,5.81795457528508,41.757,36.04,author-curated independent response; source audit pending,0.8586,-63.45,220.85,79.14,1.4467,X01→REF-0488；X02/X05/X06→REF-0491；X03→REF-0490；X04→REF-0489；X07→REF-0492；Y01→REF-0001；Y02→REF-0493；Y03→REF-0198；Y04→REF-0369；Y05→REF-0370；Y06→REF-0481；Y07→REF-0479
HC-0168,Octylbenzene,2189-60-8,reported,16607.0,C14H22,CDKDZKXSXLNROY-UHFFFAOYSA-N,CCCCCCCCc1ccccc1,development,C14H22,pure single-component molecule,hydrocarbon (C/H only),False,False,aromatic,monocyclic aromatic,False,190.33,1.57142857142857,0.428571428571429,1.0,1.0,1.09861228866811,7.60777617547046,42.002,36.17,author-curated independent response; source audit pending,0.85627,-23.15,260.85,106.46,2.1884,X01→REF-0488；X02/X05/X06→REF-0491；X03→REF-0490；X04→REF-0489；X07→REF-0492；Y01→REF-0001；Y02→REF-0493；Y03→REF-0364；Y04→REF-0371；Y05→REF-0372；Y06→REF-0481；Y07→REF-0482
HC-0169,Styrene,,not available or not unambiguously resolved,7501.0,C8H8,PPBRXRYQALVLMV-UHFFFAOYSA-N,C=Cc1ccccc1,development,C8H8,pure single-component molecule,hydrocarbon (C/H only),False,False,aromatic,monocyclic aromatic,True,104.152,1.0,0.75,1.0,1.0,1.09861228866811,2.31410721951466,39.961,,not available,0.90626,-30.65,145.0,27.34,0.6643,X01→REF-0488；X02/X05/X06→REF-0491；X03→REF-0490；X04→REF-0489；X07→REF-0492；Y01→REF-0001；Y02→not available；Y03→REF-0373；Y04→REF-0374；Y05→REF-0375；Y06→REF-0481；Y07→REF-0479
HC-0170,Tert-Butylbenzene,98-06-6,reported,7366.0,C10H14,YTZKOQUCBOVLHL-UHFFFAOYSA-N,CC(C)(C)c1ccccc1,development,C10H14,pure single-component molecule,hydrocarbon (C/H only),False,False,aromatic,monocyclic aromatic,False,134.222,1.4,0.6,1.0,2.0,2.56494935746154,2.45179018632659,41.408,,not available,0.86223,-57.8,169.1,43.8,0.9736,X01→REF-0488；X02/X05/X06→REF-0491；X03→REF-0490；X04→REF-0489；X07→REF-0492；Y01→REF-0001；Y02→not available；Y03→REF-0376；Y04→REF-0377；Y05→REF-0378；Y06→REF-0481；Y07→REF-0479
HC-0171,Tridecylbenzene,123-02-4,reported,31238.0,C19H32,MCVUKOYZUCWLQQ-UHFFFAOYSA-N,CCCCCCCCCCCCCc1ccccc1,development,C19H32,pure single-component molecule,hydrocarbon (C/H only),False,False,aromatic,monocyclic aromatic,False,260.465,1.68421052631579,0.315789473684211,1.0,1.0,1.09861228866811,12.2638853041782,42.385,36.46,author-curated independent response; source audit pending,0.855,10.0,346.0,164.62,5.6315,X01→REF-0488；X02/X05/X06→REF-0491；X03→REF-0490；X04→REF-0489；X07→REF-0492；Y01→REF-0001；Y02→REF-0493；Y03→REF-0379；Y04→REF-0379；Y05→REF-0379；Y06→REF-0481；Y07→REF-0482
HC-0172,Undecylbenzene,6742-54-7,reported,23194.0,C17H28,XBEADGFTLHRJRB-UHFFFAOYSA-N,CCCCCCCCCCCc1ccccc1,development,C17H28,pure single-component molecule,hydrocarbon (C/H only),False,False,aromatic,monocyclic aromatic,False,232.411,1.64705882352941,0.352941176470588,1.0,1.0,1.09861228866811,10.3788097463852,42.26,36.42,author-curated independent response; source audit pending,0.8568,-5.0,295.85,130.37,3.1743,X01→REF-0488；X02/X05/X06→REF-0491；X03→REF-0490；X04→REF-0489；X07→REF-0492；Y01→REF-0001；Y02→REF-0493；Y03→REF-0209；Y04→REF-0380；Y05→REF-0381；Y06→REF-0481；Y07→REF-0482
HC-0173,4-methyldecane,,not available or not unambiguously resolved,,C11H24,DVWZNKLWPILULD-UHFFFAOYSA-N,CCCCCCC(C)CCC,development,C11H24,pure single-component molecule,hydrocarbon (C/H only),False,False,non-aromatic,branched alkane,False,156.313,2.18181818181818,0.0,0.0,1.0,0.693147180559945,8.1,44.0001791277757,,not available,0.750278391091485,-74.42,177.69,49.66227,0.980638755546608,X01→REF-0488；X02/X05/X06→REF-0491；X03→REF-0490；X04→REF-0489；X07→REF-0492；Y01→REF-0001；Y02→not available；Y03→REF-0001；Y04→REF-0002；Y05→REF-0002；Y06→REF-0481；Y07→REF-0482
HC-0175,4-propyldecane,17312-61-7,reported,529908.0,C13H28,DEYIWSIHCYZIOF-UHFFFAOYSA-N,CCCCCCC(CCC)CCC,development,C13H28,pure single-component molecule,hydrocarbon (C/H only),False,False,non-aromatic,branched alkane,False,184.367,2.15384615384615,0.0,0.0,1.0,1.09861228866811,10.0833333333333,43.9124138267694,,not available,0.763234807087266,-51.88,223.45,80.91635,1.50515154401672,X01→REF-0488；X02/X05/X06→REF-0491；X03→REF-0490；X04→REF-0489；X07→REF-0492；Y01→REF-0001；Y02→not available；Y03→REF-0001；Y04→REF-0002；Y05→REF-0002；Y06→REF-0481；Y07→REF-0482
HC-0176,Dicyclopentadiene,,not available or not unambiguously resolved,6492.0,C10H12,HECLRDQVFMWTQS-UHFFFAOYSA-N,C1=CC2C3C=CC(C3)C2C1,development,C10H12,pure single-component molecule,hydrocarbon (C/H only),False,False,non-aromatic,polycyclic alicyclic,True,132.206,1.2,0.0,3.0,4.0,0.693147180559945,1.55280239201127,40.696,43.28,author-curated independent response; source audit pending,0.9302,32.9,166.6,42.09,0.8146,X01→REF-0488；X02/X05/X06→REF-0491；X03→REF-0490；X04→REF-0489；X07→REF-0492；Y01→REF-0001；Y02→REF-0493；Y03→REF-0386；Y04→REF-0386；Y05→REF-0387；Y06→REF-0481；Y07→REF-0479
HC-0177,"4,5-dimethylnonane",,not available or not unambiguously resolved,,C11H24,JDNGDDOTBYZAGS-UHFFFAOYSA-N,CCCCC(C)C(C)CCC,development,C11H24,pure single-component molecule,hydrocarbon (C/H only),False,False,non-aromatic,branched alkane,False,156.313,2.18181818181818,0.0,0.0,2.0,0.693147180559945,6.69421487603306,44.0001791277757,,not available,0.750278391091485,-89.42,177.25,49.36175,0.976751136527137,X01→REF-0488；X02/X05/X06→REF-0491；X03→REF-0490；X04→REF-0489；X07→REF-0492；Y01→REF-0001；Y02→not available；Y03→REF-0001；Y04→REF-0002；Y05→REF-0002；Y06→REF-0481；Y07→REF-0482
HC-0178,"1,6-Dimethylnaphthalene",575-43-9,reported,11328.0,C12H12,CBMXCNPQDUJNHT-UHFFFAOYSA-N,Cc1ccc2c(C)cccc2c1,development,C12H12,pure single-component molecule,hydrocarbon (C/H only),False,False,aromatic,polycyclic aromatic,True,156.228,1.0,0.833333333333333,2.0,4.0,0.693147180559945,2.63255405356951,39.961,,not available,1.003,-16.9,264.0,108.61,2.2609,X01→REF-0488；X02/X05/X06→REF-0491；X03→REF-0490；X04→REF-0489；X07→REF-0492；Y01→REF-0001；Y02→not available；Y03→REF-0388；Y04→REF-0388；Y05→REF-0388；Y06→REF-0481；Y07→REF-0482
HC-0180,1-Ethylnaphthalene,1127-76-0,reported,14315.0,C12H12,ZMXIYERNXPIYFR-UHFFFAOYSA-N,CCc1cccc2ccccc12,development,C12H12,pure single-component molecule,hydrocarbon (C/H only),False,False,aromatic,polycyclic aromatic,True,156.228,1.0,0.833333333333333,2.0,3.0,0.693147180559945,2.97859142358716,37.811,40.18,author-curated independent response; source audit pending,0.99035,-13.88,266.85,110.56,2.3289,X01→REF-0488；X02/X05/X06→REF-0491；X03→REF-0490；X04→REF-0489；X07→REF-0492；Y01→REF-0392；Y02→REF-0493；Y03→REF-0001；Y04→REF-0393；Y05→REF-0394；Y06→REF-0481；Y07→REF-0482
HC-0181,1-Propylnaphthalene,2765-18-6,reported,33800.0,C13H14,HMAMGXMFMCAOPV-UHFFFAOYSA-N,CCCc1cccc2ccccc12,development,C13H14,pure single-component molecule,hydrocarbon (C/H only),False,False,aromatic,polycyclic aromatic,True,170.255,1.07692307692308,0.769230769230769,2.0,3.0,0.693147180559945,3.60989278927176,38.249,39.76,author-curated independent response; source audit pending,0.97646,-8.6,272.85,114.66,2.4799,X01→REF-0488；X02/X05/X06→REF-0491；X03→REF-0490；X04→REF-0489；X07→REF-0492；Y01→REF-0395；Y02→REF-0493；Y03→REF-0001；Y04→REF-0396；Y05→REF-0397；Y06→REF-0481；Y07→REF-0482
HC-0182,2-Methylnaphthalene,91-57-6,reported,7055.0,C11H10,QIMMUPPBPVKWKM-UHFFFAOYSA-N,Cc1ccc2ccccc2c1,development,C11H10,pure single-component molecule,hydrocarbon (C/H only),False,False,aromatic,polycyclic aromatic,True,142.201,0.909090909090909,0.909090909090909,2.0,3.0,0.693147180559945,2.38707482993197,39.442,45.8,author-curated independent response; source audit pending,1.0058,33.85,240.85,92.8,1.8153,X01→REF-0488；X02/X05/X06→REF-0491；X03→REF-0490；X04→REF-0489；X07→REF-0492；Y01→REF-0398；Y02→REF-0493；Y03→REF-0399；Y04→REF-0400；Y05→REF-0401；Y06→REF-0481；Y07→REF-0479
HC-0183,"4,6-dimethyldecane",,not available or not unambiguously resolved,,C12H26,TVGNRLXIJXKVGD-UHFFFAOYSA-N,CCCCC(C)CC(C)CCC,development,C12H26,pure single-component molecule,hydrocarbon (C/H only),False,False,non-aromatic,branched alkane,False,170.34,2.16666666666667,0.0,0.0,2.0,0.693147180559945,7.63888888888889,43.952682869555,,not available,0.757234941098022,-78.15,200.13,64.98879,1.2052516959872,X01→REF-0488；X02/X05/X06→REF-0491；X03→REF-0490；X04→REF-0489；X07→REF-0492；Y01→REF-0001；Y02→not available；Y03→REF-0001；Y04→REF-0002；Y05→REF-0002；Y06→REF-0481；Y07→REF-0482
HC-0184,5-butylnonane,17312-63-9,reported,300476.0,C13H28,YXSQPZMAIVSYDV-UHFFFAOYSA-N,CCCCC(CCCC)CCCC,development,C13H28,pure single-component molecule,hydrocarbon (C/H only),False,False,non-aromatic,branched alkane,False,184.367,2.15384615384615,0.0,0.0,1.0,1.94591014905531,10.0833333333333,43.9124138267694,,not available,0.763234807087266,-51.88,223.45,80.91635,1.50515154401672,X01→REF-0488；X02/X05/X06→REF-0491；X03→REF-0490；X04→REF-0489；X07→REF-0492；Y01→REF-0001；Y02→not available；Y03→REF-0001；Y04→REF-0002；Y05→REF-0002；Y06→REF-0481；Y07→REF-0482
HC-0185,5-methyldecane,,not available or not unambiguously resolved,,C11H24,QUYFPNWYGLFQQU-UHFFFAOYSA-N,CCCCCC(C)CCCC,development,C11H24,pure single-component molecule,hydrocarbon (C/H only),False,False,non-aromatic,branched alkane,False,156.313,2.18181818181818,0.0,0.0,1.0,0.693147180559945,8.1,44.0001791277757,,not available,0.750278391091485,-74.42,177.69,49.66227,0.980638755546608,X01→REF-0488；X02/X05/X06→REF-0491；X03→REF-0490；X04→REF-0489；X07→REF-0492；Y01→REF-0001；Y02→not available；Y03→REF-0001；Y04→REF-0002；Y05→REF-0002；Y06→REF-0481；Y07→REF-0482
HC-0186,1-ethyl-2-methylcycloheptane,,not available or not unambiguously resolved,,C10H20,WYBRRMLWDAMSTN-UHFFFAOYSA-N,CCC1CCCCCC1C,development,C10H20,pure single-component molecule,hydrocarbon (C/H only),False,False,non-aromatic,monocyclic alicyclic,False,140.27,2.0,0.0,1.0,2.0,0.693147180559945,4.0,43.4233977329436,,not available,0.770164168451106,-71.07,174.4,47.4152,0.952002771615288,X01→REF-0488；X02/X05/X06→REF-0491；X03→REF-0490；X04→REF-0489；X07→REF-0492；Y01→REF-0001；Y02→not available；Y03→REF-0001；Y04→REF-0002；Y05→REF-0002；Y06→REF-0481；Y07→REF-0482
HC-0187,1-isopropyl-2-methylcyclohexane,,not available or not unambiguously resolved,,C10H20,UMWPTXOKSJXVDS-UHFFFAOYSA-N,CC(C)C1CCCCC1C,development,C10H20,pure single-component molecule,hydrocarbon (C/H only),False,False,non-aromatic,monocyclic alicyclic,False,140.27,2.0,0.0,1.0,3.0,1.09861228866811,3.40828402366864,43.4233977329436,,not available,0.770164168451106,-82.55,169.69,44.19827,0.912695016108394,X01→REF-0488；X02/X05/X06→REF-0491；X03→REF-0490；X04→REF-0489；X07→REF-0492；Y01→REF-0001；Y02→not available；Y03→REF-0001；Y04→REF-0002；Y05→REF-0002；Y06→REF-0481；Y07→REF-0482
HC-0188,1-isopropyl-3-methylcyclohexane,,not available or not unambiguously resolved,,C10H20,QRDCBPPMQOPHOU-UHFFFAOYSA-N,CC1CCCC(C(C)C)C1,development,C10H20,pure single-component molecule,hydrocarbon (C/H only),False,False,non-aromatic,monocyclic alicyclic,False,140.27,2.0,0.0,1.0,3.0,1.09861228866811,3.40828402366864,43.4233977329436,,not available,0.770164168451106,-82.55,169.69,44.19827,0.9126950161,X01→REF-0488；X02/X05/X06→REF-0491；X03→REF-0490；X04→REF-0489；X07→REF-0492；Y01→REF-0001；Y02→not available；Y03→REF-0001；Y04→REF-0002；Y05→REF-0002；Y06→REF-0481；Y07→REF-0482
HC-0189,"1,2-diethylcyclohexane",,not available or not unambiguously resolved,,C10H20,GQDRGBVPGCYTNU-UHFFFAOYSA-N,CCC1CCCCC1CC,development,C10H20,pure single-component molecule,hydrocarbon (C/H only),False,False,non-aromatic,monocyclic alicyclic,False,140.27,2.0,0.0,1.0,2.0,1.09861228866811,4.0,43.4233977329436,,not available,0.770164168451106,-67.55,170.13,44.49879,0.916285423104013,X01→REF-0488；X02/X05/X06→REF-0491；X03→REF-0490；X04→REF-0489；X07→REF-0492；Y01→REF-0001；Y02→not available；Y03→REF-0001；Y04→REF-0002；Y05→REF-0002；Y06→REF-0481；Y07→REF-0482
HC-0190,"1,3-diethylcyclohexane",,not available or not unambiguously resolved,,C10H20,WJUNKQFLRQGJAR-UHFFFAOYSA-N,CCC1CCCC(CC)C1,development,C10H20,pure single-component molecule,hydrocarbon (C/H only),False,False,non-aromatic,monocyclic alicyclic,False,140.27,2.0,0.0,1.0,2.0,1.09861228866811,4.0,43.4233977329436,,not available,0.770164168451106,-67.55,170.13,44.49879,0.916285423104013,X01→REF-0488；X02/X05/X06→REF-0491；X03→REF-0490；X04→REF-0489；X07→REF-0492；Y01→REF-0001；Y02→not available；Y03→REF-0001；Y04→REF-0002；Y05→REF-0002；Y06→REF-0481；Y07→REF-0482
HC-0191,"2,4-Dimethylhept-2-ene",860116-58-1,reported,20333611.0,C9H18,LJCMMOJGGBTOFK-UHFFFAOYSA-N,CCCC(C)C=C(C)C,development,C9H18,pure single-component molecule,hydrocarbon (C/H only),False,False,non-aromatic,acyclic alkene,False,126.243,2.0,0.0,0.0,2.0,1.09861228866811,4.60296728788442,43.423,,not available,0.738,-116.0,139.4,23.51,0.7009,X01→REF-0488；X02/X05/X06→REF-0491；X03→REF-0490；X04→REF-0489；X07→REF-0492；Y01→REF-0001；Y02→not available；Y03→REF-0004；Y04→REF-0002；Y05→REF-0004；Y06→REF-0481；Y07→REF-0482
HC-0192,(-)-beta-Pinene,18172-67-3,reported,440967.0,C10H16,WTARULDDTDQWMU-IUCAKERBSA-N,C=C1CCC2CC1C2(C)C,development,C10H16,pure single-component molecule,hydrocarbon (C/H only),False,False,non-aromatic,polycyclic alicyclic,False,136.238,1.6,0.0,3.0,4.0,1.09861228866811,1.66374254705002,42.1,,not available,0.86693,-61.0,167.73,42.86,0.8969,X01→REF-0488；X02/X05/X06→REF-0491；X03→REF-0490；X04→REF-0489；X07→REF-0492；Y01→REF-0001；Y02→not available；Y03→REF-0346；Y04→REF-0420；Y05→REF-0002；Y06→REF-0481；Y07→REF-0482
HC-0193,2-methylbutan-2-ylcyclohexane,31797-64-5,reported,252363.0,C11H22,HEOYZKPYPRYIAR-UHFFFAOYSA-N,CCC(C)(C)C1CCCCC1,development,C11H22,pure single-component molecule,hydrocarbon (C/H only),False,False,non-aromatic,monocyclic alicyclic,False,154.297,2.0,0.0,1.0,2.0,1.6094379124341,3.6,43.4233977329436,,not available,0.776376169870182,-49.62,194.45,61.10935,1.14316235017433,X01→REF-0488；X02/X05/X06→REF-0491；X03→REF-0490；X04→REF-0489；X07→REF-0492；Y01→REF-0001；Y02→not available；Y03→REF-0001；Y04→REF-0002；Y05→REF-0002；Y06→REF-0481；Y07→REF-0482
HC-0194,Cyclopentylcyclohexane,1606-08-2,reported,137104.0,C11H20,WVABZRMBCQFXBK-UHFFFAOYSA-N,C1CCC(C2CCCC2)CC1,development,C11H20,pure single-component molecule,hydrocarbon (C/H only),False,False,non-aromatic,bicyclic alicyclic,False,152.281,1.81818181818182,0.0,2.0,2.0,1.6094379124341,3.6,42.795,38.0,author-curated independent response; source audit pending,0.80512,-41.14,215.15,75.25,1.3894,X01→REF-0488；X02/X05/X06→REF-0491；X03→REF-0490；X04→REF-0489；X07→REF-0492；Y01→REF-0423；Y02→REF-0493；Y03→REF-0001；Y04→REF-0002；Y05→REF-0424；Y06→REF-0481；Y07→REF-0482
HC-0195,Spiro(4.5)decane,176-63-6,reported,135982.0,C10H18,CTDQAGUNKPRERK-UHFFFAOYSA-N,C1CCC2(CC1)CCCC2,development,C10H18,pure single-component molecule,hydrocarbon (C/H only),False,False,non-aromatic,bicyclic alicyclic,False,138.254,1.8,0.0,2.0,1.0,1.6094379124341,2.56,42.76,37.17,author-curated independent response; source audit pending,0.80133,-20.75,184.85,54.55,1.0465,X01→REF-0488；X02/X05/X06→REF-0491；X03→REF-0490；X04→REF-0489；X07→REF-0492；Y01→REF-0425；Y02→REF-0493；Y03→REF-0001；Y04→REF-0002；Y05→REF-0426；Y06→REF-0481；Y07→REF-0482
HC-0196,"2,10-Dimethylundecane",17301-27-8,reported,519386.0,C13H28,AZUSLLNYWXCPIZ-UHFFFAOYSA-N,CC(C)CCCCCCCC(C)C,development,C13H28,pure single-component molecule,hydrocarbon (C/H only),False,False,non-aromatic,branched alkane,False,184.367,2.15384615384615,0.0,0.0,2.0,2.19722457733622,8.59171597633136,43.912,,not available,0.755,-66.88,222.1,79.99,1.4856,X01→REF-0488；X02/X05/X06→REF-0491；X03→REF-0490；X04→REF-0489；X07→REF-0492；Y01→REF-0001；Y02→not available；Y03→REF-0004；Y04→REF-0002；Y05→REF-0004；Y06→REF-0481；Y07→REF-0482
HC-0197,"2,3,4-Trimethylpentane",565-75-3,reported,11269.0,C8H18,RLPGDEORIPLBNF-UHFFFAOYSA-N,CC(C)C(C)C(C)C,development,C8H18,pure single-component molecule,hydrocarbon (C/H only),False,False,non-aromatic,branched alkane,False,114.232,2.25,0.0,0.0,3.0,2.19722457733622,3.11111111111111,44.381,,not available,0.7204,-138.23,108.17,2.18,0.6823,X01→REF-0488；X02/X05/X06→REF-0491；X03→REF-0490；X04→REF-0489；X07→REF-0492；Y01→REF-0005；Y02→not available；Y03→REF-0041；Y04→REF-0002；Y05→REF-0002；Y06→REF-0481；Y07→REF-0479
HC-0198,"2,3,5,6-Tetramethyloctane",62199-31-9,reported,53428896.0,C12H26,IPYLOMHOPWIUFA-UHFFFAOYSA-N,CCC(C)C(C)CC(C)C(C)C,development,C12H26,pure single-component molecule,hydrocarbon (C/H only),False,False,non-aromatic,branched alkane,False,170.34,2.16666666666667,0.0,0.0,4.0,1.09861228866811,5.61224489795918,43.953,,not available,0.746,-108.15,198.7,64.01,1.1893,X01→REF-0488；X02/X05/X06→REF-0491；X03→REF-0490；X04→REF-0489；X07→REF-0492；Y01→REF-0001；Y02→not available；Y03→REF-0004；Y04→REF-0002；Y05→REF-0004；Y06→REF-0481；Y07→REF-0482
HC-0199,"2,3-Dimethylpentane",565-59-3,reported,11260.0,C7H16,WGECXQBGLLYSFP-UHFFFAOYSA-N,CCC(C)C(C)C,development,C7H16,pure single-component molecule,hydrocarbon (C/H only),False,False,non-aromatic,branched alkane,False,100.205,2.28571428571429,0.0,0.0,2.0,1.09861228866811,3.06122448979592,44.469,,not available,0.6949,-134.5,85.73,-13.15,0.533,X01→REF-0488；X02/X05/X06→REF-0491；X03→REF-0490；X04→REF-0489；X07→REF-0492；Y01→REF-0005；Y02→not available；Y03→REF-0427；Y04→REF-0002；Y05→REF-0002；Y06→REF-0481；Y07→REF-0479
HC-0200,"2,5,7-Trimethylnonane",62184-14-9,reported,23443667.0,C12H26,KMBPYTMBXFKXON-UHFFFAOYSA-N,CCC(C)CC(C)CCC(C)C,development,C12H26,pure single-component molecule,hydrocarbon (C/H only),False,False,non-aromatic,branched alkane,False,170.34,2.16666666666667,0.0,0.0,3.0,1.09861228866811,6.50887573964497,43.953,,not available,0.747,-93.15,193.4,60.39,1.1321,X01→REF-0488；X02/X05/X06→REF-0491；X03→REF-0490；X04→REF-0489；X07→REF-0492；Y01→REF-0001；Y02→not available；Y03→REF-0004；Y04→REF-0002；Y05→REF-0004；Y06→REF-0481；Y07→REF-0482
HC-0201,2-Methylpentadecane,1560-93-6,reported,15267.0,C16H34,BANXPJUEBPWEOT-UHFFFAOYSA-N,CCCCCCCCCCCCCC(C)C,development,C16H34,pure single-component molecule,hydrocarbon (C/H only),False,False,non-aromatic,branched alkane,False,226.448,2.125,0.0,0.0,1.0,1.09861228866811,13.0666666666667,43.822,34.02,author-curated independent response; source audit pending,0.775,-10.75,292.09,127.8,3.0467,X01→REF-0488；X02/X05/X06→REF-0491；X03→REF-0490；X04→REF-0489；X07→REF-0492；Y01→REF-0001；Y02→REF-0493；Y03→REF-0053；Y04→REF-0428；Y05→REF-0002；Y06→REF-0481；Y07→REF-0482
HC-0202,2-methylbutylcyclohexane,,not available or not unambiguously resolved,,C11H22,DDQXBDLAGHZBMP-UHFFFAOYSA-N,CCC(C)CC1CCCCC1,development,C11H22,pure single-component molecule,hydrocarbon (C/H only),False,False,non-aromatic,monocyclic alicyclic,False,154.297,2.0,0.0,1.0,2.0,1.09861228866811,4.79289940828402,43.4233977329436,,not available,0.776376169870182,-67.04,197.24,63.01492,1.17318089417183,X01→REF-0488；X02/X05/X06→REF-0491；X03→REF-0490；X04→REF-0489；X07→REF-0492；Y01→REF-0001；Y02→not available；Y03→REF-0001；Y04→REF-0002；Y05→REF-0002；Y06→REF-0481；Y07→REF-0482
HC-0203,"4,5-Diethyloctane",1636-41-5,reported,519254.0,C12H26,XRVCHXCONYJHLU-UHFFFAOYSA-N,CCCC(CC)C(CC)CCC,development,C12H26,pure single-component molecule,hydrocarbon (C/H only),False,False,non-aromatic,branched alkane,False,170.34,2.16666666666667,0.0,0.0,2.0,1.09861228866811,7.63888888888889,43.953,34.04,author-curated independent response; source audit pending,0.75723,-70.15,192.85,60.02,1.1264,X01→REF-0488；X02/X05/X06→REF-0491；X03→REF-0490；X04→REF-0489；X07→REF-0492；Y01→REF-0001；Y02→REF-0493；Y03→REF-0001；Y04→REF-0431；Y05→REF-0431；Y06→REF-0481；Y07→REF-0482
HC-0204,"Octadecane, 3-ethyl",13287-02-0,reported,528554.0,C20H42,RFGDOQAMXMKEQV-UHFFFAOYSA-N,CCCCCCCCCCCCCCCC(CC)CC,development,C20H42,pure single-component molecule,hydrocarbon (C/H only),False,False,non-aromatic,branched alkane,False,282.556,2.1,0.0,0.0,1.0,1.09861228866811,17.0526315789474,43.742,35.02,author-curated independent response; source audit pending,0.78964,2.5,340.85,161.1,5.297,X01→REF-0488；X02/X05/X06→REF-0491；X03→REF-0490；X04→REF-0489；X07→REF-0492；Y01→REF-0001；Y02→REF-0493；Y03→REF-0001；Y04→REF-0432；Y05→REF-0433；Y06→REF-0481；Y07→REF-0482
HC-0205,"1,1,2,3-Tetramethylcyclohexane",6783-92-2,reported,549623.0,C10H20,BUOAKQCLRBVIOX-UHFFFAOYSA-N,CC1CCCC(C)(C)C1C,development,C10H20,pure single-component molecule,hydrocarbon (C/H only),False,False,non-aromatic,monocyclic alicyclic,False,140.27,2.0,0.0,1.0,3.0,1.09861228866811,2.56,43.423,,not available,0.758,-47.89,155.8,34.71,0.8074,X01→REF-0488；X02/X05/X06→REF-0491；X03→REF-0490；X04→REF-0489；X07→REF-0492；Y01→REF-0001；Y02→not available；Y03→REF-0004；Y04→REF-0002；Y05→REF-0004；Y06→REF-0481；Y07→REF-0482
HC-0206,"1,5,5-Trimethylcyclopentene",62184-83-2,reported,143886.0,C8H14,OHIIGLSGZTXTBM-UHFFFAOYSA-N,CC1=CCCC1(C)C,development,C8H14,pure single-component molecule,hydrocarbon (C/H only),False,False,non-aromatic,monocyclic alicyclic,False,110.2,1.75,0.0,1.0,2.0,1.09861228866811,1.61119270741129,42.605,,not available,0.79104,-45.3,108.0,2.06,0.5397,X01→REF-0488；X02/X05/X06→REF-0491；X03→REF-0490；X04→REF-0489；X07→REF-0492；Y01→REF-0001；Y02→not available；Y03→REF-0001；Y04→REF-0004；Y05→REF-0004；Y06→REF-0481；Y07→REF-0482
HC-0207,"1-Ethyl-5,5-dimethylcyclopenta-1,3-diene",496862-86-3,reported,572141.0,C9H14,BMLYRJOYQDJMOR-UHFFFAOYSA-N,CCC1=CC=CC1(C)C,development,C9H14,pure single-component molecule,hydrocarbon (C/H only),False,False,non-aromatic,monocyclic alicyclic,False,122.211,1.55555555555556,0.0,1.0,2.0,1.09861228866811,2.0166124260355,41.948,,not available,0.818,-33.12,141.7,25.08,0.7148,X01→REF-0488；X02/X05/X06→REF-0491；X03→REF-0490；X04→REF-0489；X07→REF-0492；Y01→REF-0001；Y02→not available；Y03→REF-0004；Y04→REF-0002；Y05→REF-0004；Y06→REF-0481；Y07→REF-0482
HC-0208,Isopropylcyclopentane,3875-51-2,reported,19751.0,C8H16,TVSBRLGQVHJIKT-UHFFFAOYSA-N,CC(C)C1CCCC1,development,C8H16,pure single-component molecule,hydrocarbon (C/H only),False,False,non-aromatic,monocyclic alicyclic,False,112.216,2.0,0.0,1.0,2.0,1.6094379124341,2.52,43.423,34.0,author-curated independent response; source audit pending,0.75358,-112.15,126.42,14.64,0.6282,X01→REF-0488；X02/X05/X06→REF-0491；X03→REF-0490；X04→REF-0489；X07→REF-0492；Y01→REF-0001；Y02→REF-0493；Y03→REF-0001；Y04→REF-0434；Y05→REF-0435；Y06→REF-0481；Y07→REF-0482
HC-0209,Pentylcyclopentane,3741-00-2,reported,19540.0,C10H20,HPQURZRDYMUHJI-UHFFFAOYSA-N,CCCCCC1CCCC1,development,C10H20,pure single-component molecule,hydrocarbon (C/H only),False,False,non-aromatic,monocyclic alicyclic,False,140.27,2.0,0.0,1.0,1.0,1.09861228866811,4.7603305785124,43.949,35.2,author-curated independent response; source audit pending,0.77016,-59.79,179.85,51.14,1.0,X01→REF-0488；X02/X05/X06→REF-0491；X03→REF-0490；X04→REF-0489；X07→REF-0492；Y01→REF-0436；Y02→REF-0493；Y03→REF-0001；Y04→REF-0002；Y05→REF-0437；Y06→REF-0481；Y07→REF-0482
HC-0210,tert-Butylcyclohexane,3178-22-1,reported,18508.0,C10H20,XTVMZZBLCLWBPM-UHFFFAOYSA-N,CC(C)(C)C1CCCCC1,development,C10H20,pure single-component molecule,hydrocarbon (C/H only),False,False,non-aromatic,monocyclic alicyclic,False,140.27,2.0,0.0,1.0,2.0,2.56494935746154,2.93877551020408,43.423,35.5,author-curated independent response; source audit pending,0.77016,-41.2,170.85,44.99,0.9222,X01→REF-0488；X02/X05/X06→REF-0491；X03→REF-0490；X04→REF-0489；X07→REF-0492；Y01→REF-0001；Y02→REF-0493；Y03→REF-0001；Y04→REF-0438；Y05→REF-0439；Y06→REF-0481；Y07→REF-0482
HC-0211,"1,3,5-Triisopropylbenzene",717-74-8,reported,12860.0,C15H24,VUMCUSHVMYIRMB-UHFFFAOYSA-N,CC(C)c1cc(C(C)C)cc(C(C)C)c1,development,C15H24,pure single-component molecule,hydrocarbon (C/H only),False,False,aromatic,monocyclic aromatic,False,204.357,1.6,0.4,1.0,6.0,3.89182029811063,4.82849253659792,42.1,33.6,author-curated independent response; source audit pending,0.86453,-7.35,234.05,88.16,1.6697,X01→REF-0488；X02/X05/X06→REF-0491；X03→REF-0490；X04→REF-0489；X07→REF-0492；Y01→REF-0001；Y02→REF-0493；Y03→REF-0001；Y04→REF-0440；Y05→REF-0441；Y06→REF-0481；Y07→REF-0482
HC-0212,"4,7-Dimethylindan",6682-71-9,reported,23151.0,C11H14,IWHKMCQFAMHMSX-UHFFFAOYSA-N,Cc1ccc(C)c2c1CCC2,development,C11H14,pure single-component molecule,hydrocarbon (C/H only),False,False,aromatic,polycyclic aromatic,True,146.233,1.27272727272727,0.545454545454545,2.0,4.0,1.09861228866811,2.367951791109,40.729,38.86,author-curated independent response; source audit pending,0.91202,-0.52,231.16,86.18,1.6229,X01→REF-0488；X02/X05/X06→REF-0491；X03→REF-0490；X04→REF-0489；X07→REF-0492；Y01→REF-0442；Y02→REF-0493；Y03→REF-0001；Y04→REF-0443；Y05→REF-0002；Y06→REF-0481；Y07→REF-0482
HC-0213,Pentylbenzene,538-68-1,reported,10864.0,C11H16,PWATWSYOIIXYMA-UHFFFAOYSA-N,CCCCCc1ccccc1,development,C11H16,pure single-component molecule,hydrocarbon (C/H only),False,False,aromatic,monocyclic aromatic,False,148.249,1.45454545454545,0.545454545454545,1.0,1.0,1.09861228866811,4.94867396837199,41.599,35.94,author-curated independent response; source audit pending,0.87236,-78.25,197.85,63.43,1.1799,X01→REF-0488；X02/X05/X06→REF-0491；X03→REF-0490；X04→REF-0489；X07→REF-0492；Y01→REF-0001；Y02→REF-0493；Y03→REF-0001；Y04→REF-0444；Y05→REF-0445；Y06→REF-0481；Y07→REF-0482
HC-0214,Dihydromyrcene,,not available or not unambiguously resolved,17090.0,C10H18,FUDNBFMOXDUIIE-UHFFFAOYSA-N,C=CC(C)CCC=C(C)C,development,C10H18,pure single-component molecule,hydrocarbon (C/H only),False,False,non-aromatic,acyclic polyene/diene,False,138.254,1.8,0.0,0.0,2.0,1.09861228866811,5.27937331980274,42.771,,not available,0.7668,-106.49,155.53,34.53,0.8055,X01→REF-0488；X02/X05/X06→REF-0491；X03→REF-0490；X04→REF-0489；X07→REF-0492；Y01→REF-0001；Y02→not available；Y03→REF-0446；Y04→REF-0002；Y05→REF-0002；Y06→REF-0481；Y07→REF-0482
HC-0215,(-)-alpha-Pinene,,not available or not unambiguously resolved,440968.0,C10H16,GRWFGVWFFZKLTI-IUCAKERBSA-N,CC1=CCC2CC1C2(C)C,development,C10H16,pure single-component molecule,hydrocarbon (C/H only),False,False,non-aromatic,polycyclic alicyclic,False,136.238,1.6,0.0,3.0,4.0,1.09861228866811,1.66374254705002,42.1,,not available,0.83618,-62.0,172.71,46.26,0.9377,X01→REF-0488；X02/X05/X06→REF-0491；X03→REF-0490；X04→REF-0489；X07→REF-0492；Y01→REF-0001；Y02→not available；Y03→REF-0001；Y04→REF-0447；Y05→REF-0002；Y06→REF-0481；Y07→REF-0482
HC-0216,1-Methylnorbornane,10052-18-3,reported,139085.0,C8H14,UTPHVTOEOCZQJU-UHFFFAOYSA-N,CC12CCC(CC1)C2,development,C8H14,pure single-component molecule,hydrocarbon (C/H only),False,False,non-aromatic,bicyclic alicyclic,False,110.2,1.75,0.0,2.0,2.0,1.09861228866811,1.28571428571429,42.741,38.5,author-curated independent response; source audit pending,0.79104,-36.97,127.48,15.37,0.6338,X01→REF-0488；X02/X05/X06→REF-0491；X03→REF-0490；X04→REF-0489；X07→REF-0492；Y01→REF-0448；Y02→REF-0493；Y03→REF-0001；Y04→REF-0002；Y05→REF-0002；Y06→REF-0481；Y07→REF-0482
HC-0217,Spiro[5.6]dodecane,181-15-7,reported,9097.0,C12H22,ZDNANLAHKKNCTC-UHFFFAOYSA-N,C1CCCC2(CC1)CCCCC2,development,C12H22,pure single-component molecule,hydrocarbon (C/H only),False,False,non-aromatic,bicyclic alicyclic,False,166.308,1.83333333333333,0.0,2.0,1.0,1.6094379124341,3.80622837370242,42.872,38.41,author-curated independent response; source audit pending,0.8083,-5.25,245.02,95.65,1.8626,X01→REF-0488；X02/X05/X06→REF-0491；X03→REF-0490；X04→REF-0489；X07→REF-0492；Y01→REF-0449；Y02→REF-0493；Y03→REF-0001；Y04→REF-0002；Y05→REF-0002；Y06→REF-0481；Y07→REF-0482
HC-0218,"2,3-Dimethylheptane",3074-71-3,reported,26375.0,C9H20,WBRFDUJXCLCKPX-UHFFFAOYSA-N,CCCCC(C)C(C)C,development,C9H20,pure single-component molecule,hydrocarbon (C/H only),False,False,non-aromatic,branched alkane,False,128.259,2.22222222222222,0.0,0.0,2.0,1.09861228866811,4.83950617283951,44.126,32.9,author-curated independent response; source audit pending,0.73241,-111.96,139.85,23.82,0.7036,X01→REF-0488；X02/X05/X06→REF-0491；X03→REF-0490；X04→REF-0489；X07→REF-0492；Y01→REF-0001；Y02→REF-0493；Y03→REF-0001；Y04→REF-0002；Y05→REF-0450；Y06→REF-0481；Y07→REF-0482
HC-0219,"2,3-Dimethylnonane",2884-06-2,reported,520397.0,C11H24,IGJRNTLDWLTHCQ-UHFFFAOYSA-N,CCCCCCC(C)C(C)C,development,C11H24,pure single-component molecule,hydrocarbon (C/H only),False,False,non-aromatic,branched alkane,False,156.313,2.18181818181818,0.0,0.0,2.0,1.09861228866811,6.69421487603306,44.0,33.15,author-curated independent response; source audit pending,0.75028,-89.42,174.85,47.72,0.9559,X01→REF-0488；X02/X05/X06→REF-0491；X03→REF-0490；X04→REF-0489；X07→REF-0492；Y01→REF-0001；Y02→REF-0493；Y03→REF-0001；Y04→REF-0002；Y05→REF-0451；Y06→REF-0481；Y07→REF-0482
HC-0220,"2,5-Dimethyldecane",17312-50-4,reported,519394.0,C12H26,DQHKBYZSYRJBMD-UHFFFAOYSA-N,CCCCCC(C)CCC(C)C,development,C12H26,pure single-component molecule,hydrocarbon (C/H only),False,False,non-aromatic,branched alkane,False,170.34,2.16666666666667,0.0,0.0,2.0,1.09861228866811,7.63888888888889,43.953,33.1,author-curated independent response; source audit pending,0.75723,-61.85,200.13,64.99,1.2053,X01→REF-0488；X02/X05/X06→REF-0491；X03→REF-0490；X04→REF-0489；X07→REF-0492；Y01→REF-0001；Y02→REF-0493；Y03→REF-0001；Y04→REF-0452；Y05→REF-0002；Y06→REF-0481；Y07→REF-0482
HC-0221,"2,5-Dimethyloctane",15869-89-3,reported,139988.0,C10H22,HOAAQUNESXYFDT-UHFFFAOYSA-N,CCCC(C)CCC(C)C,development,C10H22,pure single-component molecule,hydrocarbon (C/H only),False,False,non-aromatic,branched alkane,False,142.286,2.2,0.0,0.0,2.0,1.09861228866811,5.76,44.057,32.22,author-curated independent response; source audit pending,0.74212,-100.69,156.85,35.43,0.8148,X01→REF-0488；X02/X05/X06→REF-0491；X03→REF-0490；X04→REF-0489；X07→REF-0492；Y01→REF-0001；Y02→REF-0493；Y03→REF-0001；Y04→REF-0002；Y05→REF-0453；Y06→REF-0481；Y07→REF-0482
HC-0222,"2,5-Dimethylundecane",17301-22-3,reported,28452.0,C13H28,HGYKYVHHAJFANS-UHFFFAOYSA-N,CCCCCCC(C)CCC(C)C,development,C13H28,pure single-component molecule,hydrocarbon (C/H only),False,False,non-aromatic,branched alkane,False,184.367,2.15384615384615,0.0,0.0,2.0,1.09861228866811,8.59171597633136,43.912,33.32,author-curated independent response; source audit pending,0.76323,-66.88,215.0,75.15,1.3874,X01→REF-0488；X02/X05/X06→REF-0491；X03→REF-0490；X04→REF-0489；X07→REF-0492；Y01→REF-0001；Y02→REF-0493；Y03→REF-0001；Y04→REF-0002；Y05→REF-0454；Y06→REF-0481；Y07→REF-0482
HC-0223,2-Methyloctadecane,1560-88-9,reported,15264.0,C19H40,KVQVGSDBGJXNGV-UHFFFAOYSA-N,CCCCCCCCCCCCCCCCC(C)C,development,C19H40,pure single-component molecule,hydrocarbon (C/H only),False,False,non-aromatic,branched alkane,False,268.529,2.10526315789474,0.0,0.0,1.0,1.09861228866811,16.0555555555556,43.759,34.51,author-curated independent response; source audit pending,0.78697,11.25,360.73,174.68,6.7303,X01→REF-0488；X02/X05/X06→REF-0491；X03→REF-0490；X04→REF-0489；X07→REF-0492；Y01→REF-0001；Y02→REF-0493；Y03→REF-0001；Y04→REF-0455；Y05→REF-0002；Y06→REF-0481；Y07→REF-0482
HC-0224,2-Methyltetradecane,1560-95-8,reported,15268.0,C15H32,KUVMKLCGXIYSNH-UHFFFAOYSA-N,CCCCCCCCCCCCC(C)C,development,C15H32,pure single-component molecule,hydrocarbon (C/H only),False,False,non-aromatic,branched alkane,False,212.421,2.13333333333333,0.0,0.0,1.0,1.09861228866811,12.0714285714286,43.848,33.81,author-curated independent response; source audit pending,0.77306,-8.85,269.21,112.17,2.387,X01→REF-0488；X02/X05/X06→REF-0491；X03→REF-0490；X04→REF-0489；X07→REF-0492；Y01→REF-0001；Y02→REF-0493；Y03→REF-0001；Y04→REF-0456；Y05→REF-0002；Y06→REF-0481；Y07→REF-0482
HC-0225,"3,5-Dimethylheptane",926-82-9,reported,13558.0,C9H20,DZJTZGHZAWTWGA-UHFFFAOYSA-N,CCC(C)CC(C)CC,development,C9H20,pure single-component molecule,hydrocarbon (C/H only),False,False,non-aromatic,branched alkane,False,128.259,2.22222222222222,0.0,0.0,2.0,1.09861228866811,4.83950617283951,44.126,,not available,0.7263,-111.96,131.49,18.11,0.6555,X01→REF-0488；X02/X05/X06→REF-0491；X03→REF-0490；X04→REF-0489；X07→REF-0492；Y01→REF-0001；Y02→not available；Y03→REF-0053；Y04→REF-0002；Y05→REF-0002；Y06→REF-0481；Y07→REF-0482
HC-0226,"3,6-Dimethyloctane",15869-94-0,reported,85927.0,C10H22,JEEQUUSFXYRPRK-UHFFFAOYSA-N,CCC(C)CCC(C)CC,development,C10H22,pure single-component molecule,hydrocarbon (C/H only),False,False,non-aromatic,branched alkane,False,142.286,2.2,0.0,0.0,2.0,1.09861228866811,5.76,44.057,,not available,0.7389,-100.69,154.37,33.73,0.7974,X01→REF-0488；X02/X05/X06→REF-0491；X03→REF-0490；X04→REF-0489；X07→REF-0492；Y01→REF-0001；Y02→not available；Y03→REF-0053；Y04→REF-0002；Y05→REF-0002；Y06→REF-0481；Y07→REF-0482
HC-0227,3-Methylundecane,1002-43-3,reported,13845.0,C12H26,HTZWVZNRDDOFEI-UHFFFAOYSA-N,CCCCCCCCC(C)CC,development,C12H26,pure single-component molecule,hydrocarbon (C/H only),False,False,non-aromatic,branched alkane,False,170.34,2.16666666666667,0.0,0.0,1.0,0.693147180559945,9.09090909090909,43.953,,not available,0.7513,-63.15,200.57,65.29,1.2102,X01→REF-0488；X02/X05/X06→REF-0491；X03→REF-0490；X04→REF-0489；X07→REF-0492；Y01→REF-0001；Y02→not available；Y03→REF-0053；Y04→REF-0002；Y05→REF-0002；Y06→REF-0481；Y07→REF-0482
HC-0228,4-Methyloctane,2216-34-4,reported,16665.0,C9H20,DOGIHOCMZJUJNR-UHFFFAOYSA-N,CCCCC(C)CCC,development,C9H20,pure single-component molecule,hydrocarbon (C/H only),False,False,non-aromatic,branched alkane,False,128.259,2.22222222222222,0.0,0.0,1.0,0.693147180559945,6.125,44.126,,not available,0.7197,-96.96,131.93,18.41,0.6518,X01→REF-0488；X02/X05/X06→REF-0491；X03→REF-0490；X04→REF-0489；X07→REF-0492；Y01→REF-0001；Y02→not available；Y03→REF-0053；Y04→REF-0002；Y05→REF-0002；Y06→REF-0481；Y07→REF-0479
HC-0229,5-Ethyl-3-methylnonane,62184-42-3,reported,22051808.0,C12H26,GDUZVOIDJDZQBC-UHFFFAOYSA-N,CCCCC(CC)CC(C)CC,development,C12H26,pure single-component molecule,hydrocarbon (C/H only),False,False,non-aromatic,branched alkane,False,170.34,2.16666666666667,0.0,0.0,2.0,0.693147180559945,7.63888888888889,43.953,33.1,author-curated independent response; source audit pending,0.75723,-78.15,195.1,61.55,1.1501,X01→REF-0488；X02/X05/X06→REF-0491；X03→REF-0490；X04→REF-0489；X07→REF-0492；Y01→REF-0001；Y02→REF-0493；Y03→REF-0001；Y04→REF-0002；Y05→REF-0004；Y06→REF-0481；Y07→REF-0482
HC-0230,5-Methylundecane,1632-70-8,reported,94213.0,C12H26,QULNVKABFWNUCW-UHFFFAOYSA-N,CCCCCCC(C)CCCC,development,C12H26,pure single-component molecule,hydrocarbon (C/H only),False,False,non-aromatic,branched alkane,False,170.34,2.16666666666667,0.0,0.0,1.0,0.693147180559945,9.09090909090909,43.953,33.12,author-curated independent response; source audit pending,0.75723,-67.75,200.57,65.29,1.2102,X01→REF-0488；X02/X05/X06→REF-0491；X03→REF-0490；X04→REF-0489；X07→REF-0492；Y01→REF-0001；Y02→REF-0493；Y03→REF-0001；Y04→REF-0457；Y05→REF-0002；Y06→REF-0481；Y07→REF-0482
HC-0231,6-Methyldodecane,6044-71-9,reported,521926.0,C13H28,GQIFTXJDMHDJFL-UHFFFAOYSA-N,CCCCCCC(C)CCCCC,development,C13H28,pure single-component molecule,hydrocarbon (C/H only),False,False,non-aromatic,branched alkane,False,184.367,2.15384615384615,0.0,0.0,1.0,0.693147180559945,10.0833333333333,43.912,,not available,0.757,-51.88,223.45,80.92,1.5052,X01→REF-0488；X02/X05/X06→REF-0491；X03→REF-0490；X04→REF-0489；X07→REF-0492；Y01→REF-0001；Y02→not available；Y03→REF-0004；Y04→REF-0002；Y05→REF-0002；Y06→REF-0481；Y07→REF-0482
HC-0232,7-Methylhexadecane,26730-20-1,reported,292733.0,C17H36,HZRSSYSIMDTFLT-UHFFFAOYSA-N,CCCCCCCCCC(C)CCCCCC,development,C17H36,pure single-component molecule,hydrocarbon (C/H only),False,False,non-aromatic,branched alkane,False,240.475,2.11764705882353,0.0,0.0,1.0,0.693147180559945,14.0625,43.798,,not available,0.7807,-6.8,314.97,143.42,3.9266,X01→REF-0488；X02/X05/X06→REF-0491；X03→REF-0490；X04→REF-0489；X07→REF-0492；Y01→REF-0001；Y02→not available；Y03→REF-0053；Y04→REF-0002；Y05→REF-0002；Y06→REF-0481；Y07→REF-0482
HC-0233,9-Methylheptadecane,18869-72-2,reported,519606.0,C18H38,LUUWKCSVACCBSJ-UHFFFAOYSA-N,CCCCCCCCC(C)CCCCCCCC,development,C18H38,pure single-component molecule,hydrocarbon (C/H only),False,False,non-aromatic,branched alkane,False,254.502,2.11111111111111,0.0,0.0,1.0,1.09861228866811,15.0588235294118,43.778,34.53,author-curated independent response; source audit pending,0.78402,-8.15,337.85,159.05,5.1128,X01→REF-0488；X02/X05/X06→REF-0491；X03→REF-0490；X04→REF-0489；X07→REF-0492；Y01→REF-0001；Y02→REF-0493；Y03→REF-0001；Y04→REF-0458；Y05→REF-0002；Y06→REF-0481；Y07→REF-0482
HC-0234,"1,1-Diethylcyclohexane",78-01-3,reported,12644944.0,C10H20,GCYUJISWSVALJD-UHFFFAOYSA-N,CCC1(CC)CCCCC1,development,C10H20,pure single-component molecule,hydrocarbon (C/H only),False,False,non-aromatic,monocyclic alicyclic,False,140.27,2.0,0.0,1.0,1.0,1.6094379124341,3.40828402366864,43.423,35.81,author-curated independent response; source audit pending,0.77016,-39.41,173.85,47.04,0.9473,X01→REF-0488；X02/X05/X06→REF-0491；X03→REF-0490；X04→REF-0489；X07→REF-0492；Y01→REF-0001；Y02→REF-0493；Y03→REF-0001；Y04→REF-0002；Y05→REF-0459；Y06→REF-0481；Y07→REF-0482
HC-0235,"1,3,5-Triisopropylcyclohexane",34387-60-5,reported,4583934.0,C15H30,NPNNVCRGZWDXKY-UHFFFAOYSA-N,CC(C)C1CC(C(C)C)CC(C(C)C)C1,development,C15H30,pure single-component molecule,hydrocarbon (C/H only),False,False,non-aromatic,monocyclic alicyclic,False,210.405,2.0,0.0,1.0,6.0,3.89182029811063,5.36507936507936,43.423,,not available,0.82689,-60.44,278.54,118.54,2.6338,X01→REF-0488；X02/X05/X06→REF-0491；X03→REF-0490；X04→REF-0489；X07→REF-0492；Y01→REF-0001；Y02→not available；Y03→REF-0460；Y04→REF-0002；Y05→REF-0002；Y06→REF-0481；Y07→REF-0482
HC-0236,"1,3,5-Trimethylcyclohexane",1839-63-0,reported,35364.0,C9H18,ODNRTOSCFYDTKF-UHFFFAOYSA-N,CC1CC(C)CC(C)C1,development,C9H18,pure single-component molecule,hydrocarbon (C/H only),False,False,non-aromatic,monocyclic alicyclic,False,126.243,2.0,0.0,1.0,3.0,1.94591014905531,2.72222222222222,43.423,34.3,author-curated independent response; source audit pending,0.76271,-83.06,137.85,22.45,0.6917,X01→REF-0488；X02/X05/X06→REF-0491；X03→REF-0490；X04→REF-0489；X07→REF-0492；Y01→REF-0001；Y02→REF-0493；Y03→REF-0001；Y04→REF-0002；Y05→REF-0461；Y06→REF-0481；Y07→REF-0482
HC-0237,"1,4-Diisopropylcyclohexane",22907-72-8,reported,140972.0,C12H24,GMUJGUXGVJZHSK-UHFFFAOYSA-N,CC(C)C1CCC(C(C)C)CC1,development,C12H24,pure single-component molecule,hydrocarbon (C/H only),False,False,non-aromatic,monocyclic alicyclic,False,168.324,2.0,0.0,1.0,4.0,2.83321334405622,4.296875,43.423,34.6,author-curated independent response; source audit pending,0.78163,-52.85,215.01,75.15,1.3875,X01→REF-0488；X02/X05/X06→REF-0491；X03→REF-0490；X04→REF-0489；X07→REF-0492；Y01→REF-0001；Y02→REF-0493；Y03→REF-0001；Y04→REF-0462；Y05→REF-0002；Y06→REF-0481；Y07→REF-0482
HC-0238,1-Methyl-3-propylcyclohexane,4291-80-9,reported,138178.0,C10H20,HFHJBWYDQAWSIA-UHFFFAOYSA-N,CCCC1CCCC(C)C1,development,C10H20,pure single-component molecule,hydrocarbon (C/H only),False,False,non-aromatic,monocyclic alicyclic,False,140.27,2.0,0.0,1.0,2.0,0.693147180559945,4.0,43.423,35.4,author-curated independent response; source audit pending,0.77016,-67.55,172.55,46.15,0.9363,X01→REF-0488；X02/X05/X06→REF-0491；X03→REF-0490；X04→REF-0489；X07→REF-0492；Y01→REF-0001；Y02→REF-0493；Y03→REF-0001；Y04→REF-0002；Y05→REF-0463；Y06→REF-0481；Y07→REF-0482
HC-0239,Cyclododecene (stereochemistry unspecified),1501-82-2,reported,15164.0,C12H22,HYPABJGVBDSCIT-UHFFFAOYSA-N,C1=CCCCCCCCCCC1,development,C12H22,pure single-component molecule,hydrocarbon (C/H only),False,False,non-aromatic,monocyclic alicyclic,False,166.308,1.83333333333333,0.0,1.0,0.0,1.09861228866811,7.39240924169034,42.881,37.4,author-curated independent response; source audit pending,0.8083,-56.89,238.55,91.23,1.7459,X01→REF-0488；X02/X05/X06→REF-0491；X03→REF-0490；X04→REF-0489；X07→REF-0492；Y01→REF-0001；Y02→REF-0493；Y03→REF-0001；Y04→REF-0002；Y05→REF-0464；Y06→REF-0481；Y07→REF-0482
HC-0240,3-Ethyltoluene,620-14-4,reported,12100.0,C9H12,ZLCSFXXPPANWQY-UHFFFAOYSA-N,CCc1cccc(C)c1,development,C9H12,pure single-component molecule,hydrocarbon (C/H only),False,False,aromatic,monocyclic aromatic,False,120.195,1.33333333333333,0.666666666666667,1.0,2.0,0.693147180559945,2.67433726126968,41.173,,not available,0.86444,-43.02,164.03,40.33,0.787,X01→REF-0488；X02/X05/X06→REF-0491；X03→REF-0490；X04→REF-0489；X07→REF-0492；Y01→REF-0001；Y02→not available；Y03→REF-0191；Y04→REF-0002；Y05→REF-0002；Y06→REF-0481；Y07→REF-0479
HC-0241,Cyclopentylbenzene,700-88-9,reported,136538.0,C11H14,VDIHFNQRHGYISG-UHFFFAOYSA-N,c1ccc(C2CCCC2)cc1,development,C11H14,pure single-component molecule,hydrocarbon (C/H only),False,False,aromatic,polycyclic aromatic,True,146.233,1.27272727272727,0.545454545454545,2.0,2.0,1.6094379124341,3.08088411757375,40.957,40.4,author-curated independent response; source audit pending,0.91202,-22.1,217.75,77.02,1.4245,X01→REF-0488；X02/X05/X06→REF-0491；X03→REF-0490；X04→REF-0489；X07→REF-0492；Y01→REF-0001；Y02→REF-0493；Y03→REF-0001；Y04→REF-0002；Y05→REF-0465；Y06→REF-0481；Y07→REF-0482
HC-0242,Heptylbenzene,1078-71-3,reported,14115.0,C13H20,LBNXAWYDQUGHGX-UHFFFAOYSA-N,CCCCCCCc1ccccc1,development,C13H20,pure single-component molecule,hydrocarbon (C/H only),False,False,aromatic,monocyclic aromatic,False,176.303,1.53846153846154,0.461538461538462,1.0,1.0,1.09861228866811,6.70550882196095,41.889,36.11,author-curated independent response; source audit pending,0.8678,-10.46,236.85,90.07,1.7167,X01→REF-0488；X02/X05/X06→REF-0491；X03→REF-0490；X04→REF-0489；X07→REF-0492；Y01→REF-0001；Y02→REF-0493；Y03→REF-0001；Y04→REF-0002；Y05→REF-0466；Y06→REF-0481；Y07→REF-0482
HC-0243,Isobutylbenzene,,not available or not unambiguously resolved,10870.0,C10H14,KXUHSQYYJYAXGZ-UHFFFAOYSA-N,CC(C)Cc1ccccc1,development,C10H14,pure single-component molecule,hydrocarbon (C/H only),False,False,aromatic,monocyclic aromatic,False,134.222,1.4,0.6,1.0,2.0,1.6094379124341,3.40377229355524,41.408,,not available,0.8444,-59.27,181.49,52.26,0.9882,X01→REF-0488；X02/X05/X06→REF-0491；X03→REF-0490；X04→REF-0489；X07→REF-0492；Y01→REF-0001；Y02→not available；Y03→REF-0467；Y04→REF-0002；Y05→REF-0002；Y06→REF-0481；Y07→REF-0479
HC-0244,n-Nonylbenzene,1081-77-2,reported,14126.0,C15H24,LIXVMPBOGDCSRM-UHFFFAOYSA-N,CCCCCCCCCc1ccccc1,development,C15H24,pure single-component molecule,hydrocarbon (C/H only),False,False,aromatic,monocyclic aromatic,False,204.357,1.6,0.4,1.0,1.0,1.09861228866811,8.52205950051889,42.1,33.9,author-curated independent response; source audit pending,0.86453,12.08,278.85,118.75,2.6424,X01→REF-0488；X02/X05/X06→REF-0491；X03→REF-0490；X04→REF-0489；X07→REF-0492；Y01→REF-0001；Y02→REF-0493；Y03→REF-0001；Y04→REF-0002；Y05→REF-0468；Y06→REF-0481；Y07→REF-0482
HC-0245,butan-2-ylcyclohexane,26967-64-6,reported,23468.0,C10H20,QTYARKOMFKRPSY-UHFFFAOYSA-N,CCC(C)C1CCCCC1,development,C10H20,pure single-component molecule,hydrocarbon (C/H only),False,False,non-aromatic,monocyclic alicyclic,False,140.27,2.0,0.0,1.0,2.0,1.09861228866811,4.0,43.4233977329436,,not available,0.770164168451106,-78.31,174.36,47.38788,0.951660691489206,X01→REF-0488；X02/X05/X06→REF-0491；X03→REF-0490；X04→REF-0489；X07→REF-0492；Y01→REF-0001；Y02→not available；Y03→REF-0001；Y04→REF-0002；Y05→REF-0002；Y06→REF-0481；Y07→REF-0482
HC-0246,1-Ethyladamantane,770-69-4,reported,522637.0,C12H20,LXTHCCWEYOKFSR-UHFFFAOYSA-N,CCC12CC3CC(CC(C3)C1)C2,development,C12H20,pure single-component molecule,hydrocarbon (C/H only),False,False,non-aromatic,polycyclic alicyclic,True,164.292,1.66666666666667,0.0,4.0,4.0,1.94591014905531,2.27272727272727,42.326,40.2,author-curated independent response; source audit pending,0.93711,21.81,221.07,79.29,1.4708,X01→REF-0488；X02/X05/X06→REF-0491；X03→REF-0490；X04→REF-0489；X07→REF-0492；Y01→REF-0001；Y02→REF-0493；Y03→REF-0469；Y04→REF-0002；Y05→REF-0002；Y06→REF-0481；Y07→REF-0482
HC-0247,ethylcyclooctane,,not available or not unambiguously resolved,,C10H20,FBGUQAGGWLRXTP-UHFFFAOYSA-N,CCC1CCCCCCC1,development,C10H20,pure single-component molecule,hydrocarbon (C/H only),False,False,non-aromatic,monocyclic alicyclic,False,140.27,2.0,0.0,1.0,1.0,1.09861228866811,4.7603305785124,43.4233977329436,,not available,0.770164168451106,-70.35,183.34,53.52122,1.03220566788652,X01→REF-0488；X02/X05/X06→REF-0491；X03→REF-0490；X04→REF-0489；X07→REF-0492；Y01→REF-0001；Y02→not available；Y03→REF-0001；Y04→REF-0002；Y05→REF-0002；Y06→REF-0481；Y07→REF-0482
HC-0248,Dicyclopropylmethylcyclopropane,,not available or not unambiguously resolved,54279282.0,C10H16,FTOQDVQNXMABKE-UHFFFAOYSA-N,C1CC1C(C1CC1)C1CC1,development,C10H16,pure single-component molecule,hydrocarbon (C/H only),False,False,non-aromatic,polycyclic alicyclic,False,136.238,1.6,0.0,3.0,4.0,3.89182029811063,1.77777777777778,42.1,,not available,0.85,-31.87,175.03,47.85,0.9574,X01→REF-0488；X02/X05/X06→REF-0491；X03→REF-0490；X04→REF-0489；X07→REF-0492；Y01→REF-0001；Y02→not available；Y03→REF-0471；Y04→REF-0002；Y05→REF-0002；Y06→REF-0481；Y07→REF-0482
HC-0249,exo-Tetrahydrodicyclopentadiene,2825-82-3,reported,11159354.0,C10H16,LPSXSORODABQKT-FIRGSJFUSA-N,C1CC2C3CCC(C3)C2C1,development,C10H16,pure single-component molecule,hydrocarbon (C/H only),False,False,non-aromatic,polycyclic alicyclic,True,136.238,1.6,0.0,3.0,4.0,1.09861228866811,1.77777777777778,42.1,39.39,author-curated independent response; source audit pending,0.9356,-24.63,175.07,47.87,0.9578,X01→REF-0488；X02/X05/X06→REF-0491；X03→REF-0490；X04→REF-0489；X07→REF-0492；Y01→REF-0001；Y02→REF-0493；Y03→REF-0472；Y04→REF-0002；Y05→REF-0002；Y06→REF-0481；Y07→REF-0482
HC-0250,Perhydrofluorene,5744-03-6,reported,21972.0,C13H22,OLWAZOBRCQWWDB-UHFFFAOYSA-N,C1CCC2C(C1)CC1CCCCC12,development,C13H22,pure single-component molecule,hydrocarbon (C/H only),False,False,non-aromatic,polycyclic alicyclic,False,178.319,1.69230769230769,0.0,3.0,4.0,1.09861228866811,3.29251700680272,42.412,40.1,author-curated independent response; source audit pending,0.83812,-1.38,253.05,101.13,2.0202,X01→REF-0488；X02/X05/X06→REF-0491；X03→REF-0490；X04→REF-0489；X07→REF-0492；Y01→REF-0001；Y02→REF-0493；Y03→REF-0001；Y04→REF-0002；Y05→REF-0473；Y06→REF-0481；Y07→REF-0482
HC-0251,pentan-2-ylcyclohexane,,not available or not unambiguously resolved,,C11H22,ZYJFJURMFHCWOB-UHFFFAOYSA-N,CCCC(C)C1CCCCC1,development,C11H22,pure single-component molecule,hydrocarbon (C/H only),False,False,non-aromatic,monocyclic alicyclic,False,154.297,2.0,0.0,1.0,2.0,1.09861228866811,4.79289940828402,43.4233977329436,,not available,0.776376169870182,-67.04,197.24,63.01492,1.17318089417183,X01→REF-0488；X02/X05/X06→REF-0491；X03→REF-0490；X04→REF-0489；X07→REF-0492；Y01→REF-0001；Y02→not available；Y03→REF-0001；Y04→REF-0002；Y05→REF-0002；Y06→REF-0481；Y07→REF-0482
HC-0252,"Tricyclo(2.2.1.02,6)heptane",279-19-6,reported,78962.0,C7H10,BYBGSCXPMGPLFP-UHFFFAOYSA-N,C1C2CC3C1C3C2,development,C7H10,pure single-component molecule,hydrocarbon (C/H only),False,False,non-aromatic,polycyclic alicyclic,False,94.157,1.42857142857143,0.0,4.0,4.0,1.94591014905531,0.666666666666667,42.559,40.0,author-curated independent response; source audit pending,0.83251,-47.88,93.62,-7.76,0.4808,X01→REF-0488；X02/X05/X06→REF-0491；X03→REF-0490；X04→REF-0489；X07→REF-0492；Y01→REF-0475；Y02→REF-0493；Y03→REF-0001；Y04→REF-0002；Y05→REF-0002；Y06→REF-0481；Y07→REF-0482
HC-0253,"Tricyclo(4.1.0.02,4)-heptane",187-26-8,reported,9102.0,C7H10,XIIJQOYMVIJNEP-UHFFFAOYSA-N,C1C2CC2C2CC12,development,C7H10,pure single-component molecule,hydrocarbon (C/H only),False,False,non-aromatic,polycyclic alicyclic,False,94.157,1.42857142857143,0.0,3.0,4.0,1.09861228866811,0.666666666666667,43.295,37.62,author-curated independent response; source audit pending,0.83251,-47.88,93.62,-7.76,0.4808,X01→REF-0488；X02/X05/X06→REF-0491；X03→REF-0490；X04→REF-0489；X07→REF-0492；Y01→REF-0476；Y02→REF-0493；Y03→REF-0001；Y04→REF-0002；Y05→REF-0002；Y06→REF-0481；Y07→REF-0482
HC-0254,propylcycloheptane,,not available or not unambiguously resolved,,C10H20,CJZNZUMUPIJOMM-UHFFFAOYSA-N,CCCC1CCCCCC1,development,C10H20,pure single-component molecule,hydrocarbon (C/H only),False,False,non-aromatic,monocyclic alicyclic,False,140.27,2.0,0.0,1.0,1.0,1.09861228866811,4.7603305785124,43.4233977329436,,not available,0.770164168451106,-66.83,179.07,50.60481,0.992949857763057,X01→REF-0488；X02/X05/X06→REF-0491；X03→REF-0490；X04→REF-0489；X07→REF-0492；Y01→REF-0001；Y02→not available；Y03→REF-0001；Y04→REF-0002；Y05→REF-0002；Y06→REF-0481；Y07→REF-0482
HC-0255,"2,2,3,5,5,6,6-Heptamethyl-hept-3-ene",,not available or not unambiguously resolved,300519.0,C14H28,RVZGQICOUDJTHV-UHFFFAOYSA-N,CC(=CC(C)(C)C(C)(C)C)C(C)(C)C,development,C14H28,pure single-component molecule,hydrocarbon (C/H only),False,False,non-aromatic,acyclic alkene,False,196.378,2.0,0.0,0.0,4.0,4.29045944114839,3.71523716346654,43.423,33.5,author-curated independent response; source audit pending,0.79003,-37.39,241.12,92.98,1.7912,X01→REF-0488；X02/X05/X06→REF-0491；X03→REF-0490；X04→REF-0489；X07→REF-0492；Y01→REF-0001；Y02→REF-0493；Y03→REF-0001；Y04→REF-0002；Y05→REF-0002；Y06→REF-0481；Y07→REF-0482
HC-0256,1-Decyne,,not available or not unambiguously resolved,12997.0,C10H18,ILLHQJIJCRNRCJ-UHFFFAOYSA-N,C#CCCCCCCCC,development,C10H18,pure single-component molecule,hydrocarbon (C/H only),False,False,non-aromatic,acyclic alkyne,False,138.254,1.8,0.0,0.0,0.0,0.693147180559945,8.56,42.771,,not available,0.80133,-23.72,145.37,27.59,0.7376,X01→REF-0488；X02/X05/X06→REF-0491；X03→REF-0490；X04→REF-0489；X07→REF-0492；Y01→REF-0001；Y02→not available；Y03→REF-0001；Y04→REF-0002；Y05→REF-0002；Y06→REF-0481；Y07→REF-0482
HC-0257,1-Heptyne,,not available or not unambiguously resolved,12350.0,C7H12,YVXHZKKCZYLQOP-UHFFFAOYSA-N,C#CCCCCC,development,C7H12,pure single-component molecule,hydrocarbon (C/H only),False,False,non-aromatic,acyclic alkyne,False,96.173,1.71428571428571,0.0,0.0,0.0,0.693147180559945,5.56,42.486,,not available,0.78381,-57.53,76.73,-19.29,0.421,X01→REF-0488；X02/X05/X06→REF-0491；X03→REF-0490；X04→REF-0489；X07→REF-0492；Y01→REF-0001；Y02→not available；Y03→REF-0001；Y04→REF-0002；Y05→REF-0002；Y06→REF-0481；Y07→REF-0482
HC-0258,1-Hexyne,,not available or not unambiguously resolved,12732.0,C6H10,CGHIBGNXEGJPQZ-UHFFFAOYSA-N,C#CCCCC,development,C6H10,pure single-component molecule,hydrocarbon (C/H only),False,False,non-aromatic,acyclic alkyne,False,82.146,1.66666666666667,0.0,0.0,0.0,0.693147180559945,4.56,42.326,,not available,0.7743,-68.8,53.85,-34.92,0.3534,X01→REF-0488；X02/X05/X06→REF-0491；X03→REF-0490；X04→REF-0489；X07→REF-0492；Y01→REF-0001；Y02→not available；Y03→REF-0001；Y04→REF-0002；Y05→REF-0002；Y06→REF-0481；Y07→REF-0482
HC-0259,1-Nonyne,3452-09-3,reported,18937.0,C9H16,OSSQSXOTMIGBCF-UHFFFAOYSA-N,C#CCCCCCCC,development,C9H16,pure single-component molecule,hydrocarbon (C/H only),False,False,non-aromatic,acyclic alkyne,False,124.227,1.77777777777778,0.0,0.0,0.0,0.693147180559945,7.56,42.698,,not available,0.79674,-34.99,122.49,11.96,0.608,X01→REF-0488；X02/X05/X06→REF-0491；X03→REF-0490；X04→REF-0489；X07→REF-0492；Y01→REF-0001；Y02→not available；Y03→REF-0001；Y04→REF-0002；Y05→REF-0002；Y06→REF-0481；Y07→REF-0482
HC-0260,1-Octyne,,not available or not unambiguously resolved,12370.0,C8H14,UMIPWJGWASORKV-UHFFFAOYSA-N,C#CCCCCCC,development,C8H14,pure single-component molecule,hydrocarbon (C/H only),False,False,non-aromatic,acyclic alkyne,False,110.2,1.75,0.0,0.0,0.0,0.693147180559945,6.56,42.605,,not available,0.79104,-46.26,99.61,-3.67,0.5044,X01→REF-0488；X02/X05/X06→REF-0491；X03→REF-0490；X04→REF-0489；X07→REF-0492；Y01→REF-0001；Y02→not available；Y03→REF-0001；Y04→REF-0002；Y05→REF-0002；Y06→REF-0481；Y07→REF-0482
HC-0261,1-methyl-4-prop-1-en-2-ylcyclohexene,8022-90-0,reported,22311.0,C10H16,XMGQYMWWDOXHJM-UHFFFAOYSA-N,C=C(C)C1CC=C(C)CC1,development,C10H16,pure single-component molecule,hydrocarbon (C/H only),False,False,non-aromatic,monocyclic alicyclic,False,136.238,1.6,0.0,1.0,3.0,0.693147180559945,3.04628040762656,42.099854666099,,not available,0.836175044497637,-65.75,178.0,45.0,0.983388646963112,X01→REF-0488；X02/X05/X06→REF-0491；X03→REF-0490；X04→REF-0489；X07→REF-0492；Y01→REF-0001；Y02→not available；Y03→REF-0001；Y04→REF-0002；Y05→REF-0479；Y06→REF-0479；Y07→REF-0482
HC-0262,"1,1'-Bicyclobutyl",7051-52-7,reported,548945.0,C8H14,DENCHDMOLAALHN-UHFFFAOYSA-N,C1CC(C2CCC2)C1,development,C8H14,pure single-component molecule,hydrocarbon (C/H only),False,False,non-aromatic,bicyclic alicyclic,False,110.2,1.75,0.0,2.0,2.0,2.19722457733622,1.75,42.605,38.76,author-curated independent response; source audit pending,0.79104,-64.39,131.51,18.12,0.6556,X01→REF-0488；X02/X05/X06→REF-0491；X03→REF-0490；X04→REF-0489；X07→REF-0492；Y01→REF-0001；Y02→REF-0493；Y03→REF-0001；Y04→REF-0002；Y05→REF-0002；Y06→REF-0481；Y07→REF-0482
HC-0263,Bicyclo(3.2.1)octane,6221-55-2,reported,260716.0,C8H14,LPCWKMYWISGVSK-UHFFFAOYSA-N,C1CC2CCC(C1)C2,development,C8H14,pure single-component molecule,hydrocarbon (C/H only),False,False,non-aromatic,bicyclic alicyclic,False,110.2,1.75,0.0,2.0,2.0,1.09861228866811,1.75,42.605,38.9,author-curated independent response; source audit pending,0.79104,-64.39,131.51,18.12,0.6556,X01→REF-0488；X02/X05/X06→REF-0491；X03→REF-0490；X04→REF-0489；X07→REF-0492；Y01→REF-0001；Y02→REF-0493；Y03→REF-0001；Y04→REF-0002；Y05→REF-0002；Y06→REF-0481；Y07→REF-0482
HC-0264,Norbornene,498-66-8,reported,638051.0,C7H10,JFNLZVQOOSMTJK-KNVOCYPGSA-N,C1=CC2CCC1C2,development,C7H10,pure single-component molecule,hydrocarbon (C/H only),False,False,non-aromatic,bicyclic alicyclic,False,94.157,1.42857142857143,0.0,2.0,2.0,1.09861228866811,1.11804687743828,41.508,37.6,author-curated independent response; source audit pending,0.83251,-71.38,103.52,-1.0,0.5205,X01→REF-0488；X02/X05/X06→REF-0491；X03→REF-0490；X04→REF-0489；X07→REF-0492；Y01→REF-0001；Y02→REF-0493；Y03→REF-0001；Y04→REF-0002；Y05→REF-0002；Y06→REF-0481；Y07→REF-0482
HC-0265,Octahydropentalene,694-72-4,reported,136508.0,C8H14,AEBWATHAIVJLTA-UHFFFAOYSA-N,C1CC2CCCC2C1,development,C8H14,pure single-component molecule,hydrocarbon (C/H only),False,False,non-aromatic,bicyclic alicyclic,False,110.2,1.75,0.0,2.0,2.0,1.6094379124341,1.75,42.605,37.3,author-curated independent response; source audit pending,0.79104,-64.39,131.51,18.12,0.6556,X01→REF-0488；X02/X05/X06→REF-0491；X03→REF-0490；X04→REF-0489；X07→REF-0492；Y01→REF-0001；Y02→REF-0493；Y03→REF-0001；Y04→REF-0002；Y05→REF-0002；Y06→REF-0481；Y07→REF-0482
HC-0266,"2,2,6-Trimethyloctane",62016-28-8,reported,522006.0,C11H24,NBIHFQKVSFKHGH-UHFFFAOYSA-N,CCC(C)CCCC(C)(C)C,development,C11H24,pure single-component molecule,hydrocarbon (C/H only),False,False,non-aromatic,branched alkane,False,156.313,2.18181818181818,0.0,0.0,2.0,1.94591014905531,4.79289940828402,44.0,32.9,author-curated independent response; source audit pending,0.75028,-72.0,174.46,47.46,0.9525,X01→REF-0488；X02/X05/X06→REF-0491；X03→REF-0490；X04→REF-0489；X07→REF-0492；Y01→REF-0001；Y02→REF-0493；Y03→REF-0001；Y04→REF-0002；Y05→REF-0002；Y06→REF-0481；Y07→REF-0482
HC-0267,"2,2,7-Trimethyloctane",62016-29-9,reported,19985555.0,C11H24,QGQAHVJOBYNMFN-UHFFFAOYSA-N,CC(C)CCCCC(C)(C)C,development,C11H24,pure single-component molecule,hydrocarbon (C/H only),False,False,non-aromatic,branched alkane,False,156.313,2.18181818181818,0.0,0.0,2.0,2.56494935746154,4.79289940828402,44.0,33.0,author-curated independent response; source audit pending,0.75028,-72.0,174.46,47.46,0.9525,X01→REF-0488；X02/X05/X06→REF-0491；X03→REF-0490；X04→REF-0489；X07→REF-0492；Y01→REF-0001；Y02→REF-0493；Y03→REF-0001；Y04→REF-0002；Y05→REF-0002；Y06→REF-0481；Y07→REF-0482
HC-0268,"2,3-Dimethyl-pentadecane",2882-97-5,reported,22404705.0,C17H36,ZTPLUCDDNLWAIC-UHFFFAOYSA-N,CCCCCCCCCCCCC(C)C(C)C,development,C17H36,pure single-component molecule,hydrocarbon (C/H only),False,False,non-aromatic,branched alkane,False,240.475,2.11764705882353,0.0,0.0,2.0,1.09861228866811,12.4567474048443,43.798,34.49,author-curated independent response; source audit pending,0.78076,-21.8,314.53,143.12,3.9071,X01→REF-0488；X02/X05/X06→REF-0491；X03→REF-0490；X04→REF-0489；X07→REF-0492；Y01→REF-0001；Y02→REF-0493；Y03→REF-0001；Y04→REF-0002；Y05→REF-0002；Y06→REF-0481；Y07→REF-0482
HC-0269,"2,3-Dimethylheptadecane",61868-03-9,reported,537320.0,C19H40,LNMKTLJTVALPBD-UHFFFAOYSA-N,CCCCCCCCCCCCCCC(C)C(C)C,development,C19H40,pure single-component molecule,hydrocarbon (C/H only),False,False,non-aromatic,branched alkane,False,268.529,2.10526315789474,0.0,0.0,2.0,1.09861228866811,14.409972299169,43.759,34.78,author-curated independent response; source audit pending,0.78697,0.74,360.29,174.38,6.6941,X01→REF-0488；X02/X05/X06→REF-0491；X03→REF-0490；X04→REF-0489；X07→REF-0492；Y01→REF-0001；Y02→REF-0493；Y03→REF-0001；Y04→REF-0002；Y05→REF-0002；Y06→REF-0481；Y07→REF-0482
HC-0270,"2,4,8-Trimethylnonane",49542-74-7,reported,53424210.0,C12H26,PZXMOJBYRFSNJH-UHFFFAOYSA-N,CC(C)CCCC(C)CC(C)C,development,C12H26,pure single-component molecule,hydrocarbon (C/H only),False,False,non-aromatic,branched alkane,False,170.34,2.16666666666667,0.0,0.0,3.0,1.6094379124341,6.50887573964497,43.953,35.43,author-curated independent response; source audit pending,0.75723,-93.15,199.69,64.69,1.2003,X01→REF-0488；X02/X05/X06→REF-0491；X03→REF-0490；X04→REF-0489；X07→REF-0492；Y01→REF-0001；Y02→REF-0493；Y03→REF-0001；Y04→REF-0002；Y05→REF-0002；Y06→REF-0481；Y07→REF-0482
HC-0271,"2,5-Dimethylnonane",17302-27-1,reported,28456.0,C11H24,NQUMJENPNGXAIH-UHFFFAOYSA-N,CCCCC(C)CCC(C)C,development,C11H24,pure single-component molecule,hydrocarbon (C/H only),False,False,non-aromatic,branched alkane,False,156.313,2.18181818181818,0.0,0.0,2.0,1.09861228866811,6.69421487603306,44.0,33.02,author-curated independent response; source audit pending,0.75028,-89.42,177.25,49.36,0.9768,X01→REF-0488；X02/X05/X06→REF-0491；X03→REF-0490；X04→REF-0489；X07→REF-0492；Y01→REF-0001；Y02→REF-0493；Y03→REF-0001；Y04→REF-0002；Y05→REF-0002；Y06→REF-0481；Y07→REF-0482
HC-0272,2-Methylundecane,,not available or not unambiguously resolved,23459.0,C12H26,GTJOHISYCKPIMT-UHFFFAOYSA-N,CCCCCCCCCC(C)C,development,C12H26,pure single-component molecule,hydrocarbon (C/H only),False,False,non-aromatic,branched alkane,False,170.34,2.16666666666667,0.0,0.0,1.0,1.09861228866811,9.09090909090909,43.953,32.2,author-curated independent response; source audit pending,0.75723,-63.15,200.57,65.29,1.2102,X01→REF-0488；X02/X05/X06→REF-0491；X03→REF-0490；X04→REF-0489；X07→REF-0492；Y01→REF-0001；Y02→REF-0493；Y03→REF-0001；Y04→REF-0002；Y05→REF-0002；Y06→REF-0481；Y07→REF-0482
HC-0273,"3,4-Dimethyloctane",15869-92-8,reported,85926.0,C10H22,QQCWGAMGBCGAQJ-UHFFFAOYSA-N,CCCCC(C)C(C)CC,development,C10H22,pure single-component molecule,hydrocarbon (C/H only),False,False,non-aromatic,branched alkane,False,142.286,2.2,0.0,0.0,2.0,0.693147180559945,5.76,44.057,33.5,author-curated independent response; source audit pending,0.74212,-100.69,154.37,33.73,0.7974,X01→REF-0488；X02/X05/X06→REF-0491；X03→REF-0490；X04→REF-0489；X07→REF-0492；Y01→REF-0001；Y02→REF-0493；Y03→REF-0001；Y04→REF-0002；Y05→REF-0002；Y06→REF-0481；Y07→REF-0482
HC-0274,"Octane, 2,3,7-trimethyl-",62016-34-6,reported,43867.0,C11H24,XJKKSYAVEVAGFX-UHFFFAOYSA-N,CC(C)CCCC(C)C(C)C,development,C11H24,pure single-component molecule,hydrocarbon (C/H only),False,False,non-aromatic,branched alkane,False,156.313,2.18181818181818,0.0,0.0,3.0,1.6094379124341,5.625,44.0,33.0,author-curated independent response; source audit pending,0.75028,-104.42,176.81,49.06,0.9729,X01→REF-0488；X02/X05/X06→REF-0491；X03→REF-0490；X04→REF-0489；X07→REF-0492；Y01→REF-0001；Y02→REF-0493；Y03→REF-0001；Y04→REF-0002；Y05→REF-0002；Y06→REF-0481；Y07→REF-0482
HC-0275,"Tetradecane, 7,8-diethyl",,not available or not unambiguously resolved,530299.0,C18H38,GXQQCJBWQYZHOA-UHFFFAOYSA-N,CCCCCCC(CC)C(CC)CCCCCC,development,C18H38,pure single-component molecule,hydrocarbon (C/H only),False,False,non-aromatic,branched alkane,False,254.502,2.11111111111111,0.0,0.0,2.0,1.09861228866811,13.4320987654321,43.778,35.14,author-curated independent response; source audit pending,0.78402,-10.53,337.41,158.75,5.0864,X01→REF-0488；X02/X05/X06→REF-0491；X03→REF-0490；X04→REF-0489；X07→REF-0492；Y01→REF-0001；Y02→REF-0493；Y03→REF-0001；Y04→REF-0002；Y05→REF-0002；Y06→REF-0481；Y07→REF-0482
HC-0276,"1,1,3-Trimethyl-4-pentylcyclohexane",,not available or not unambiguously resolved,174850883.0,C14H28,XOZIUUUDLHIIHB-UHFFFAOYSA-N,CCCCCC1CCC(C)(C)CC1C,development,C14H28,pure single-component molecule,hydrocarbon (C/H only),False,False,non-aromatic,monocyclic alicyclic,False,196.378,2.0,0.0,1.0,3.0,1.09861228866811,5.18559556786704,43.423,37.8,author-curated independent response; source audit pending,0.79003,-2.81,257.22,103.98,2.1082,X01→REF-0488；X02/X05/X06→REF-0491；X03→REF-0490；X04→REF-0489；X07→REF-0492；Y01→REF-0001；Y02→REF-0493；Y03→REF-0001；Y04→REF-0002；Y05→REF-0002；Y06→REF-0481；Y07→REF-0482
HC-0277,"1,1,5-Trimethyl-2-pentylcyclohexane",,not available or not unambiguously resolved,54400193.0,C14H28,VMWFOEZDEWOKHJ-UHFFFAOYSA-N,CCCCCC1CCC(C)CC1(C)C,development,C14H28,pure single-component molecule,hydrocarbon (C/H only),False,False,non-aromatic,monocyclic alicyclic,False,196.378,2.0,0.0,1.0,3.0,1.09861228866811,5.18559556786704,43.423,34.96,author-curated independent response; source audit pending,0.79003,-2.81,257.22,103.98,2.1082,X01→REF-0488；X02/X05/X06→REF-0491；X03→REF-0490；X04→REF-0489；X07→REF-0492；Y01→REF-0001；Y02→REF-0493；Y03→REF-0001；Y04→REF-0002；Y05→REF-0002；Y06→REF-0481；Y07→REF-0482
HC-0278,"1,3-Diisopropylcyclohexane",7045-70-7,reported,522382.0,C12H24,WDTCMYUFBNCSKK-UHFFFAOYSA-N,CC(C)C1CCCC(C(C)C)C1,development,C12H24,pure single-component molecule,hydrocarbon (C/H only),False,False,non-aromatic,monocyclic alicyclic,False,168.324,2.0,0.0,1.0,4.0,2.19722457733622,4.296875,43.423,34.9,author-curated independent response; source audit pending,0.78163,-75.01,215.01,75.15,1.3875,X01→REF-0488；X02/X05/X06→REF-0491；X03→REF-0490；X04→REF-0489；X07→REF-0492；Y01→REF-0001；Y02→REF-0493；Y03→REF-0001；Y04→REF-0002；Y05→REF-0002；Y06→REF-0481；Y07→REF-0482
HC-0279,"1,3-Dipentylcyclopentane",,not available or not unambiguously resolved,141367751.0,C15H30,XFTLHJZZZATUQT-UHFFFAOYSA-N,CCCCCC1CCC(CCCCC)C1,development,C15H30,pure single-component molecule,hydrocarbon (C/H only),False,False,non-aromatic,monocyclic alicyclic,False,210.405,2.0,0.0,1.0,2.0,1.09861228866811,8.18685121107266,43.423,35.8,author-curated independent response; source audit pending,0.79344,-7.68,280.26,119.72,2.6824,X01→REF-0488；X02/X05/X06→REF-0491；X03→REF-0490；X04→REF-0489；X07→REF-0492；Y01→REF-0001；Y02→REF-0493；Y03→REF-0001；Y04→REF-0002；Y05→REF-0002；Y06→REF-0481；Y07→REF-0482
HC-0280,"1,4-Dimethylcyclooctane",33657-56-6,reported,518721.0,C10H20,GUOSBMCHCJXBMH-UHFFFAOYSA-N,CC1CCCCC(C)CC1,development,C10H20,pure single-component molecule,hydrocarbon (C/H only),False,False,non-aromatic,monocyclic alicyclic,False,140.27,2.0,0.0,1.0,2.0,1.09861228866811,4.0,43.423,36.22,author-curated independent response; source audit pending,0.77016,-74.59,178.67,50.33,0.9894,X01→REF-0488；X02/X05/X06→REF-0491；X03→REF-0490；X04→REF-0489；X07→REF-0492；Y01→REF-0001；Y02→REF-0493；Y03→REF-0001；Y04→REF-0002；Y05→REF-0002；Y06→REF-0481；Y07→REF-0482
HC-0281,"1,6-Dimethyl-1,5-cyclooctadiene",,not available or not unambiguously resolved,77370.0,C10H16,UKNFYLAGXMXTKA-UHFFFAOYSA-N,CC1=CCCC=C(C)CC1,development,C10H16,pure single-component molecule,hydrocarbon (C/H only),False,False,non-aromatic,monocyclic alicyclic,False,136.238,1.6,0.0,1.0,2.0,1.09861228866811,3.6001058650706,42.1,34.6,author-curated independent response; source audit pending,0.83618,-39.55,196.29,62.37,1.1629,X01→REF-0488；X02/X05/X06→REF-0491；X03→REF-0490；X04→REF-0489；X07→REF-0492；Y01→REF-0001；Y02→REF-0493；Y03→REF-0001；Y04→REF-0002；Y05→REF-0002；Y06→REF-0481；Y07→REF-0482
HC-0282,Cyclononane,293-55-0,reported,136143.0,C9H18,GPTJTTCOVDDHER-UHFFFAOYSA-N,C1CCCCCCCC1,development,C9H18,pure single-component molecule,hydrocarbon (C/H only),False,False,non-aromatic,monocyclic alicyclic,False,126.243,2.0,0.0,1.0,0.0,2.94443897916644,4.83950617283951,43.423,,not available,0.76271,-80.9,169.4,44.0,0.9103,X01→REF-0488；X02/X05/X06→REF-0491；X03→REF-0490；X04→REF-0489；X07→REF-0492；Y01→REF-0001；Y02→not available；Y03→REF-0001；Y04→REF-0002；Y05→REF-0002；Y06→REF-0481；Y07→REF-0482
HC-0283,Humulene,6753-98-6,reported,5281520.0,C15H24,FAMPSKZZVDUYOS-HRGUGZIWSA-N,CC1=CCCC(C)=CCC(C)(C)C=CC1,development,C15H24,pure single-component molecule,hydrocarbon (C/H only),False,False,non-aromatic,monocyclic alicyclic,False,204.357,1.6,0.0,1.0,3.0,1.09861228866811,5.34400800848059,42.1,,not available,0.86453,26.66,318.23,145.65,4.0745,X01→REF-0488；X02/X05/X06→REF-0491；X03→REF-0490；X04→REF-0489；X07→REF-0492；Y01→REF-0001；Y02→not available；Y03→REF-0001；Y04→REF-0002；Y05→REF-0002；Y06→REF-0481；Y07→REF-0482
HC-0284,"1,2-Dihydronaphthalene",,not available or not unambiguously resolved,9938.0,C10H10,KEIFWROAQVVDBN-UHFFFAOYSA-N,C1=Cc2ccccc2CC1,development,C10H10,pure single-component molecule,hydrocarbon (C/H only),False,False,aromatic,polycyclic aromatic,True,130.19,1.0,0.6,2.0,2.0,0.693147180559945,2.29573388203018,39.961,,not available,0.97063,-12.33,201.75,66.1,1.2237,X01→REF-0488；X02/X05/X06→REF-0491；X03→REF-0490；X04→REF-0489；X07→REF-0492；Y01→REF-0001；Y02→not available；Y03→REF-0001；Y04→REF-0002；Y05→REF-0002；Y06→REF-0481；Y07→REF-0482
HC-0285,2-Phenyldodecane,2719-61-1,reported,17628.0,C18H30,VRPRIAVYSREHAN-UHFFFAOYSA-N,CCCCCCCCCCC(C)c1ccccc1,development,C18H30,pure single-component molecule,hydrocarbon (C/H only),False,False,aromatic,monocyclic aromatic,False,246.438,1.66666666666667,0.333333333333333,1.0,2.0,1.09861228866811,10.1712279634139,42.326,,not available,0.86104,30.89,364.53,177.27,7.0525,X01→REF-0488；X02/X05/X06→REF-0491；X03→REF-0490；X04→REF-0489；X07→REF-0492；Y01→REF-0001；Y02→not available；Y03→REF-0001；Y04→REF-0002；Y05→REF-0002；Y06→REF-0481；Y07→REF-0482
HC-0286,(3-cyclopentylcyclopentyl)methylcyclohexane,,not available or not unambiguously resolved,147286883.0,C17H30,AKDLLLIPMZDXSD-UHFFFAOYSA-N,C1CCC(CC2CCC(C3CCCC3)C2)CC1,development,C17H30,pure single-component molecule,hydrocarbon (C/H only),False,False,non-aromatic,polycyclic alicyclic,False,234.427,1.76470588235294,0.0,3.0,4.0,1.6094379124341,5.76,42.654,39.4,author-curated independent response; source audit pending,0.83964,33.14,360.85,174.76,6.7402,X01→REF-0488；X02/X05/X06→REF-0491；X03→REF-0490；X04→REF-0489；X07→REF-0492；Y01→REF-0001；Y02→REF-0493；Y03→REF-0001；Y04→REF-0002；Y05→REF-0002；Y06→REF-0481；Y07→REF-0482
HC-0287,"1,1':3',1''-Tercyclohexane",1706-50-9,reported,137167.0,C18H32,JBQRJHVXZMSLNH-UHFFFAOYSA-N,C1CCC(C2CCCC(C3CCCCC3)C2)CC1,development,C18H32,pure single-component molecule,hydrocarbon (C/H only),False,False,non-aromatic,polycyclic alicyclic,False,248.454,1.77777777777778,0.0,3.0,4.0,2.19722457733622,6.43786982248521,42.698,37.6,author-curated independent response; source audit pending,0.83991,37.37,392.27,196.22,10.0212,X01→REF-0488；X02/X05/X06→REF-0491；X03→REF-0490；X04→REF-0489；X07→REF-0492；Y01→REF-0001；Y02→REF-0493；Y03→REF-0001；Y04→REF-0002；Y05→REF-0002；Y06→REF-0481；Y07→REF-0482
HC-0288,"1,3-Dicyclopentylcyclopentane",6051-40-7,reported,138647.0,C15H26,VUIQTOLVCLYLAF-UHFFFAOYSA-N,C1CCC(C2CCC(C3CCCC3)C2)C1,development,C15H26,pure single-component molecule,hydrocarbon (C/H only),False,False,non-aromatic,polycyclic alicyclic,False,206.373,1.73333333333333,0.0,3.0,4.0,2.19722457733622,4.47258979206049,42.55,41.16,author-curated independent response; source audit pending,0.83898,14.12,310.82,140.59,3.7472,X01→REF-0488；X02/X05/X06→REF-0491；X03→REF-0490；X04→REF-0489；X07→REF-0492；Y01→REF-0001；Y02→REF-0493；Y03→REF-0001；Y04→REF-0002；Y05→REF-0002；Y06→REF-0481；Y07→REF-0482
HC-0289,"1-methyl-2,3,4,4a,4b,5,6,7,8,8a,9,9a-dodecahydro-1H-fluorene",,not available or not unambiguously resolved,123538946.0,C14H24,ILYLRDOKJRGSAL-UHFFFAOYSA-N,CC1CCCC2C1CC1CCCCC12,development,C14H24,pure single-component molecule,hydrocarbon (C/H only),False,False,non-aromatic,polycyclic alicyclic,False,192.346,1.71428571428571,0.0,3.0,5.0,0.693147180559945,3.53875236294896,42.486,41.98,author-curated independent response; source audit pending,0.83858,5.65,274.73,115.94,2.5296,X01→REF-0488；X02/X05/X06→REF-0491；X03→REF-0490；X04→REF-0489；X07→REF-0492；Y01→REF-0001；Y02→REF-0493；Y03→REF-0001；Y04→REF-0002；Y05→REF-0002；Y06→REF-0481；Y07→REF-0482
HC-0290,"1-methyl-4-propan-2-ylcyclohexa-1,3-diene",99-86-5,reported,7462.0,C10H16,YHQGMYUVUMAZJR-UHFFFAOYSA-N,CC1=CC=C(C(C)C)CC1,development,C10H16,pure single-component molecule,hydrocarbon (C/H only),False,False,non-aromatic,monocyclic alicyclic,False,136.238,1.6,0.0,1.0,3.0,1.09861228866811,3.04628040762656,42.099854666099,,not available,0.836175044497637,-47.51,175.0,50.0,0.957151306982574,X01→REF-0488；X02/X05/X06→REF-0491；X03→REF-0490；X04→REF-0489；X07→REF-0492；Y01→REF-0001；Y02→not available；Y03→REF-0001；Y04→REF-0002；Y05→REF-0479；Y06→REF-0479；Y07→REF-0482
HC-0291,2-Ethyladamantane,14451-87-7,reported,139758.0,C12H20,LIAWCKFOFPPVGF-UHFFFAOYSA-N,CCC1C2CC3CC(C2)CC1C3,development,C12H20,pure single-component molecule,hydrocarbon (C/H only),False,False,non-aromatic,polycyclic alicyclic,False,164.292,1.66666666666667,0.0,4.0,5.0,1.6094379124341,2.49433106575964,42.326,40.16,author-curated independent response; source audit pending,0.83758,-6.33,216.16,75.94,1.4029,X01→REF-0488；X02/X05/X06→REF-0491；X03→REF-0490；X04→REF-0489；X07→REF-0492；Y01→REF-0001；Y02→REF-0493；Y03→REF-0001；Y04→REF-0002；Y05→REF-0002；Y06→REF-0481；Y07→REF-0482
HC-0292,2-Propyladamantane,14451-88-8,reported,518952.0,C13H22,HMUYSRNQYPLWHB-UHFFFAOYSA-N,CCCC1C2CC3CC(C2)CC1C3,development,C13H22,pure single-component molecule,hydrocarbon (C/H only),False,False,non-aromatic,polycyclic alicyclic,False,178.319,1.69230769230769,0.0,4.0,5.0,1.6094379124341,3.0,42.412,39.22,author-curated independent response; source audit pending,0.83812,4.94,239.04,91.56,1.7544,X01→REF-0488；X02/X05/X06→REF-0491；X03→REF-0490；X04→REF-0489；X07→REF-0492；Y01→REF-0001；Y02→REF-0493；Y03→REF-0001；Y04→REF-0002；Y05→REF-0002；Y06→REF-0481；Y07→REF-0482
HC-0293,3-methylundec-1-ene,,not available or not unambiguously resolved,,C12H24,LGTWOHHRJHHWCO-UHFFFAOYSA-N,C=CC(C)CCCCCCCC,development,C12H24,pure single-component molecule,hydrocarbon (C/H only),False,False,non-aromatic,acyclic alkene,False,168.324,2.0,0.0,0.0,1.0,0.693147180559945,8.83310986964618,43.4233977329436,,not available,0.781629904806129,-64.91,197.25,63.02175,1.17329013313797,X01→REF-0488；X02/X05/X06→REF-0491；X03→REF-0490；X04→REF-0489；X07→REF-0492；Y01→REF-0001；Y02→not available；Y03→REF-0001；Y04→REF-0002；Y05→REF-0002；Y06→REF-0481；Y07→REF-0482
HC-0294,4-methylundec-1-ene,,not available or not unambiguously resolved,,C12H24,XOPDEIDKEIFVSU-UHFFFAOYSA-N,C=CCC(C)CCCCCCC,development,C12H24,pure single-component molecule,hydrocarbon (C/H only),False,False,non-aromatic,acyclic alkene,False,168.324,2.0,0.0,0.0,1.0,0.693147180559945,8.83310986964618,43.4233977329436,,not available,0.781629904806129,-64.91,197.25,63.02175,1.17329013313797,X01→REF-0488；X02/X05/X06→REF-0491；X03→REF-0490；X04→REF-0489；X07→REF-0492；Y01→REF-0001；Y02→not available；Y03→REF-0001；Y04→REF-0002；Y05→REF-0002；Y06→REF-0481；Y07→REF-0482
HC-0295,"spiro[bicyclo[3.1.1]heptane-3,1'-cyclopentane]",,not available or not unambiguously resolved,148964480.0,C11H18,BCQYQSWFXFMYEW-UHFFFAOYSA-N,C1CCC2(C1)CC1CC(C1)C2,development,C11H18,pure single-component molecule,hydrocarbon (C/H only),False,False,non-aromatic,polycyclic alicyclic,False,150.265,1.63636363636364,0.0,4.0,3.0,2.19722457733622,2.025,42.223,40.18,author-curated independent response; source audit pending,0.83694,11.26,207.13,69.77,1.2873,X01→REF-0488；X02/X05/X06→REF-0491；X03→REF-0490；X04→REF-0489；X07→REF-0492；Y01→REF-0001；Y02→REF-0493；Y03→REF-0001；Y04→REF-0002；Y05→REF-0002；Y06→REF-0481；Y07→REF-0482
HC-0296,"Spiro[cyclopentane-1,2'-norbornane]",,not available or not unambiguously resolved,22273197.0,C11H18,CHUXSKFZUPTQDX-UHFFFAOYSA-N,C1CCC2(C1)CC1CCC2C1,development,C11H18,pure single-component molecule,hydrocarbon (C/H only),False,False,non-aromatic,polycyclic alicyclic,False,150.265,1.63636363636364,0.0,3.0,3.0,1.09861228866811,2.025,42.223,40.18,author-curated independent response; source audit pending,0.83694,11.26,207.13,69.77,1.2873,X01→REF-0488；X02/X05/X06→REF-0491；X03→REF-0490；X04→REF-0489；X07→REF-0492；Y01→REF-0001；Y02→REF-0493；Y03→REF-0001；Y04→REF-0002；Y05→REF-0002；Y06→REF-0481；Y07→REF-0482
HC-0297,"Tetracyclo[4.3.0.02,5.07,9]nonane",,not available or not unambiguously resolved,91533404.0,C9H12,HZODDRZGWJTLIY-UHFFFAOYSA-N,C1CC2C1C1C3CC3C21,development,C9H12,pure single-component molecule,hydrocarbon (C/H only),False,False,non-aromatic,polycyclic alicyclic,False,120.195,1.33333333333333,0.0,4.0,6.0,1.09861228866811,0.888888888888889,41.173,45.29,author-curated independent response; source audit pending,0.87913,-8.12,137.18,21.99,0.6878,X01→REF-0488；X02/X05/X06→REF-0491；X03→REF-0490；X04→REF-0489；X07→REF-0492；Y01→REF-0001；Y02→REF-0493；Y03→REF-0001；Y04→REF-0002；Y05→REF-0002；Y06→REF-0481；Y07→REF-0482
HC-0298,"Tricyclo(3.1.0.02,6)hex-3-ene",659-85-8,reported,136470.0,C6H6,VMQPMGHYRISRHO-UHFFFAOYSA-N,C1=CC2C3C1C23,development,C6H6,pure single-component molecule,hydrocarbon (C/H only),False,False,non-aromatic,polycyclic alicyclic,False,78.114,1.0,0.0,4.0,4.0,1.6094379124341,0.351194803048505,39.961,37.1,author-curated independent response; source audit pending,0.899,-54.87,65.63,-26.87,0.3865,X01→REF-0488；X02/X05/X06→REF-0491；X03→REF-0490；X04→REF-0489；X07→REF-0492；Y01→REF-0001；Y02→REF-0493；Y03→REF-0001；Y04→REF-0002；Y05→REF-0002；Y06→REF-0481；Y07→REF-0482
HC-0299,dodec-1-ene,25378-22-7,reported,8183.0,C12H24,CRSBERNSMYQZNG-UHFFFAOYSA-N,C=CCCCCCCCCCC,development,C12H24,pure single-component molecule,hydrocarbon (C/H only),False,False,non-aromatic,acyclic alkene,False,168.324,2.0,0.0,0.0,0.0,0.693147180559945,10.74,43.4233977329436,,not available,0.781629904806129,-49.91,197.69,63.32227,1.3233,X01→REF-0488；X02/X05/X06→REF-0491；X03→REF-0490；X04→REF-0489；X07→REF-0492；Y01→REF-0001；Y02→not available；Y03→REF-0001；Y04→REF-0002；Y05→REF-0002；Y06→REF-0481；Y07→REF-0479
HC-0300,"1,4-Dimethylnaphthalene",571-58-4,reported,11304.0,C12H12,APQSQLNWAIULLK-UHFFFAOYSA-N,Cc1ccc(C)c2ccccc12,development,C12H12,pure single-component molecule,hydrocarbon (C/H only),False,False,aromatic,polycyclic aromatic,True,156.228,1.0,0.833333333333333,2.0,4.0,1.09861228866811,2.63255405356951,39.961,,not available,0.99035,36.01,256.63,103.58,2.0955,X01→REF-0488；X02/X05/X06→REF-0491；X03→REF-0490；X04→REF-0489；X07→REF-0492；Y01→REF-0001；Y02→not available；Y03→REF-0001；Y04→REF-0002；Y05→REF-0002；Y06→REF-0481；Y07→REF-0482
HC-0301,"1,5-Dimethylnaphthalene",571-61-9,reported,11306.0,C12H12,SDDBCEWUYXVGCQ-UHFFFAOYSA-N,Cc1cccc2c(C)cccc12,development,C12H12,pure single-component molecule,hydrocarbon (C/H only),False,False,aromatic,polycyclic aromatic,True,156.228,1.0,0.833333333333333,2.0,4.0,1.09861228866811,2.63255405356951,39.961,,not available,0.99035,36.01,256.63,103.58,2.0955,X01→REF-0488；X02/X05/X06→REF-0491；X03→REF-0490；X04→REF-0489；X07→REF-0492；Y01→REF-0001；Y02→not available；Y03→REF-0001；Y04→REF-0002；Y05→REF-0002；Y06→REF-0481；Y07→REF-0482
HC-0302,"1,8-Dimethylnaphthalene",569-41-5,reported,11287.0,C12H12,XAABPYINPXYOLM-UHFFFAOYSA-N,Cc1cccc2cccc(C)c12,development,C12H12,pure single-component molecule,hydrocarbon (C/H only),False,False,aromatic,polycyclic aromatic,True,156.228,1.0,0.833333333333333,2.0,4.0,1.09861228866811,2.63255405356951,39.961,,not available,0.99035,36.01,256.63,103.58,2.0955,X01→REF-0488；X02/X05/X06→REF-0491；X03→REF-0490；X04→REF-0489；X07→REF-0492；Y01→REF-0001；Y02→not available；Y03→REF-0001；Y04→REF-0002；Y05→REF-0002；Y06→REF-0481；Y07→REF-0482
HC-0303,"1-(1,2-dimethylpropyl)benzene",,not available or not unambiguously resolved,,C11H16,NQRMTOKLHZNAQH-UHFFFAOYSA-N,CC(C)C(C)c1ccccc1,development,C11H16,pure single-component molecule,hydrocarbon (C/H only),False,False,aromatic,monocyclic aromatic,False,148.249,1.45454545454545,0.545454545454545,1.0,3.0,1.6094379124341,3.56460691978641,41.5989315273628,,not available,0.872360833235259,-63.0,203.93,67.58419,1.24899329140819,X01→REF-0488；X02/X05/X06→REF-0491；X03→REF-0490；X04→REF-0489；X07→REF-0492；Y01→REF-0001；Y02→not available；Y03→REF-0001；Y04→REF-0002；Y05→REF-0002；Y06→REF-0481；Y07→REF-0482
HC-0304,"2,3-Dimethylnaphthalene",581-40-8,reported,11386.0,C12H12,WWGUMAYGTYQSGA-UHFFFAOYSA-N,Cc1cc2ccccc2cc1C,development,C12H12,pure single-component molecule,hydrocarbon (C/H only),False,False,aromatic,polycyclic aromatic,True,156.228,1.0,0.833333333333333,2.0,4.0,1.09861228866811,2.63255405356951,39.961,,not available,0.99035,36.01,256.63,103.58,2.0955,X01→REF-0488；X02/X05/X06→REF-0491；X03→REF-0490；X04→REF-0489；X07→REF-0492；Y01→REF-0001；Y02→not available；Y03→REF-0001；Y04→REF-0002；Y05→REF-0002；Y06→REF-0481；Y07→REF-0482
HC-0305,"2,6-Dimethylnaphthalene",,not available or not unambiguously resolved,11387.0,C12H12,YGYNBBAUIYTWBF-UHFFFAOYSA-N,Cc1ccc2cc(C)ccc2c1,development,C12H12,pure single-component molecule,hydrocarbon (C/H only),False,False,aromatic,polycyclic aromatic,True,156.228,1.0,0.833333333333333,2.0,4.0,1.09861228866811,2.63255405356951,39.961,,not available,0.99035,36.01,256.63,103.58,2.0955,X01→REF-0488；X02/X05/X06→REF-0491；X03→REF-0490；X04→REF-0489；X07→REF-0492；Y01→REF-0001；Y02→not available；Y03→REF-0001；Y04→REF-0002；Y05→REF-0002；Y06→REF-0481；Y07→REF-0482
HC-0306,"2,7-Dimethylnaphthalene",582-16-1,reported,11396.0,C12H12,LRQYSMQNJLZKPS-UHFFFAOYSA-N,Cc1ccc2ccc(C)cc2c1,development,C12H12,pure single-component molecule,hydrocarbon (C/H only),False,False,aromatic,polycyclic aromatic,True,156.228,1.0,0.833333333333333,2.0,4.0,1.09861228866811,2.63255405356951,39.961,,not available,0.99035,36.01,256.63,103.58,2.0955,X01→REF-0488；X02/X05/X06→REF-0491；X03→REF-0490；X04→REF-0489；X07→REF-0492；Y01→REF-0001；Y02→not available；Y03→REF-0001；Y04→REF-0002；Y05→REF-0002；Y06→REF-0481；Y07→REF-0482
HC-0307,2-methylbutylbenzene,,not available or not unambiguously resolved,,C11H16,IFDLFCDWOFLKEB-UHFFFAOYSA-N,CCC(C)Cc1ccccc1,development,C11H16,pure single-component molecule,hydrocarbon (C/H only),False,False,aromatic,monocyclic aromatic,False,148.249,1.45454545454545,0.545454545454545,1.0,2.0,1.09861228866811,4.17188323185677,41.5989315273628,,not available,0.872360833235259,-48.0,204.37,67.88471,1.25417694363864,X01→REF-0488；X02/X05/X06→REF-0491；X03→REF-0490；X04→REF-0489；X07→REF-0492；Y01→REF-0001；Y02→not available；Y03→REF-0001；Y04→REF-0002；Y05→REF-0002；Y06→REF-0481；Y07→REF-0482
HC-0308,3-methylbutylbenzene,2049-94-7,reported,16294.0,C11H16,XNXIYYFOYIUJIW-UHFFFAOYSA-N,CC(C)CCc1ccccc1,development,C11H16,pure single-component molecule,hydrocarbon (C/H only),False,False,aromatic,monocyclic aromatic,False,148.249,1.45454545454545,0.545454545454545,1.0,2.0,1.6094379124341,4.17188323185677,41.5989315273628,,not available,0.872360833235259,-48.0,204.37,67.88471,1.25417694363864,X01→REF-0488；X02/X05/X06→REF-0491；X03→REF-0490；X04→REF-0489；X07→REF-0492；Y01→REF-0001；Y02→not available；Y03→REF-0001；Y04→REF-0002；Y05→REF-0002；Y06→REF-0481；Y07→REF-0482
HC-0309,pentan-2-ylbenzene,52937-63-0,reported,17627.0,C11H16,LTHAIAJHDPJXLG-UHFFFAOYSA-N,CCCC(C)c1ccccc1,development,C11H16,pure single-component molecule,hydrocarbon (C/H only),False,False,aromatic,monocyclic aromatic,False,148.249,1.45454545454545,0.545454545454545,1.0,2.0,1.09861228866811,4.17188323185677,41.5989315273628,,not available,0.872360833235259,-48.0,204.37,67.88471,1.25417694363864,X01→REF-0488；X02/X05/X06→REF-0491；X03→REF-0490；X04→REF-0489；X07→REF-0492；Y01→REF-0001；Y02→not available；Y03→REF-0001；Y04→REF-0002；Y05→REF-0002；Y06→REF-0481；Y07→REF-0482
HC-0310,pentan-3-ylbenzene,,not available or not unambiguously resolved,,C11H16,PBWHJRFXUPLZDS-UHFFFAOYSA-N,CCC(CC)c1ccccc1,development,C11H16,pure single-component molecule,hydrocarbon (C/H only),False,False,aromatic,monocyclic aromatic,False,148.249,1.45454545454545,0.545454545454545,1.0,2.0,1.6094379124341,4.17188323185677,41.5989315273628,,not available,0.872360833235259,-48.0,204.37,67.88471,1.25417694363864,X01→REF-0488；X02/X05/X06→REF-0491；X03→REF-0490；X04→REF-0489；X07→REF-0492；Y01→REF-0001；Y02→not available；Y03→REF-0001；Y04→REF-0002；Y05→REF-0002；Y06→REF-0481；Y07→REF-0482
