reference_id,citation_or_web_title,doi,url,source_category,publisher_or_host,access_or_license_note
REF-0001,"Williams, D. L.; Gilpin, T. R.; White, V. L. Simple QSPR for Calculating Combustion Metrics by Hand. Industrial & Engineering Chemistry Research 2026, 65(20), 10236–10248. https://doi.org/10.1021/acs.iecr.5c05262.",10.1021/acs.iecr.5c05262,https://doi.org/10.1021/acs.iecr.5c05262,peer-reviewed method,American Chemical Society,CC BY-NC-ND 4.0 article; formula coefficients used as published.
REF-0002,"Joback, K. G.; Reid, R. C. Estimation of Pure-Component Properties from Group-Contributions. Chemical Engineering Communications 1987, 57(1–6), 233–243. https://doi.org/10.1080/00986448708960487.",10.1080/00986448708960487,https://doi.org/10.1080/00986448708960487,peer-reviewed method,Taylor & Francis,Published group-contribution method; fallback predictions are labelled.
REF-0004,"Co-Optima Co-Optimizer Fuel Engine Co Optimization-2.csv, commit fe0342ab50c2bbe1ce707a2fec049f709e0894f2.",,https://github.com/NatLabRockies/cooptima-co-optimizer/blob/fe0342ab50c2bbe1ce707a2fec049f709e0894f2/Fuel%20Engine%20Co%20Optimization-2.csv,official government-laboratory dataset export,NREL/LBNL,Repository license permits redistribution with attribution; original measured/predicted flag retained.
REF-0005,"Rossini, Frederick D.; Pitzer, Kenneth S.; Taylor, William J.; Ebert, Joan P.; Kilpatrick, John E.; Beckett, Charles W.; Williams, Mary G.; Werner, Helene G. Selected Values of Properties of Hydrocarbons. Circular of the National Bureau of Standards 461. National Bureau of Standards, U.S. Government Printing Office, Washington, DC (1947). https://doi.org/10.6028/NBS.CIRC.461.",10.6028/NBS.CIRC.461,https://doi.org/10.6028/NBS.CIRC.461,authoritative evaluated government compilation,National Bureau of Standards / U.S. Government Printing Office,U.S. federal-government publication. Liquid-phase LHV rows at 25 °C were transcribed conservatively; the original PDF page and table row are retained per value.
REF-0006,"Rockenfeller and Rossini, 1961 Rockenfeller, J.D.; Rossini, F.D., Heats of combustion, isomerization, and formation of selected C7, C8, and C10 monoolefin hydrocarbons, J. Phys. Chem., 1961, 65, 267-272. [all data] | Cox and Pilcher, 1970 Cox, J.D.; Pilcher, G., Thermochemistry of Organic and Organometallic Compounds, Academic Press, New York, 1970, 1-636. [all data] | Cox, Wagman, et al., 1984 Cox, J.D.; Wagman, D.D.; Medvedev, V.A., CODATA Key Values for Thermodynamics, Hemisphere Publishing Corp., New York, 1984, 1. [all data]",,https://webbook.nist.gov/cgi/cbook.cgi?ID=C111660&Units=SI&Mask=6,NIST Chemistry WebBook thermochemistry + explicit Hess-law derivation,webbook.nist.gov,Source-specific property URL and source label retained from the selected database annotation.
REF-0007,"Ahosseini, A.[Azita]; Sensenich, B.[Brent]; Weatherley, L. R.[Laurence R.]; Scurto, A. M.[Aaron M.] (2010). Phase Equilibrium, Volumetric, and Interfacial Properties of the Ionic Liquid, 1-Hexyl-3-methylimidazolium Bis(trifluoromethylsulfonyl)amide and 1-Octene. J. Chem. Eng. Data 55, 1611-1617. https://doi.org/10.1021/je900697w",10.1021/je900697w,https://doi.org/10.1021/je900697w,NIST ThermoML experimental,journal publisher / NIST ThermoML,Article metadata and pure-property data accessed through NIST ThermoML.
REF-0008,NIST Chemistry WebBook evaluated fusion temperature: Average of 10 values; Individual data points,,https://webbook.nist.gov/cgi/cbook.cgi?ID=C111660&Units=SI&Type=TFREEZE,NIST Chemistry WebBook evaluated/compiled value,webbook.nist.gov,Source-specific property URL and source label retained from the selected database annotation.
REF-0009,NIST Chemistry WebBook evaluated normal boiling point: Average of 60 out of 61 values; Individual data points,,https://webbook.nist.gov/cgi/cbook.cgi?ID=C111660&Units=SI&Type=TBOIL,NIST Chemistry WebBook evaluated/compiled value,webbook.nist.gov,Source-specific property URL and source label retained from the selected database annotation.
REF-0010,"Kim, Y.[Younghun]; Pokki, J. -P.[Juha-Pekka]; Rehak, K.[Karel]; Matous, J.[Jaroslav]; Aittamaa, J.[Juhani] (2004). Excess Enthalpy and Vapor-Liquid Equilibrium at Atmospheric Pressure for the Binary Systems 2-Methyl-2-propanol + 2,4,4-Trimethyl-1-pentene and 2-Butanol + 2,4,4-Trimethyl-1-pentene. J. Chem. Eng. Data 49, 246-250. https://doi.org/10.1021/je0340912",10.1021/je0340912,https://doi.org/10.1021/je0340912,NIST ThermoML experimental,journal publisher / NIST ThermoML,Article metadata and pure-property data accessed through NIST ThermoML.
REF-0011,Hazardous Substances Data Bank (HSDB),,https://pubchem.ncbi.nlm.nih.gov/source/hsdb/1442,PubChem source-linked experimental annotation,pubchem.ncbi.nlm.nih.gov,Source-specific property URL and source label retained from the selected database annotation.
REF-0012,"PAC Chemical Database, U.S. Department of Energy",,https://emhub1.energy.gov/pacteel/search#107-39-1,PubChem source-linked experimental annotation,emhub1.energy.gov,Source-specific property URL and source label retained from the selected database annotation.
REF-0013,"Montgomery, Rossini, et al., 1978 Montgomery, R.L.; Rossini, F.D.; Mansson, M., Enthalpies of combustion, vaporization, and formation of phenylbenzene, cyclohexylbenzene, and cyclohexylcyclohexane; enthalpy of hydrogenation of certain aromatic systems, J. Chem. Eng. Data, 1978, 23, 125-129. [all data] | Cox, Wagman, et al., 1984 Cox, J.D.; Wagman, D.D.; Medvedev, V.A., CODATA Key Values for Thermodynamics, Hemisphere Publishing Corp., New York, 1984, 1. [all data]",,https://webbook.nist.gov/cgi/cbook.cgi?ID=C92513&Units=SI&Mask=6,NIST Chemistry WebBook thermochemistry + explicit Hess-law derivation,webbook.nist.gov,Source-specific property URL and source label retained from the selected database annotation.
REF-0014,"Prak, D. J. L.[Dianne J. Luning]; Cowart, J. S.[Jim S.]; Trulove, P. C.[Paul C.] (2016). Density and Viscosity from 293.15 to 373.15 K, Speed of Sound and Bulk Modulus from 293.15 to 343.15 K, Surface Tension, and Flash Point of Binary Mixtures of Bicyclohexyl and 1,2,3,4-Tetrahydronaphthalene or Trans-decahydronaphthalene at 0.1 MPa. J. Chem. Eng. Data 61, 650-661. https://doi.org/10.1021/acs.jced.5b00790",10.1021/acs.jced.5b00790,https://doi.org/10.1021/acs.jced.5b00790,NIST ThermoML experimental,journal publisher / NIST ThermoML,Article metadata and pure-property data accessed through NIST ThermoML.
REF-0015,NIST Chemistry WebBook evaluated fusion temperature: Average of 11 values; Individual data points,,https://webbook.nist.gov/cgi/cbook.cgi?ID=C92513&Units=SI&Type=TFREEZE,NIST Chemistry WebBook evaluated/compiled value,webbook.nist.gov,Source-specific property URL and source label retained from the selected database annotation.
REF-0016,NIST Chemistry WebBook evaluated normal boiling point: Average of 8 values; Individual data points,,https://webbook.nist.gov/cgi/cbook.cgi?ID=C92513&Units=SI&Type=TBOIL,NIST Chemistry WebBook evaluated/compiled value,webbook.nist.gov,Source-specific property URL and source label retained from the selected database annotation.
REF-0017,"Gollis, Belenyessy, et al., 1962 Gollis, M.H.; Belenyessy, L.I.; Gudzinowicz, B.J.; Koch, S.D.; Smith, J.O.; Wineman, R.J., Evaluation of pure hydrocarbons as jet fuels, J. Chem. Eng. Data, 1962, 7, 331-316. [all data] | Cox, Wagman, et al., 1984 Cox, J.D.; Wagman, D.D.; Medvedev, V.A., CODATA Key Values for Thermodynamics, Hemisphere Publishing Corp., New York, 1984, 1. [all data]",,https://webbook.nist.gov/cgi/cbook.cgi?ID=C91178&Units=SI&Mask=6,NIST Chemistry WebBook thermochemistry + explicit Hess-law derivation,webbook.nist.gov,Source-specific property URL and source label retained from the selected database annotation.
REF-0018,"Qin, X.[Xiaomei]; Cao, X.[Xiaofang]; Guo, Y.[Yongsheng]; Xu, L.[Li]; Hu, S.[Shenlin]; Fang, W.[Wenjun] (2014). Density, Viscosity, Surface Tension, and Refractive Index for Binary Mixtures of 1,3-Dimethyladamantane with Four C10 Alkanes. J. Chem. Eng. Data 59, 775-783. https://doi.org/10.1021/je4008926",10.1021/je4008926,https://doi.org/10.1021/je4008926,NIST ThermoML experimental,journal publisher / NIST ThermoML,Article metadata and pure-property data accessed through NIST ThermoML.
REF-0019,"Herz and Schuftan, 1922 Herz, W.; Schuftan, P., Physical-chemical investigations of tetralin and decalin., Z. Phys. Chem. (Leipzig), 1922, 101, 269. [all data]",,https://webbook.nist.gov/cgi/cbook.cgi?ID=C91178&Units=SI&Mask=6,NIST Chemistry WebBook evaluated/compiled value,webbook.nist.gov,Source-specific property URL and source label retained from the selected database annotation.
REF-0020,"Aldrich Chemical Company Inc., 1990 Aldrich Chemical Company Inc., Catalog Handbook of Fine Chemicals, Aldrich Chemical Company, Inc., Milwaukee WI, 1990, 1. [all data]",,https://webbook.nist.gov/cgi/cbook.cgi?ID=C91178&Units=SI&Mask=6,NIST Chemistry WebBook evaluated/compiled value,webbook.nist.gov,Source-specific property URL and source label retained from the selected database annotation.
REF-0021,"Gollis, Belenyessy, et al., 1962 Gollis, M.H.; Belenyessy, L.I.; Gudzinowicz, B.J.; Koch, S.D.; Smith, J.O.; Wineman, R.J., Evaluation of pure hydrocarbons as jet fuels, J. Chem. Eng. Data, 1962, 7, 331-316. [all data] | Cox, Wagman, et al., 1984 Cox, J.D.; Wagman, D.D.; Medvedev, V.A., CODATA Key Values for Thermodynamics, Hemisphere Publishing Corp., New York, 1984, 1. [all data]",,https://webbook.nist.gov/cgi/cbook.cgi?ID=C473552&Units=SI&Mask=6,NIST Chemistry WebBook thermochemistry + explicit Hess-law derivation,webbook.nist.gov,Source-specific property URL and source label retained from the selected database annotation.
REF-0022,CAMEO Chemicals,,https://cameochemicals.noaa.gov/chemical/20927,PubChem source-linked experimental annotation,cameochemicals.noaa.gov,Source-specific property URL and source label retained from the selected database annotation.
REF-0023,"Timmermans, 1952 Timmermans, J., solid–liquid phase-transitions of organic compounds. VVI New determinations., Bull. Soc. Chim. Belg., 1952, 61, 393. [all data]",,https://webbook.nist.gov/cgi/cbook.cgi?ID=C473552&Units=SI&Mask=6,NIST Chemistry WebBook evaluated/compiled value,webbook.nist.gov,Source-specific property URL and source label retained from the selected database annotation.
REF-0024,"Pines, Hoffman, et al., 1954 Pines, H.; Hoffman, N.E.; Ipatieff, V.N., Studies in the Terpene Series XX. The Thermal Isomerization of Pinane at Atmospheric Pressure, J. Am. Chem. Soc., 1954, 76, 4412. [all data]",,https://webbook.nist.gov/cgi/cbook.cgi?ID=C473552&Units=SI&Mask=6,NIST Chemistry WebBook evaluated/compiled value,webbook.nist.gov,Source-specific property URL and source label retained from the selected database annotation.
REF-0025,"Prosen and Rossini, 1945 Prosen, E.J.; Rossini, F.D., Heats of combustion and formation of the paraffin hydrocarbons at 25° C, J. Res. NBS, 1945, 263-267. [all data] | Cox, Wagman, et al., 1984 Cox, J.D.; Wagman, D.D.; Medvedev, V.A., CODATA Key Values for Thermodynamics, Hemisphere Publishing Corp., New York, 1984, 1. [all data]",,https://webbook.nist.gov/cgi/cbook.cgi?ID=C464062&Units=SI&Mask=6,NIST Chemistry WebBook thermochemistry + explicit Hess-law derivation,webbook.nist.gov,Source-specific property URL and source label retained from the selected database annotation.
REF-0026,NIST Chemistry WebBook evaluated fusion temperature: Average of 17 out of 18 values; Individual data points,,https://webbook.nist.gov/cgi/cbook.cgi?ID=C464062&Units=SI&Type=TFREEZE,NIST Chemistry WebBook evaluated/compiled value,webbook.nist.gov,Source-specific property URL and source label retained from the selected database annotation.
REF-0027,NIST Chemistry WebBook evaluated normal boiling point: Average of 35 out of 37 values; Individual data points,,https://webbook.nist.gov/cgi/cbook.cgi?ID=C464062&Units=SI&Type=TBOIL,NIST Chemistry WebBook evaluated/compiled value,webbook.nist.gov,Source-specific property URL and source label retained from the selected database annotation.
REF-0028,"Prosen and Rossini, 1945 Prosen, E.J.; Rossini, F.D., Heats of combustion and formation of the paraffin hydrocarbons at 25° C, J. Res. NBS, 1945, 263-267. [all data] | Cox, Wagman, et al., 1984 Cox, J.D.; Wagman, D.D.; Medvedev, V.A., CODATA Key Values for Thermodynamics, Hemisphere Publishing Corp., New York, 1984, 1. [all data]",,https://webbook.nist.gov/cgi/cbook.cgi?ID=C540841&Units=SI&Mask=6,NIST Chemistry WebBook thermochemistry + explicit Hess-law derivation,webbook.nist.gov,Source-specific property URL and source label retained from the selected database annotation.
REF-0029,"Yue, L.[Lei]; Qin, X.[Xiaomei]; Wu, X.[Xi]; Xu, L.[Li]; Guo, Y.[Yongsheng]; Fang, W.[Wenjun] (2015). Excess molar volume along with viscosity, refractive index and relative permittivity for binary mixtures of exo-tetrahydrodicyclopentadiene with four octane isomers. J. Chem. Thermodyn. 81, 26-33. https://doi.org/10.1016/j.jct.2014.09.015",10.1016/j.jct.2014.09.015,https://doi.org/10.1016/j.jct.2014.09.015,NIST ThermoML experimental,journal publisher / NIST ThermoML,Article metadata and pure-property data accessed through NIST ThermoML.
REF-0030,NIST Chemistry WebBook evaluated fusion temperature: Average of 37 out of 44 values; Individual data points,,https://webbook.nist.gov/cgi/cbook.cgi?ID=C540841&Units=SI&Type=TFREEZE,NIST Chemistry WebBook evaluated/compiled value,webbook.nist.gov,Source-specific property URL and source label retained from the selected database annotation.
REF-0031,NIST Chemistry WebBook evaluated normal boiling point: Average of 49 out of 52 values; Individual data points,,https://webbook.nist.gov/cgi/cbook.cgi?ID=C540841&Units=SI&Type=TBOIL,NIST Chemistry WebBook evaluated/compiled value,webbook.nist.gov,Source-specific property URL and source label retained from the selected database annotation.
REF-0032,"Good, 1969 Good, W.D., Enthalpies of combustion and formation of 11 isomeric nonanes, J. Chem. Eng. Data, 1969, 14, 231-235. [all data] | Cox, Wagman, et al., 1984 Cox, J.D.; Wagman, D.D.; Medvedev, V.A., CODATA Key Values for Thermodynamics, Hemisphere Publishing Corp., New York, 1984, 1. [all data]",,https://webbook.nist.gov/cgi/cbook.cgi?ID=C3522949&Units=SI&Mask=6,NIST Chemistry WebBook thermochemistry + explicit Hess-law derivation,webbook.nist.gov,Source-specific property URL and source label retained from the selected database annotation.
REF-0033,"PAC Chemical Database, U.S. Department of Energy",,https://emhub1.energy.gov/pacteel/search#3522-94-9,PubChem source-linked experimental annotation,emhub1.energy.gov,Source-specific property URL and source label retained from the selected database annotation.
REF-0034,NIST Chemistry WebBook evaluated fusion temperature: Average of 8 values; Individual data points,,https://webbook.nist.gov/cgi/cbook.cgi?ID=C3522949&Units=SI&Type=TFREEZE,NIST Chemistry WebBook evaluated/compiled value,webbook.nist.gov,Source-specific property URL and source label retained from the selected database annotation.
REF-0035,NIST Chemistry WebBook evaluated normal boiling point: Average of 19 values; Individual data points,,https://webbook.nist.gov/cgi/cbook.cgi?ID=C3522949&Units=SI&Type=TBOIL,NIST Chemistry WebBook evaluated/compiled value,webbook.nist.gov,Source-specific property URL and source label retained from the selected database annotation.
REF-0036,"Guerrero, H.[Hernando]; Garcia-Mardones, M.[Monica]; Perez-Gregorio, V.; Gascon, I.[Ignacio]; Lafuente, C.[Carlos] (2013). Experimental and VTPR-predicted volumetric properties of branched hexanes. Fluid Phase Equilib. 338, 141-147. https://doi.org/10.1016/j.fluid.2012.11.013",10.1016/j.fluid.2012.11.013,https://doi.org/10.1016/j.fluid.2012.11.013,NIST ThermoML experimental,journal publisher / NIST ThermoML,Article metadata and pure-property data accessed through NIST ThermoML.
REF-0037,Hazardous Substances Data Bank (HSDB),,https://pubchem.ncbi.nlm.nih.gov/source/hsdb/75,PubChem source-linked experimental annotation,pubchem.ncbi.nlm.nih.gov,Source-specific property URL and source label retained from the selected database annotation.
REF-0038,"PAC Chemical Database, U.S. Department of Energy",,https://emhub1.energy.gov/pacteel/search#75-83-2,PubChem source-linked experimental annotation,emhub1.energy.gov,Source-specific property URL and source label retained from the selected database annotation.
REF-0039,Hazardous Substances Data Bank (HSDB),,https://pubchem.ncbi.nlm.nih.gov/source/hsdb/76,PubChem source-linked experimental annotation,pubchem.ncbi.nlm.nih.gov,Source-specific property URL and source label retained from the selected database annotation.
REF-0040,"Prosen and Rossini, 1945 Prosen, E.J.; Rossini, F.D., Heats of combustion and formation of the paraffin hydrocarbons at 25° C, J. Res. NBS, 1945, 263-267. [all data] | Cox, Wagman, et al., 1984 Cox, J.D.; Wagman, D.D.; Medvedev, V.A., CODATA Key Values for Thermodynamics, Hemisphere Publishing Corp., New York, 1984, 1. [all data]",,https://webbook.nist.gov/cgi/cbook.cgi?ID=C108087&Units=SI&Mask=6,NIST Chemistry WebBook thermochemistry + explicit Hess-law derivation,webbook.nist.gov,Source-specific property URL and source label retained from the selected database annotation.
REF-0041,"Guerrero-Zarate, D.[David]; Iglesias-Silva, G. A.[Gustavo A.]; Estrada-Baltazar, A.[Alejandro] (2019). P-r-T Data and Derivative Properties of 3-Methylpentane, 2,4-Dimethylpentane, and 2,3,4-Trimethylpentane from 283.15 to 363.15 K at Pressures up to 65 MPa. J. Chem. Eng. Data 64, 6020-6030. https://doi.org/10.1021/acs.jced.9b00846",10.1021/acs.jced.9b00846,https://doi.org/10.1021/acs.jced.9b00846,NIST ThermoML experimental,journal publisher / NIST ThermoML,Article metadata and pure-property data accessed through NIST ThermoML.
REF-0042,NIST Chemistry WebBook evaluated fusion temperature: Average of 27 values; Individual data points,,https://webbook.nist.gov/cgi/cbook.cgi?ID=C108087&Units=SI&Type=TFREEZE,NIST Chemistry WebBook evaluated/compiled value,webbook.nist.gov,Source-specific property URL and source label retained from the selected database annotation.
REF-0043,NIST Chemistry WebBook evaluated normal boiling point: Average of 42 out of 48 values; Individual data points,,https://webbook.nist.gov/cgi/cbook.cgi?ID=C108087&Units=SI&Type=TBOIL,NIST Chemistry WebBook evaluated/compiled value,webbook.nist.gov,Source-specific property URL and source label retained from the selected database annotation.
REF-0044,"Prosen and Rossini, 1945 Prosen, E.J.; Rossini, F.D., Heats of combustion and formation of the paraffin hydrocarbons at 25° C, J. Res. NBS, 1945, 263-267. [all data] | Cox, Wagman, et al., 1984 Cox, J.D.; Wagman, D.D.; Medvedev, V.A., CODATA Key Values for Thermodynamics, Hemisphere Publishing Corp., New York, 1984, 1. [all data]",,https://webbook.nist.gov/cgi/cbook.cgi?ID=C592278&Units=SI&Mask=6,NIST Chemistry WebBook thermochemistry + explicit Hess-law derivation,webbook.nist.gov,Source-specific property URL and source label retained from the selected database annotation.
REF-0045,"Torin-Ollarves, G. A.[Geraldine A.]; Segovia, J. J.[Jose J.]; Martin, M. C.; Villamanan, M. A.[Miguel A.] (2012). Thermodynamic characterization of the mixture (1-butanol + iso-octane): Densities, viscosities, and isobaric heat capacities at high pressures. J. Chem. Thermodyn. 44, 75-83. https://doi.org/10.1016/j.jct.2011.08.012",10.1016/j.jct.2011.08.012,https://doi.org/10.1016/j.jct.2011.08.012,NIST ThermoML experimental,journal publisher / NIST ThermoML,Article metadata and pure-property data accessed through NIST ThermoML.
REF-0046,NIST Chemistry WebBook evaluated fusion temperature: Average of 14 values; Individual data points,,https://webbook.nist.gov/cgi/cbook.cgi?ID=C592278&Units=SI&Type=TFREEZE,NIST Chemistry WebBook evaluated/compiled value,webbook.nist.gov,Source-specific property URL and source label retained from the selected database annotation.
REF-0047,NIST Chemistry WebBook evaluated normal boiling point: Average of 37 out of 38 values; Individual data points,,https://webbook.nist.gov/cgi/cbook.cgi?ID=C592278&Units=SI&Type=TBOIL,NIST Chemistry WebBook evaluated/compiled value,webbook.nist.gov,Source-specific property URL and source label retained from the selected database annotation.
REF-0048,"Prosen and Rossini, 1945 Prosen, E.J.; Rossini, F.D., Heats of combustion and formation of the paraffin hydrocarbons at 25° C, J. Res. NBS, 1945, 263-267. [all data] | Cox, Wagman, et al., 1984 Cox, J.D.; Wagman, D.D.; Medvedev, V.A., CODATA Key Values for Thermodynamics, Hemisphere Publishing Corp., New York, 1984, 1. [all data]",,https://webbook.nist.gov/cgi/cbook.cgi?ID=C591764&Units=SI&Mask=6,NIST Chemistry WebBook thermochemistry + explicit Hess-law derivation,webbook.nist.gov,Source-specific property URL and source label retained from the selected database annotation.
REF-0049,ILO-WHO International Chemical Safety Cards (ICSCs),,https://chemicalsafety.ilo.org/dyn/icsc/showcard.display?p_card_id=0658,PubChem source-linked experimental annotation,chemicalsafety.ilo.org,Source-specific property URL and source label retained from the selected database annotation.
REF-0050,NIST Chemistry WebBook evaluated fusion temperature: Average of 22 out of 23 values; Individual data points,,https://webbook.nist.gov/cgi/cbook.cgi?ID=C591764&Units=SI&Type=TFREEZE,NIST Chemistry WebBook evaluated/compiled value,webbook.nist.gov,Source-specific property URL and source label retained from the selected database annotation.
REF-0051,NIST Chemistry WebBook evaluated normal boiling point: Average of 44 out of 48 values; Individual data points,,https://webbook.nist.gov/cgi/cbook.cgi?ID=C591764&Units=SI&Type=TBOIL,NIST Chemistry WebBook evaluated/compiled value,webbook.nist.gov,Source-specific property URL and source label retained from the selected database annotation.
REF-0052,"Moore, Renquist, et al., 1940 Moore, G.E.; Renquist, M.L.; Parks, G.S., Thermal data on organic compounds. XX. Modern combustion data for two methylnonanes, methyl ethyl ketone, thiophene and six cycloparaffins, J. Am. Chem. Soc., 1940, 62, 1505-1507. [all data] | Cox and Pilcher, 1970 Cox, J.D.; Pilcher, G., Thermochemistry of Organic and Organometallic Compounds, Academic Press, New York, 1970, 1-636. [all data] | Cox, Wagman, et al., 1984 Cox, J.D.; Wagman, D.D.; Medvedev, V.A., CODATA Key Values for Thermodynamics, Hemisphere Publishing Corp., New York, 1984, 1. [all data]",,https://webbook.nist.gov/cgi/cbook.cgi?ID=C871830&Units=SI&Mask=6,NIST Chemistry WebBook thermochemistry + explicit Hess-law derivation,webbook.nist.gov,Source-specific property URL and source label retained from the selected database annotation.
REF-0053,"Prak, D. J. L.[Dianne J. Luning]; Brown, E. K.[Eva K.]; Trulove, P. C.[Paul C.] (2013). Density, Viscosity, Speed of Sound, and Bulk Modulus of Methyl Alkanes, Dimethyl Alkanes, and Hydrotreated Renewable Fuels. J. Chem. Eng. Data 58, 2065-2075. https://doi.org/10.1021/je400274f",10.1021/je400274f,https://doi.org/10.1021/je400274f,NIST ThermoML experimental,journal publisher / NIST ThermoML,Article metadata and pure-property data accessed through NIST ThermoML.
REF-0054,"Mears, Fookson, et al., 1950 Mears, T.W.; Fookson, A.; Pomerantz, P.; Rich, E.H.; Dussinger, C.S.; Howard, F.L., Syntheses and Properties of Two Olefins, Six Paraffins, and Their Intermediates, J. Res. Natl. Bur. Stand. (U. S.), 1950, 44, 299. [all data]",,https://webbook.nist.gov/cgi/cbook.cgi?ID=C871830&Units=SI&Mask=6,NIST Chemistry WebBook evaluated/compiled value,webbook.nist.gov,Source-specific property URL and source label retained from the selected database annotation.
REF-0055,"Weast and Grasselli, 1989 CRC Handbook of Data on Organic Compounds, 2nd Editon, Weast,R.C and Grasselli, J.G., ed(s)., CRC Press, Inc., Boca Raton, FL, 1989, 1. [all data]",,https://webbook.nist.gov/cgi/cbook.cgi?ID=C871830&Units=SI&Mask=6,NIST Chemistry WebBook evaluated/compiled value,webbook.nist.gov,Source-specific property URL and source label retained from the selected database annotation.
REF-0056,"Prosen and Rossini, 1945 Prosen, E.J.; Rossini, F.D., Heats of combustion and formation of the paraffin hydrocarbons at 25° C, J. Res. NBS, 1945, 263-267. [all data] | Cox, Wagman, et al., 1984 Cox, J.D.; Wagman, D.D.; Medvedev, V.A., CODATA Key Values for Thermodynamics, Hemisphere Publishing Corp., New York, 1984, 1. [all data]",,https://webbook.nist.gov/cgi/cbook.cgi?ID=C107835&Units=SI&Mask=6,NIST Chemistry WebBook thermochemistry + explicit Hess-law derivation,webbook.nist.gov,Source-specific property URL and source label retained from the selected database annotation.
REF-0057,NIST Chemistry WebBook evaluated fusion temperature: Average of 21 values; Individual data points,,https://webbook.nist.gov/cgi/cbook.cgi?ID=C107835&Units=SI&Type=TFREEZE,NIST Chemistry WebBook evaluated/compiled value,webbook.nist.gov,Source-specific property URL and source label retained from the selected database annotation.
REF-0058,NIST Chemistry WebBook evaluated normal boiling point: Average of 71 out of 73 values; Individual data points,,https://webbook.nist.gov/cgi/cbook.cgi?ID=C107835&Units=SI&Type=TBOIL,NIST Chemistry WebBook evaluated/compiled value,webbook.nist.gov,Source-specific property URL and source label retained from the selected database annotation.
REF-0059,"Prosen and Rossini, 1945 Prosen, E.J.; Rossini, F.D., Heats of combustion and formation of the paraffin hydrocarbons at 25° C, J. Res. NBS, 1945, 263-267. [all data] | Cox, Wagman, et al., 1984 Cox, J.D.; Wagman, D.D.; Medvedev, V.A., CODATA Key Values for Thermodynamics, Hemisphere Publishing Corp., New York, 1984, 1. [all data]",,https://webbook.nist.gov/cgi/cbook.cgi?ID=C589811&Units=SI&Mask=6,NIST Chemistry WebBook thermochemistry + explicit Hess-law derivation,webbook.nist.gov,Source-specific property URL and source label retained from the selected database annotation.
REF-0060,NIST Chemistry WebBook evaluated fusion temperature: Average of 15 out of 16 values; Individual data points,,https://webbook.nist.gov/cgi/cbook.cgi?ID=C589811&Units=SI&Type=TFREEZE,NIST Chemistry WebBook evaluated/compiled value,webbook.nist.gov,Source-specific property URL and source label retained from the selected database annotation.
REF-0061,NIST Chemistry WebBook evaluated normal boiling point: Average of 27 out of 28 values; Individual data points,,https://webbook.nist.gov/cgi/cbook.cgi?ID=C589811&Units=SI&Type=TBOIL,NIST Chemistry WebBook evaluated/compiled value,webbook.nist.gov,Source-specific property URL and source label retained from the selected database annotation.
REF-0062,"Williams-Wynn, Mark D.; Naidoo, Paramespri; Ramjugernath, Deresh (2018). Isothermal vapour-liquid equilibrium data for binary systems of (CHF3 or C2F6) with (1-hexene or 3-methylpentane). J. Chem. Thermodyn. 121, 79-90. https://doi.org/10.1016/j.jct.2017.12.002",10.1016/j.jct.2017.12.002,https://doi.org/10.1016/j.jct.2017.12.002,NIST ThermoML experimental,journal publisher / NIST ThermoML,Article metadata and pure-property data accessed through NIST ThermoML.
REF-0063,Hazardous Substances Data Bank (HSDB),,https://pubchem.ncbi.nlm.nih.gov/source/hsdb/5300,PubChem source-linked experimental annotation,pubchem.ncbi.nlm.nih.gov,Source-specific property URL and source label retained from the selected database annotation.
REF-0064,"PAC Chemical Database, U.S. Department of Energy",,https://emhub1.energy.gov/pacteel/search#96-14-0,PubChem source-linked experimental annotation,emhub1.energy.gov,Source-specific property URL and source label retained from the selected database annotation.
REF-0065,"PAC Chemical Database, U.S. Department of Energy",,https://emhub1.energy.gov/pacteel/search#78-78-4,PubChem source-linked experimental annotation,emhub1.energy.gov,Source-specific property URL and source label retained from the selected database annotation.
REF-0066,Hazardous Substances Data Bank (HSDB),,https://pubchem.ncbi.nlm.nih.gov/source/hsdb/618,PubChem source-linked experimental annotation,pubchem.ncbi.nlm.nih.gov,Source-specific property URL and source label retained from the selected database annotation.
REF-0067,"Prosen and Rossini, 1945 Prosen, E.J.; Rossini, F.D., Heats of combustion and formation of the paraffin hydrocarbons at 25° C, J. Res. NBS, 1945, 263-267. [all data] | Cox, Wagman, et al., 1984 Cox, J.D.; Wagman, D.D.; Medvedev, V.A., CODATA Key Values for Thermodynamics, Hemisphere Publishing Corp., New York, 1984, 1. [all data]",,https://webbook.nist.gov/cgi/cbook.cgi?ID=C124185&Units=SI&Mask=6,NIST Chemistry WebBook thermochemistry + explicit Hess-law derivation,webbook.nist.gov,Source-specific property URL and source label retained from the selected database annotation.
REF-0068,"Paredes, M. L. L.[Marcio L. L.]; Reis, R. A.[Rodrigo A.]; Silva, A. A.[Amanda A.]; Santos, R. N. G.[Rafael N. G.]; Santos, G. J.[Gisele J.]; Ribeiro, M. H. A.; Ximango, P. B. (2012). Densities, sound velocities, and refractive indexes of (tetralin + n-decane) and thermodynamic modeling by Prigogine-Flory-Patterson model. J. Chem. Thermodyn. 45, 35-42. https://doi.org/10.1016/j.jct.2011.09.001",10.1016/j.jct.2011.09.001,https://doi.org/10.1016/j.jct.2011.09.001,NIST ThermoML experimental,journal publisher / NIST ThermoML,Article metadata and pure-property data accessed through NIST ThermoML.
REF-0069,NIST Chemistry WebBook evaluated fusion temperature: Average of 23 out of 25 values; Individual data points,,https://webbook.nist.gov/cgi/cbook.cgi?ID=C124185&Units=SI&Type=TFREEZE,NIST Chemistry WebBook evaluated/compiled value,webbook.nist.gov,Source-specific property URL and source label retained from the selected database annotation.
REF-0070,NIST Chemistry WebBook evaluated normal boiling point: Average of 34 out of 43 values; Individual data points,,https://webbook.nist.gov/cgi/cbook.cgi?ID=C124185&Units=SI&Type=TBOIL,NIST Chemistry WebBook evaluated/compiled value,webbook.nist.gov,Source-specific property URL and source label retained from the selected database annotation.
REF-0071,"Prosen and Rossini, 1945 Prosen, E.J.; Rossini, F.D., Heats of combustion and formation of the paraffin hydrocarbons at 25° C, J. Res. NBS, 1945, 263-267. [all data] | Cox, Wagman, et al., 1984 Cox, J.D.; Wagman, D.D.; Medvedev, V.A., CODATA Key Values for Thermodynamics, Hemisphere Publishing Corp., New York, 1984, 1. [all data]",,https://webbook.nist.gov/cgi/cbook.cgi?ID=C112403&Units=SI&Mask=6,NIST Chemistry WebBook thermochemistry + explicit Hess-law derivation,webbook.nist.gov,Source-specific property URL and source label retained from the selected database annotation.
REF-0072,"Han, H.[Haishui]; Li, Z.[Zhuolin]; Chen, X.[Xinglong]; Li, S.[Shi]; Qin, J.[Jishun] (2017). Volume expansion prediction of supercritical CO 2  + crude oil. Fluid Phase Equilib. 439, 9-17. https://doi.org/10.1016/j.fluid.2017.02.010",10.1016/j.fluid.2017.02.010,https://doi.org/10.1016/j.fluid.2017.02.010,NIST ThermoML experimental,journal publisher / NIST ThermoML,Article metadata and pure-property data accessed through NIST ThermoML.
REF-0073,NIST Chemistry WebBook evaluated fusion temperature: Average of 35 out of 45 values; Individual data points,,https://webbook.nist.gov/cgi/cbook.cgi?ID=C112403&Units=SI&Type=TFREEZE,NIST Chemistry WebBook evaluated/compiled value,webbook.nist.gov,Source-specific property URL and source label retained from the selected database annotation.
REF-0074,NIST Chemistry WebBook evaluated normal boiling point: Average of 22 values; Individual data points,,https://webbook.nist.gov/cgi/cbook.cgi?ID=C112403&Units=SI&Type=TBOIL,NIST Chemistry WebBook evaluated/compiled value,webbook.nist.gov,Source-specific property URL and source label retained from the selected database annotation.
REF-0075,"Prosen and Rossini, 1945 Prosen, E.J.; Rossini, F.D., Heats of combustion and formation of the paraffin hydrocarbons at 25° C, J. Res. NBS, 1945, 263-267. [all data] | Cox, Wagman, et al., 1984 Cox, J.D.; Wagman, D.D.; Medvedev, V.A., CODATA Key Values for Thermodynamics, Hemisphere Publishing Corp., New York, 1984, 1. [all data]",,https://webbook.nist.gov/cgi/cbook.cgi?ID=C112958&Units=SI&Mask=6,NIST Chemistry WebBook thermochemistry + explicit Hess-law derivation,webbook.nist.gov,Source-specific property URL and source label retained from the selected database annotation.
REF-0076,Hazardous Substances Data Bank (HSDB),,https://pubchem.ncbi.nlm.nih.gov/source/hsdb/8350,PubChem source-linked experimental annotation,pubchem.ncbi.nlm.nih.gov,Source-specific property URL and source label retained from the selected database annotation.
REF-0077,NIST Chemistry WebBook evaluated fusion temperature: Average of 26 out of 30 values; Individual data points,,https://webbook.nist.gov/cgi/cbook.cgi?ID=C112958&Units=SI&Type=TFREEZE,NIST Chemistry WebBook evaluated/compiled value,webbook.nist.gov,Source-specific property URL and source label retained from the selected database annotation.
REF-0078,"Weast and Grasselli, 1989 CRC Handbook of Data on Organic Compounds, 2nd Editon, Weast,R.C and Grasselli, J.G., ed(s)., CRC Press, Inc., Boca Raton, FL, 1989, 1. [all data]",,https://webbook.nist.gov/cgi/cbook.cgi?ID=C112958&Units=SI&Mask=6,NIST Chemistry WebBook evaluated/compiled value,webbook.nist.gov,Source-specific property URL and source label retained from the selected database annotation.
REF-0079,"Prosen and Rossini, 1945 Prosen, E.J.; Rossini, F.D., Heats of combustion and formation of the paraffin hydrocarbons at 25° C, J. Res. NBS, 1945, 263-267. [all data] | Cox, Wagman, et al., 1984 Cox, J.D.; Wagman, D.D.; Medvedev, V.A., CODATA Key Values for Thermodynamics, Hemisphere Publishing Corp., New York, 1984, 1. [all data]",,https://webbook.nist.gov/cgi/cbook.cgi?ID=C629787&Units=SI&Mask=6,NIST Chemistry WebBook thermochemistry + explicit Hess-law derivation,webbook.nist.gov,Source-specific property URL and source label retained from the selected database annotation.
REF-0080,"Luning Prak, D.[Dianne]; Lee, B.[Bridget]; Cowart, J.[Jim]; Trulove, P.[Paul] (2017). Density, Viscosity, Speed of Sound, Bulk Modulus, Surface Tension, and Flash Point of Binary Mixtures of Butylbenzene + Linear Alkanes (n-Decane, n-Dodecane, n-Tetradecane, n-Hexadecane, or n-Heptadecane) at 0.1 MPa. J. Chem. Eng. Data 62, 169-187. https://doi.org/10.1021/acs.jced.6b00542",10.1021/acs.jced.6b00542,https://doi.org/10.1021/acs.jced.6b00542,NIST ThermoML experimental,journal publisher / NIST ThermoML,Article metadata and pure-property data accessed through NIST ThermoML.
REF-0081,NIST Chemistry WebBook evaluated fusion temperature: Average of 28 out of 29 values; Individual data points,,https://webbook.nist.gov/cgi/cbook.cgi?ID=C629787&Units=SI&Type=TFREEZE,NIST Chemistry WebBook evaluated/compiled value,webbook.nist.gov,Source-specific property URL and source label retained from the selected database annotation.
REF-0082,"Weast and Grasselli, 1989 CRC Handbook of Data on Organic Compounds, 2nd Editon, Weast,R.C and Grasselli, J.G., ed(s)., CRC Press, Inc., Boca Raton, FL, 1989, 1. [all data]",,https://webbook.nist.gov/cgi/cbook.cgi?ID=C629787&Units=SI&Mask=6,NIST Chemistry WebBook evaluated/compiled value,webbook.nist.gov,Source-specific property URL and source label retained from the selected database annotation.
REF-0083,"Prosen and Rossini, 1945 Prosen, E.J.; Rossini, F.D., Heats of combustion and formation of the paraffin hydrocarbons at 25° C, J. Res. NBS, 1945, 263-267. [all data] | Cox, Wagman, et al., 1984 Cox, J.D.; Wagman, D.D.; Medvedev, V.A., CODATA Key Values for Thermodynamics, Hemisphere Publishing Corp., New York, 1984, 1. [all data]",,https://webbook.nist.gov/cgi/cbook.cgi?ID=C142825&Units=SI&Mask=6,NIST Chemistry WebBook thermochemistry + explicit Hess-law derivation,webbook.nist.gov,Source-specific property URL and source label retained from the selected database annotation.
REF-0084,"Barbosa, E. F. G.[Ester F.G.]; Pereira, E. V.[Elsa V.]; Santos, A. F. S.[Angela F.S.]; Lampreia, I. M. S.[Isabel M.S.] (2017). Conformational analysis of branched alkanes using limiting partial molar volumes. J. Chem. Thermodyn. 115, 84-90. https://doi.org/10.1016/j.jct.2017.07.026",10.1016/j.jct.2017.07.026,https://doi.org/10.1016/j.jct.2017.07.026,NIST ThermoML experimental,journal publisher / NIST ThermoML,Article metadata and pure-property data accessed through NIST ThermoML.
REF-0085,NIST Chemistry WebBook evaluated fusion temperature: Average of 51 out of 52 values; Individual data points,,https://webbook.nist.gov/cgi/cbook.cgi?ID=C142825&Units=SI&Type=TFREEZE,NIST Chemistry WebBook evaluated/compiled value,webbook.nist.gov,Source-specific property URL and source label retained from the selected database annotation.
REF-0086,NIST Chemistry WebBook evaluated normal boiling point: Average of 215 out of 227 values; Individual data points,,https://webbook.nist.gov/cgi/cbook.cgi?ID=C142825&Units=SI&Type=TBOIL,NIST Chemistry WebBook evaluated/compiled value,webbook.nist.gov,Source-specific property URL and source label retained from the selected database annotation.
REF-0087,"Fraser and Prosen, 1955 Fraser, F.M.; Prosen, E.J., Heats of combustion of liquid n-hexadecane, 1-hexadecene, n-decylbenzene, n-decylcyclohexane, n-decylcyclopentane, and the variation of heat of combustion with chain length, J. Res. NBS, 1955, 55, 329-333. [all data] | Cox, Wagman, et al., 1984 Cox, J.D.; Wagman, D.D.; Medvedev, V.A., CODATA Key Values for Thermodynamics, Hemisphere Publishing Corp., New York, 1984, 1. [all data]",,https://webbook.nist.gov/cgi/cbook.cgi?ID=C544763&Units=SI&Mask=6,NIST Chemistry WebBook thermochemistry + explicit Hess-law derivation,webbook.nist.gov,Source-specific property URL and source label retained from the selected database annotation.
REF-0088,NIST Chemistry WebBook evaluated fusion temperature: Average of 52 out of 54 values; Individual data points,,https://webbook.nist.gov/cgi/cbook.cgi?ID=C544763&Units=SI&Type=TFREEZE,NIST Chemistry WebBook evaluated/compiled value,webbook.nist.gov,Source-specific property URL and source label retained from the selected database annotation.
REF-0089,NIST Chemistry WebBook evaluated normal boiling point: Average of 10 values; Individual data points,,https://webbook.nist.gov/cgi/cbook.cgi?ID=C544763&Units=SI&Type=TBOIL,NIST Chemistry WebBook evaluated/compiled value,webbook.nist.gov,Source-specific property URL and source label retained from the selected database annotation.
REF-0090,"Good and Smith, 1969 Good, W.D.; Smith, N.K., Enthalpies of combustion of toluene, benzene, cyclohexane, cyclohexene, methylcyclopentane, 1-methylcyclopentene, and n-hexane, J. Chem. Eng. Data, 1969, 14, 102-106. [all data] | Cox, Wagman, et al., 1984 Cox, J.D.; Wagman, D.D.; Medvedev, V.A., CODATA Key Values for Thermodynamics, Hemisphere Publishing Corp., New York, 1984, 1. [all data]",,https://webbook.nist.gov/cgi/cbook.cgi?ID=C110543&Units=SI&Mask=6,NIST Chemistry WebBook thermochemistry + explicit Hess-law derivation,webbook.nist.gov,Source-specific property URL and source label retained from the selected database annotation.
REF-0091,"Jalili, A. H.[Amir Hossein]; Sina, M.[Mitra] (2008). Isobaric Vapor-Liquid Equilibria of Hexane + 1-Decene and Octane + 1-Decene Mixtures. J. Chem. Eng. Data 53, 398-402. https://doi.org/10.1021/je700445y",10.1021/je700445y,https://doi.org/10.1021/je700445y,NIST ThermoML experimental,journal publisher / NIST ThermoML,Article metadata and pure-property data accessed through NIST ThermoML.
REF-0092,NIST Chemistry WebBook evaluated fusion temperature: Average of 32 values; Individual data points,,https://webbook.nist.gov/cgi/cbook.cgi?ID=C110543&Units=SI&Type=TFREEZE,NIST Chemistry WebBook evaluated/compiled value,webbook.nist.gov,Source-specific property URL and source label retained from the selected database annotation.
REF-0093,NIST Chemistry WebBook evaluated normal boiling point: Average of 85 out of 100 values; Individual data points,,https://webbook.nist.gov/cgi/cbook.cgi?ID=C110543&Units=SI&Type=TBOIL,NIST Chemistry WebBook evaluated/compiled value,webbook.nist.gov,Source-specific property URL and source label retained from the selected database annotation.
REF-0094,"Prosen and Rossini, 1945 Prosen, E.J.; Rossini, F.D., Heats of combustion and formation of the paraffin hydrocarbons at 25° C, J. Res. NBS, 1945, 263-267. [all data] | Cox, Wagman, et al., 1984 Cox, J.D.; Wagman, D.D.; Medvedev, V.A., CODATA Key Values for Thermodynamics, Hemisphere Publishing Corp., New York, 1984, 1. [all data]",,https://webbook.nist.gov/cgi/cbook.cgi?ID=C629925&Units=SI&Mask=6,NIST Chemistry WebBook thermochemistry + explicit Hess-law derivation,webbook.nist.gov,Source-specific property URL and source label retained from the selected database annotation.
REF-0095,Hazardous Substances Data Bank (HSDB),,https://pubchem.ncbi.nlm.nih.gov/source/hsdb/8349,PubChem source-linked experimental annotation,pubchem.ncbi.nlm.nih.gov,Source-specific property URL and source label retained from the selected database annotation.
REF-0096,NIST Chemistry WebBook evaluated fusion temperature: Average of 10 values; Individual data points,,https://webbook.nist.gov/cgi/cbook.cgi?ID=C629925&Units=SI&Type=TFREEZE,NIST Chemistry WebBook evaluated/compiled value,webbook.nist.gov,Source-specific property URL and source label retained from the selected database annotation.
REF-0097,"Weast and Grasselli, 1989 CRC Handbook of Data on Organic Compounds, 2nd Editon, Weast,R.C and Grasselli, J.G., ed(s)., CRC Press, Inc., Boca Raton, FL, 1989, 1. [all data]",,https://webbook.nist.gov/cgi/cbook.cgi?ID=C629925&Units=SI&Mask=6,NIST Chemistry WebBook evaluated/compiled value,webbook.nist.gov,Source-specific property URL and source label retained from the selected database annotation.
REF-0098,"Good, 1969 Good, W.D., Enthalpies of combustion and formation of 11 isomeric nonanes, J. Chem. Eng. Data, 1969, 14, 231-235. [all data] | Cox, Wagman, et al., 1984 Cox, J.D.; Wagman, D.D.; Medvedev, V.A., CODATA Key Values for Thermodynamics, Hemisphere Publishing Corp., New York, 1984, 1. [all data]",,https://webbook.nist.gov/cgi/cbook.cgi?ID=C111842&Units=SI&Mask=6,NIST Chemistry WebBook thermochemistry + explicit Hess-law derivation,webbook.nist.gov,Source-specific property URL and source label retained from the selected database annotation.
REF-0099,NIST Chemistry WebBook evaluated fusion temperature: Average of 24 values; Individual data points,,https://webbook.nist.gov/cgi/cbook.cgi?ID=C111842&Units=SI&Type=TFREEZE,NIST Chemistry WebBook evaluated/compiled value,webbook.nist.gov,Source-specific property URL and source label retained from the selected database annotation.
REF-0100,NIST Chemistry WebBook evaluated normal boiling point: Average of 44 out of 51 values; Individual data points,,https://webbook.nist.gov/cgi/cbook.cgi?ID=C111842&Units=SI&Type=TBOIL,NIST Chemistry WebBook evaluated/compiled value,webbook.nist.gov,Source-specific property URL and source label retained from the selected database annotation.
REF-0101,"Prosen and Rossini, 1945 Prosen, E.J.; Rossini, F.D., Heats of combustion and formation of the paraffin hydrocarbons at 25° C, J. Res. NBS, 1945, 263-267. [all data] | Cox, Wagman, et al., 1984 Cox, J.D.; Wagman, D.D.; Medvedev, V.A., CODATA Key Values for Thermodynamics, Hemisphere Publishing Corp., New York, 1984, 1. [all data]",,https://webbook.nist.gov/cgi/cbook.cgi?ID=C593453&Units=SI&Mask=6,NIST Chemistry WebBook thermochemistry + explicit Hess-law derivation,webbook.nist.gov,Source-specific property URL and source label retained from the selected database annotation.
REF-0102,Hazardous Substances Data Bank (HSDB),,https://pubchem.ncbi.nlm.nih.gov/source/hsdb/8348,PubChem source-linked experimental annotation,pubchem.ncbi.nlm.nih.gov,Source-specific property URL and source label retained from the selected database annotation.
REF-0103,NIST Chemistry WebBook evaluated fusion temperature: Average of 35 out of 37 values; Individual data points,,https://webbook.nist.gov/cgi/cbook.cgi?ID=C593453&Units=SI&Type=TFREEZE,NIST Chemistry WebBook evaluated/compiled value,webbook.nist.gov,Source-specific property URL and source label retained from the selected database annotation.
REF-0104,"Weast and Grasselli, 1989 CRC Handbook of Data on Organic Compounds, 2nd Editon, Weast,R.C and Grasselli, J.G., ed(s)., CRC Press, Inc., Boca Raton, FL, 1989, 1. [all data]",,https://webbook.nist.gov/cgi/cbook.cgi?ID=C593453&Units=SI&Mask=6,NIST Chemistry WebBook evaluated/compiled value,webbook.nist.gov,Source-specific property URL and source label retained from the selected database annotation.
REF-0105,"Good, 1972 Good, W.D., The enthalpies of combustion and formation of n-octane and 2,2,3,3-tetramethylbutane, J. Chem. Thermodyn., 1972, 4, 709-714. [all data] | Cox, Wagman, et al., 1984 Cox, J.D.; Wagman, D.D.; Medvedev, V.A., CODATA Key Values for Thermodynamics, Hemisphere Publishing Corp., New York, 1984, 1. [all data]",,https://webbook.nist.gov/cgi/cbook.cgi?ID=C111659&Units=SI&Mask=6,NIST Chemistry WebBook thermochemistry + explicit Hess-law derivation,webbook.nist.gov,Source-specific property URL and source label retained from the selected database annotation.
REF-0106,NIST Chemistry WebBook evaluated fusion temperature: Average of 39 out of 41 values; Individual data points,,https://webbook.nist.gov/cgi/cbook.cgi?ID=C111659&Units=SI&Type=TFREEZE,NIST Chemistry WebBook evaluated/compiled value,webbook.nist.gov,Source-specific property URL and source label retained from the selected database annotation.
REF-0107,NIST Chemistry WebBook evaluated normal boiling point: Average of 75 out of 89 values; Individual data points,,https://webbook.nist.gov/cgi/cbook.cgi?ID=C111659&Units=SI&Type=TBOIL,NIST Chemistry WebBook evaluated/compiled value,webbook.nist.gov,Source-specific property URL and source label retained from the selected database annotation.
REF-0108,"Prosen and Rossini, 1945 Prosen, E.J.; Rossini, F.D., Heats of combustion and formation of the paraffin hydrocarbons at 25° C, J. Res. NBS, 1945, 263-267. [all data] | Cox, Wagman, et al., 1984 Cox, J.D.; Wagman, D.D.; Medvedev, V.A., CODATA Key Values for Thermodynamics, Hemisphere Publishing Corp., New York, 1984, 1. [all data]",,https://webbook.nist.gov/cgi/cbook.cgi?ID=C629629&Units=SI&Mask=6,NIST Chemistry WebBook thermochemistry + explicit Hess-law derivation,webbook.nist.gov,Source-specific property URL and source label retained from the selected database annotation.
REF-0109,Hazardous Substances Data Bank (HSDB),,https://pubchem.ncbi.nlm.nih.gov/source/hsdb/5729,PubChem source-linked experimental annotation,pubchem.ncbi.nlm.nih.gov,Source-specific property URL and source label retained from the selected database annotation.
REF-0110,NIST Chemistry WebBook evaluated fusion temperature: Average of 19 out of 24 values; Individual data points,,https://webbook.nist.gov/cgi/cbook.cgi?ID=C629629&Units=SI&Type=TFREEZE,NIST Chemistry WebBook evaluated/compiled value,webbook.nist.gov,Source-specific property URL and source label retained from the selected database annotation.
REF-0111,NIST Chemistry WebBook evaluated normal boiling point: Average of 9 values; Individual data points,,https://webbook.nist.gov/cgi/cbook.cgi?ID=C629629&Units=SI&Type=TBOIL,NIST Chemistry WebBook evaluated/compiled value,webbook.nist.gov,Source-specific property URL and source label retained from the selected database annotation.
REF-0112,"Fernandez, L.[Luis]; Ortega, J.[Juan]; Sabater, G.[Gisela]; Espiau, F.[Fernando] (2014). Experimentation and thermodynamic representations of binaries containing compounds of low boiling points: Pentane and alkylmethanoates. Fluid Phase Equilib. 363, 167-179. https://doi.org/10.1016/j.fluid.2013.11.026",10.1016/j.fluid.2013.11.026,https://doi.org/10.1016/j.fluid.2013.11.026,NIST ThermoML experimental,journal publisher / NIST ThermoML,Article metadata and pure-property data accessed through NIST ThermoML.
REF-0113,Hazardous Substances Data Bank (HSDB),,https://pubchem.ncbi.nlm.nih.gov/source/hsdb/109,PubChem source-linked experimental annotation,pubchem.ncbi.nlm.nih.gov,Source-specific property URL and source label retained from the selected database annotation.
REF-0114,"PAC Chemical Database, U.S. Department of Energy",,https://emhub1.energy.gov/pacteel/search#109-66-0,PubChem source-linked experimental annotation,emhub1.energy.gov,Source-specific property URL and source label retained from the selected database annotation.
REF-0115,"Prosen and Rossini, 1945 Prosen, E.J.; Rossini, F.D., Heats of combustion and formation of the paraffin hydrocarbons at 25° C, J. Res. NBS, 1945, 263-267. [all data] | Cox, Wagman, et al., 1984 Cox, J.D.; Wagman, D.D.; Medvedev, V.A., CODATA Key Values for Thermodynamics, Hemisphere Publishing Corp., New York, 1984, 1. [all data]",,https://webbook.nist.gov/cgi/cbook.cgi?ID=C629594&Units=SI&Mask=6,NIST Chemistry WebBook thermochemistry + explicit Hess-law derivation,webbook.nist.gov,Source-specific property URL and source label retained from the selected database annotation.
REF-0116,NIST Chemistry WebBook evaluated fusion temperature: Average of 31 out of 32 values; Individual data points,,https://webbook.nist.gov/cgi/cbook.cgi?ID=C629594&Units=SI&Type=TFREEZE,NIST Chemistry WebBook evaluated/compiled value,webbook.nist.gov,Source-specific property URL and source label retained from the selected database annotation.
REF-0117,NIST Chemistry WebBook evaluated normal boiling point: Average of 9 values; Individual data points,,https://webbook.nist.gov/cgi/cbook.cgi?ID=C629594&Units=SI&Type=TBOIL,NIST Chemistry WebBook evaluated/compiled value,webbook.nist.gov,Source-specific property URL and source label retained from the selected database annotation.
REF-0118,"Prosen and Rossini, 1945 Prosen, E.J.; Rossini, F.D., Heats of combustion and formation of the paraffin hydrocarbons at 25° C, J. Res. NBS, 1945, 263-267. [all data] | Cox, Wagman, et al., 1984 Cox, J.D.; Wagman, D.D.; Medvedev, V.A., CODATA Key Values for Thermodynamics, Hemisphere Publishing Corp., New York, 1984, 1. [all data]",,https://webbook.nist.gov/cgi/cbook.cgi?ID=C629505&Units=SI&Mask=6,NIST Chemistry WebBook thermochemistry + explicit Hess-law derivation,webbook.nist.gov,Source-specific property URL and source label retained from the selected database annotation.
REF-0119,Hazardous Substances Data Bank (HSDB),,https://pubchem.ncbi.nlm.nih.gov/source/hsdb/5727,PubChem source-linked experimental annotation,pubchem.ncbi.nlm.nih.gov,Source-specific property URL and source label retained from the selected database annotation.
REF-0120,NIST Chemistry WebBook evaluated fusion temperature: Average of 19 out of 20 values; Individual data points,,https://webbook.nist.gov/cgi/cbook.cgi?ID=C629505&Units=SI&Type=TFREEZE,NIST Chemistry WebBook evaluated/compiled value,webbook.nist.gov,Source-specific property URL and source label retained from the selected database annotation.
REF-0121,NIST Chemistry WebBook evaluated normal boiling point: Average of 9 values; Individual data points,,https://webbook.nist.gov/cgi/cbook.cgi?ID=C629505&Units=SI&Type=TBOIL,NIST Chemistry WebBook evaluated/compiled value,webbook.nist.gov,Source-specific property URL and source label retained from the selected database annotation.
REF-0122,"Prosen and Rossini, 1945 Prosen, E.J.; Rossini, F.D., Heats of combustion and formation of the paraffin hydrocarbons at 25° C, J. Res. NBS, 1945, 263-267. [all data] | Cox and Pilcher, 1970 Cox, J.D.; Pilcher, G., Thermochemistry of Organic and Organometallic Compounds, Academic Press, New York, 1970, 1-636. [all data] | Cox, Wagman, et al., 1984 Cox, J.D.; Wagman, D.D.; Medvedev, V.A., CODATA Key Values for Thermodynamics, Hemisphere Publishing Corp., New York, 1984, 1. [all data]",,https://webbook.nist.gov/cgi/cbook.cgi?ID=C1120214&Units=SI&Mask=6,NIST Chemistry WebBook thermochemistry + explicit Hess-law derivation,webbook.nist.gov,Source-specific property URL and source label retained from the selected database annotation.
REF-0123,"Iglesias-Silva, G. A.[Gustavo A.]; Guzman-Lopez, A.[Adriana]; Perez-Duran, G.[Guadalupe]; Ramos-Estrada, M.[Mariana] (2016). Densities and Viscosities for Binary Liquid Mixtures of n-Undecane + 1-Propanol, + 1-Butanol, + 1-Pentanol, and + 1-Hexanol from 283.15 to 363.15 K at 0.1 MPa. J. Chem. Eng. Data 61, 2682-2699. https://doi.org/10.1021/acs.jced.6b00121",10.1021/acs.jced.6b00121,https://doi.org/10.1021/acs.jced.6b00121,NIST ThermoML experimental,journal publisher / NIST ThermoML,Article metadata and pure-property data accessed through NIST ThermoML.
REF-0124,NIST Chemistry WebBook evaluated fusion temperature: Average of 25 out of 28 values; Individual data points,,https://webbook.nist.gov/cgi/cbook.cgi?ID=C1120214&Units=SI&Type=TFREEZE,NIST Chemistry WebBook evaluated/compiled value,webbook.nist.gov,Source-specific property URL and source label retained from the selected database annotation.
REF-0125,NIST Chemistry WebBook evaluated normal boiling point: Average of 39 values; Individual data points,,https://webbook.nist.gov/cgi/cbook.cgi?ID=C1120214&Units=SI&Type=TBOIL,NIST Chemistry WebBook evaluated/compiled value,webbook.nist.gov,Source-specific property URL and source label retained from the selected database annotation.
REF-0126,"Prosen, Johnson, et al., 1946 Prosen, E.J.; Johnson, W.H.; Rossini, F.D., Heats of formation and combustion of the normal alkylcyclopentanes and cyclohexanes and the increment per CH2 group for several homologous series of hydrocarbons, J. Res. NBS, 1946, 37, 51-56. [all data] | Cox, Wagman, et al., 1984 Cox, J.D.; Wagman, D.D.; Medvedev, V.A., CODATA Key Values for Thermodynamics, Hemisphere Publishing Corp., New York, 1984, 1. [all data]",,https://webbook.nist.gov/cgi/cbook.cgi?ID=C1678939&Units=SI&Mask=6,NIST Chemistry WebBook thermochemistry + explicit Hess-law derivation,webbook.nist.gov,Source-specific property URL and source label retained from the selected database annotation.
REF-0127,"Li, G.[Guangqian]; Chi, H.[Hai]; Fang, W.[Wenjun]; Hu, S.[Shenlin] (2013). Excess Molar Volume along with Viscosity and Refractive Index for Binary Systems of Tricyclo[5.2.1.0(2.6)]decane with Five Cycloalkanes. J. Chem. Eng. Data 58, 3078-3086. https://doi.org/10.1021/je400529k",10.1021/je400529k,https://doi.org/10.1021/je400529k,NIST ThermoML experimental,journal publisher / NIST ThermoML,Article metadata and pure-property data accessed through NIST ThermoML.
REF-0128,"Boord, Henne, et al., 1949 Boord, C.E.; Henne, A.L.; Greenlee, K.W.; Perilstein, W.L.; Derfer, J.M., The Grignard Reagent in hydrocarbon synthesis, Ind. Eng. Chem., 1949, 41, 609. [all data]",,https://webbook.nist.gov/cgi/cbook.cgi?ID=C1678939&Units=SI&Mask=6,NIST Chemistry WebBook evaluated/compiled value,webbook.nist.gov,Source-specific property URL and source label retained from the selected database annotation.
REF-0129,NIST Chemistry WebBook evaluated normal boiling point: Average of 16 out of 17 values; Individual data points,,https://webbook.nist.gov/cgi/cbook.cgi?ID=C1678939&Units=SI&Type=TBOIL,NIST Chemistry WebBook evaluated/compiled value,webbook.nist.gov,Source-specific property URL and source label retained from the selected database annotation.
REF-0130,"Spitzer and Huffman, 1947 Spitzer, R.; Huffman, H.M., The heats of combustion of cyclopentane, cyclohexane, cycloheptane and cyclooctane, J. Am. Chem. Soc., 1947, 69, 211-213. [all data] | Cox and Pilcher, 1970 Cox, J.D.; Pilcher, G., Thermochemistry of Organic and Organometallic Compounds, Academic Press, New York, 1970, 1-636. [all data] | Cox, Wagman, et al., 1984 Cox, J.D.; Wagman, D.D.; Medvedev, V.A., CODATA Key Values for Thermodynamics, Hemisphere Publishing Corp., New York, 1984, 1. [all data]",,https://webbook.nist.gov/cgi/cbook.cgi?ID=C291645&Units=SI&Mask=6,NIST Chemistry WebBook thermochemistry + explicit Hess-law derivation,webbook.nist.gov,Source-specific property URL and source label retained from the selected database annotation.
REF-0131,Hazardous Substances Data Bank (HSDB),,https://pubchem.ncbi.nlm.nih.gov/source/hsdb/59,PubChem source-linked experimental annotation,pubchem.ncbi.nlm.nih.gov,Source-specific property URL and source label retained from the selected database annotation.
REF-0132,NIST Chemistry WebBook evaluated fusion temperature: Average of 6 values; Individual data points,,https://webbook.nist.gov/cgi/cbook.cgi?ID=C291645&Units=SI&Type=TFREEZE,NIST Chemistry WebBook evaluated/compiled value,webbook.nist.gov,Source-specific property URL and source label retained from the selected database annotation.
REF-0133,NIST Chemistry WebBook evaluated normal boiling point: Average of 8 values; Individual data points,,https://webbook.nist.gov/cgi/cbook.cgi?ID=C291645&Units=SI&Type=TBOIL,NIST Chemistry WebBook evaluated/compiled value,webbook.nist.gov,Source-specific property URL and source label retained from the selected database annotation.
REF-0134,"Spitzer and Huffman, 1947 Spitzer, R.; Huffman, H.M., The heats of combustion of cyclopentane, cyclohexane, cycloheptane and cyclooctane, J. Am. Chem. Soc., 1947, 69, 211-213. [all data] | Cox, Wagman, et al., 1984 Cox, J.D.; Wagman, D.D.; Medvedev, V.A., CODATA Key Values for Thermodynamics, Hemisphere Publishing Corp., New York, 1984, 1. [all data]",,https://webbook.nist.gov/cgi/cbook.cgi?ID=C110827&Units=SI&Mask=6,NIST Chemistry WebBook thermochemistry + explicit Hess-law derivation,webbook.nist.gov,Source-specific property URL and source label retained from the selected database annotation.
REF-0135,NIST Chemistry WebBook evaluated fusion temperature: Average of 38 out of 47 values; Individual data points,,https://webbook.nist.gov/cgi/cbook.cgi?ID=C110827&Units=SI&Type=TFREEZE,NIST Chemistry WebBook evaluated/compiled value,webbook.nist.gov,Source-specific property URL and source label retained from the selected database annotation.
REF-0136,NIST Chemistry WebBook evaluated normal boiling point: Average of 93 out of 116 values; Individual data points,,https://webbook.nist.gov/cgi/cbook.cgi?ID=C110827&Units=SI&Type=TBOIL,NIST Chemistry WebBook evaluated/compiled value,webbook.nist.gov,Source-specific property URL and source label retained from the selected database annotation.
REF-0137,"Spitzer and Huffman, 1947 Spitzer, R.; Huffman, H.M., The heats of combustion of cyclopentane, cyclohexane, cycloheptane and cyclooctane, J. Am. Chem. Soc., 1947, 69, 211-213. [all data] | Cox and Pilcher, 1970 Cox, J.D.; Pilcher, G., Thermochemistry of Organic and Organometallic Compounds, Academic Press, New York, 1970, 1-636. [all data] | Cox, Wagman, et al., 1984 Cox, J.D.; Wagman, D.D.; Medvedev, V.A., CODATA Key Values for Thermodynamics, Hemisphere Publishing Corp., New York, 1984, 1. [all data]",,https://webbook.nist.gov/cgi/cbook.cgi?ID=C292648&Units=SI&Mask=6,NIST Chemistry WebBook thermochemistry + explicit Hess-law derivation,webbook.nist.gov,Source-specific property URL and source label retained from the selected database annotation.
REF-0138,"Gonzalez, E. J.[Emilio J.]; Calvar, N.[Noelia]; Gonzalez, B.[Begona]; Dominguez, A.[Angeles] (2010). Liquid Extraction of Benzene from Its Mixtures Using 1-Ethyl-3-methylimidazolium Ethylsulfate as a Solvent. J. Chem. Eng. Data 55, 4931-4936. https://doi.org/10.1021/je100508y",10.1021/je100508y,https://doi.org/10.1021/je100508y,NIST ThermoML experimental,journal publisher / NIST ThermoML,Article metadata and pure-property data accessed through NIST ThermoML.
REF-0139,NIST Chemistry WebBook evaluated fusion temperature: Average of 10 values; Individual data points,,https://webbook.nist.gov/cgi/cbook.cgi?ID=C292648&Units=SI&Type=TFREEZE,NIST Chemistry WebBook evaluated/compiled value,webbook.nist.gov,Source-specific property URL and source label retained from the selected database annotation.
REF-0140,NIST Chemistry WebBook evaluated normal boiling point: Average of 9 values; Individual data points,,https://webbook.nist.gov/cgi/cbook.cgi?ID=C292648&Units=SI&Type=TBOIL,NIST Chemistry WebBook evaluated/compiled value,webbook.nist.gov,Source-specific property URL and source label retained from the selected database annotation.
REF-0141,"Spitzer and Huffman, 1947 Spitzer, R.; Huffman, H.M., The heats of combustion of cyclopentane, cyclohexane, cycloheptane and cyclooctane, J. Am. Chem. Soc., 1947, 69, 211-213. [all data] | Cox, Wagman, et al., 1984 Cox, J.D.; Wagman, D.D.; Medvedev, V.A., CODATA Key Values for Thermodynamics, Hemisphere Publishing Corp., New York, 1984, 1. [all data]",,https://webbook.nist.gov/cgi/cbook.cgi?ID=C287923&Units=SI&Mask=6,NIST Chemistry WebBook thermochemistry + explicit Hess-law derivation,webbook.nist.gov,Source-specific property URL and source label retained from the selected database annotation.
REF-0142,"Bekri, S.[Sezin]; Ozmen, D.[Dilek]; Ozmen, A.[Atilla] (2017). Correlation of Experimental Liquid Liquid Equilibrium Data for Ternary Systems Using NRTL and GMDH-Type Neural Network. J. Chem. Eng. Data 62, 1797-1805. https://doi.org/10.1021/acs.jced.6b00985",10.1021/acs.jced.6b00985,https://doi.org/10.1021/acs.jced.6b00985,NIST ThermoML experimental,journal publisher / NIST ThermoML,Article metadata and pure-property data accessed through NIST ThermoML.
REF-0143,NIST Chemistry WebBook evaluated fusion temperature: Average of 26 out of 27 values; Individual data points,,https://webbook.nist.gov/cgi/cbook.cgi?ID=C287923&Units=SI&Type=TFREEZE,NIST Chemistry WebBook evaluated/compiled value,webbook.nist.gov,Source-specific property URL and source label retained from the selected database annotation.
REF-0144,NIST Chemistry WebBook evaluated normal boiling point: Average of 34 out of 39 values; Individual data points,,https://webbook.nist.gov/cgi/cbook.cgi?ID=C287923&Units=SI&Type=TBOIL,NIST Chemistry WebBook evaluated/compiled value,webbook.nist.gov,Source-specific property URL and source label retained from the selected database annotation.
REF-0145,"Fraser and Prosen, 1955 Fraser, F.M.; Prosen, E.J., Heats of combustion of liquid n-hexadecane, 1-hexadecene, n-decylbenzene, n-decylcyclohexane, n-decylcyclopentane, and the variation of heat of combustion with chain length, J. Res. NBS, 1955, 55, 329-333. [all data] | Cox, Wagman, et al., 1984 Cox, J.D.; Wagman, D.D.; Medvedev, V.A., CODATA Key Values for Thermodynamics, Hemisphere Publishing Corp., New York, 1984, 1. [all data]",,https://webbook.nist.gov/cgi/cbook.cgi?ID=C1795160&Units=SI&Mask=6,NIST Chemistry WebBook thermochemistry + explicit Hess-law derivation,webbook.nist.gov,Source-specific property URL and source label retained from the selected database annotation.
REF-0146,"Prak, Dianne J. Luning; Morrow, Brian H.; Maskey, Sabina; Harrison, Judith A.; Cowart, Jim S.; Trulove, Paul C. (2018). Densities, Speeds of Sound, and Viscosities of Binary Mixtures of an n-Alkylcyclohexane (n-Propyl-, n-Pentyl-, n-Hexyl-, n-Heptyl, n-Octyl-, n-Nonyl-, n-Decyl-, and n-Dodecyl-) with n-Hexadecane. J. Chem. Eng. Data 63, 4632-4648. https://doi.org/10.1021/acs.jced.8b00692",10.1021/acs.jced.8b00692,https://doi.org/10.1021/acs.jced.8b00692,NIST ThermoML experimental,journal publisher / NIST ThermoML,Article metadata and pure-property data accessed through NIST ThermoML.
REF-0147,"Anonymous, 1968 Anonymous, R., Properties of hydrocarbon of high molecular weight, Am. Pet. Inst. Res. Proj. 42, Penn. State Univ., 1968. [all data]",,https://webbook.nist.gov/cgi/cbook.cgi?ID=C1795160&Units=SI&Mask=6,NIST Chemistry WebBook evaluated/compiled value,webbook.nist.gov,Source-specific property URL and source label retained from the selected database annotation.
REF-0148,"Schlenk, 1951 Schlenk, W., Justus Liebigs Ann. Chem., 1951, 573, 142-62. [all data]",,https://webbook.nist.gov/cgi/cbook.cgi?ID=C1795160&Units=SI&Mask=6,NIST Chemistry WebBook evaluated/compiled value,webbook.nist.gov,Source-specific property URL and source label retained from the selected database annotation.
REF-0149,"Moore, Renquist, et al., 1940 Moore, G.E.; Renquist, M.L.; Parks, G.S., Thermal data on organic compounds. XX. Modern combustion data for two methylnonanes, methyl ethyl ketone, thiophene and six cycloparaffins, J. Am. Chem. Soc., 1940, 62, 1505-1507. [all data] | Cox and Pilcher, 1970 Cox, J.D.; Pilcher, G., Thermochemistry of Organic and Organometallic Compounds, Academic Press, New York, 1970, 1-636. [all data] | Cox, Wagman, et al., 1984 Cox, J.D.; Wagman, D.D.; Medvedev, V.A., CODATA Key Values for Thermodynamics, Hemisphere Publishing Corp., New York, 1984, 1. [all data]",,https://webbook.nist.gov/cgi/cbook.cgi?ID=C1795171&Units=SI&Mask=6,NIST Chemistry WebBook thermochemistry + explicit Hess-law derivation,webbook.nist.gov,Source-specific property URL and source label retained from the selected database annotation.
REF-0150,"Shakarashvili and Bekauri, 1966 Shakarashvili, T.S.; Bekauri, N.G., Catalytic Conversion of C18 Alkylaromatic and Alkylnapthenic Hydrocarbons, Soobshch. Akad. Nauk Gruz. SSR, 1966, 43, 1, 97. [all data]",,https://webbook.nist.gov/cgi/cbook.cgi?ID=C1795171&Units=SI&Mask=6,NIST Chemistry WebBook evaluated/compiled value,webbook.nist.gov,Source-specific property URL and source label retained from the selected database annotation.
REF-0151,"Schlenk, 1951 Schlenk, W., Justus Liebigs Ann. Chem., 1951, 573, 142-62. [all data]",,https://webbook.nist.gov/cgi/cbook.cgi?ID=C1795171&Units=SI&Mask=6,NIST Chemistry WebBook evaluated/compiled value,webbook.nist.gov,Source-specific property URL and source label retained from the selected database annotation.
REF-0152,"Baroody and Carpenter, 1972 Baroody, E.E.; Carpenter, G.A., Heats of formation of propellant compounds (U), Rpt. Naval Ordnance Systems Command Task No. 331-003/067-1/UR2402-001 for Naval Ordance Station, Indian Head, MD, 1972, 1-9. [all data] | Cox, Wagman, et al., 1984 Cox, J.D.; Wagman, D.D.; Medvedev, V.A., CODATA Key Values for Thermodynamics, Hemisphere Publishing Corp., New York, 1984, 1. [all data]",,https://webbook.nist.gov/cgi/cbook.cgi?ID=C1678917&Units=SI&Mask=6,NIST Chemistry WebBook thermochemistry + explicit Hess-law derivation,webbook.nist.gov,Source-specific property URL and source label retained from the selected database annotation.
REF-0153,NIST Chemistry WebBook evaluated fusion temperature: Average of 6 values; Individual data points,,https://webbook.nist.gov/cgi/cbook.cgi?ID=C1678917&Units=SI&Type=TFREEZE,NIST Chemistry WebBook evaluated/compiled value,webbook.nist.gov,Source-specific property URL and source label retained from the selected database annotation.
REF-0154,NIST Chemistry WebBook evaluated normal boiling point: Average of 37 out of 39 values; Individual data points,,https://webbook.nist.gov/cgi/cbook.cgi?ID=C1678917&Units=SI&Type=TBOIL,NIST Chemistry WebBook evaluated/compiled value,webbook.nist.gov,Source-specific property URL and source label retained from the selected database annotation.
REF-0155,"Prosen, Johnson, et al., 1946 Prosen, E.J.; Johnson, W.H.; Rossini, F.D., Heats of formation and combustion of the normal alkylcyclopentanes and cyclohexanes and the increment per CH2 group for several homologous series of hydrocarbons, J. Res. NBS, 1946, 37, 51-56. [all data] | Cox, Wagman, et al., 1984 Cox, J.D.; Wagman, D.D.; Medvedev, V.A., CODATA Key Values for Thermodynamics, Hemisphere Publishing Corp., New York, 1984, 1. [all data]",,https://webbook.nist.gov/cgi/cbook.cgi?ID=C1640897&Units=SI&Mask=6,NIST Chemistry WebBook thermochemistry + explicit Hess-law derivation,webbook.nist.gov,Source-specific property URL and source label retained from the selected database annotation.
REF-0156,NIST Chemistry WebBook evaluated fusion temperature: Average of 19 values; Individual data points,,https://webbook.nist.gov/cgi/cbook.cgi?ID=C1640897&Units=SI&Type=TFREEZE,NIST Chemistry WebBook evaluated/compiled value,webbook.nist.gov,Source-specific property URL and source label retained from the selected database annotation.
REF-0157,NIST Chemistry WebBook evaluated normal boiling point: Average of 26 out of 28 values; Individual data points,,https://webbook.nist.gov/cgi/cbook.cgi?ID=C1640897&Units=SI&Type=TBOIL,NIST Chemistry WebBook evaluated/compiled value,webbook.nist.gov,Source-specific property URL and source label retained from the selected database annotation.
REF-0158,"Moore, Renquist, et al., 1940 Moore, G.E.; Renquist, M.L.; Parks, G.S., Thermal data on organic compounds. XX. Modern combustion data for two methylnonanes, methyl ethyl ketone, thiophene and six cycloparaffins, J. Am. Chem. Soc., 1940, 62, 1505-1507. [all data] | Cox and Pilcher, 1970 Cox, J.D.; Pilcher, G., Thermochemistry of Organic and Organometallic Compounds, Academic Press, New York, 1970, 1-636. [all data] | Cox, Wagman, et al., 1984 Cox, J.D.; Wagman, D.D.; Medvedev, V.A., CODATA Key Values for Thermodynamics, Hemisphere Publishing Corp., New York, 1984, 1. [all data]",,https://webbook.nist.gov/cgi/cbook.cgi?ID=C5617414&Units=SI&Mask=6,NIST Chemistry WebBook thermochemistry + explicit Hess-law derivation,webbook.nist.gov,Source-specific property URL and source label retained from the selected database annotation.
REF-0159,"Schmidt, 1942 Schmidt, A.W., Physical properties of aliphatic compounds, Ber. Dtsch. Chem. Ges. B, 1942, 75, 1399. [all data]",,https://webbook.nist.gov/cgi/cbook.cgi?ID=C5617414&Units=SI&Mask=6,NIST Chemistry WebBook evaluated/compiled value,webbook.nist.gov,Source-specific property URL and source label retained from the selected database annotation.
REF-0160,"Schlenk, 1951 Schlenk, W., Justus Liebigs Ann. Chem., 1951, 573, 142-62. [all data]",,https://webbook.nist.gov/cgi/cbook.cgi?ID=C5617414&Units=SI&Mask=6,NIST Chemistry WebBook evaluated/compiled value,webbook.nist.gov,Source-specific property URL and source label retained from the selected database annotation.
REF-0161,"Prosen, Johnson, et al., 1946 Prosen, E.J.; Johnson, W.H.; Rossini, F.D., Heats of formation and combustion of the normal alkylcyclopentanes and cyclohexanes and the increment per CH2 group for several homologous series of hydrocarbons, J. Res. NBS, 1946, 37, 51-56. [all data] | Cox, Wagman, et al., 1984 Cox, J.D.; Wagman, D.D.; Medvedev, V.A., CODATA Key Values for Thermodynamics, Hemisphere Publishing Corp., New York, 1984, 1. [all data]",,https://webbook.nist.gov/cgi/cbook.cgi?ID=C4292755&Units=SI&Mask=6,NIST Chemistry WebBook thermochemistry + explicit Hess-law derivation,webbook.nist.gov,Source-specific property URL and source label retained from the selected database annotation.
REF-0162,"Mears, Stanley, et al., 1963 Mears, T.W.; Stanley, C.L.; Compere, E.L.; Howard, F.L., Synthesis, purification, and physical properties of seven twelve-carbon hyd rocarbons, J. Res. Natl. Bur. Stand., Sect. A, 1963, 67, 475. [all data]",,https://webbook.nist.gov/cgi/cbook.cgi?ID=C4292755&Units=SI&Mask=6,NIST Chemistry WebBook evaluated/compiled value,webbook.nist.gov,Source-specific property URL and source label retained from the selected database annotation.
REF-0163,"Prosen, Johnson, et al., 1946 Prosen, E.J.; Johnson, W.H.; Rossini, F.D., Heats of formation and combustion of the normal alkylcyclopentanes and cyclohexanes and the increment per CH2 group for several homologous series of hydrocarbons, J. Res. NBS, 1946, 37, 51-56. [all data] | Cox, Wagman, et al., 1984 Cox, J.D.; Wagman, D.D.; Medvedev, V.A., CODATA Key Values for Thermodynamics, Hemisphere Publishing Corp., New York, 1984, 1. [all data]",,https://webbook.nist.gov/cgi/cbook.cgi?ID=C108872&Units=SI&Mask=6,NIST Chemistry WebBook thermochemistry + explicit Hess-law derivation,webbook.nist.gov,Source-specific property URL and source label retained from the selected database annotation.
REF-0164,NIST Chemistry WebBook evaluated fusion temperature: Average of 15 out of 16 values; Individual data points,,https://webbook.nist.gov/cgi/cbook.cgi?ID=C108872&Units=SI&Type=TFREEZE,NIST Chemistry WebBook evaluated/compiled value,webbook.nist.gov,Source-specific property URL and source label retained from the selected database annotation.
REF-0165,NIST Chemistry WebBook evaluated normal boiling point: Average of 101 out of 106 values; Individual data points,,https://webbook.nist.gov/cgi/cbook.cgi?ID=C108872&Units=SI&Type=TBOIL,NIST Chemistry WebBook evaluated/compiled value,webbook.nist.gov,Source-specific property URL and source label retained from the selected database annotation.
REF-0166,"Good and Smith, 1969 Good, W.D.; Smith, N.K., Enthalpies of combustion of toluene, benzene, cyclohexane, cyclohexene, methylcyclopentane, 1-methylcyclopentene, and n-hexane, J. Chem. Eng. Data, 1969, 14, 102-106. [all data] | Cox, Wagman, et al., 1984 Cox, J.D.; Wagman, D.D.; Medvedev, V.A., CODATA Key Values for Thermodynamics, Hemisphere Publishing Corp., New York, 1984, 1. [all data]",,https://webbook.nist.gov/cgi/cbook.cgi?ID=C96377&Units=SI&Mask=6,NIST Chemistry WebBook thermochemistry + explicit Hess-law derivation,webbook.nist.gov,Source-specific property URL and source label retained from the selected database annotation.
REF-0167,"Gonzalez, B.[Begona]; Dominguez, A.[Angeles]; Tojo, J.[Jose] (2006). Viscosity, density, and speed of sound of methylcyclopentane with primary and secondary alcohols at T = (293.15, 298.15, and 303.15) K. J. Chem. Thermodyn. 38, 1172-1185. https://doi.org/10.1016/j.jct.2005.12.010",10.1016/j.jct.2005.12.010,https://doi.org/10.1016/j.jct.2005.12.010,NIST ThermoML experimental,journal publisher / NIST ThermoML,Article metadata and pure-property data accessed through NIST ThermoML.
REF-0168,NIST Chemistry WebBook evaluated fusion temperature: Average of 30 out of 35 values; Individual data points,,https://webbook.nist.gov/cgi/cbook.cgi?ID=C96377&Units=SI&Type=TFREEZE,NIST Chemistry WebBook evaluated/compiled value,webbook.nist.gov,Source-specific property URL and source label retained from the selected database annotation.
REF-0169,NIST Chemistry WebBook evaluated normal boiling point: Average of 35 out of 41 values; Individual data points,,https://webbook.nist.gov/cgi/cbook.cgi?ID=C96377&Units=SI&Type=TBOIL,NIST Chemistry WebBook evaluated/compiled value,webbook.nist.gov,Source-specific property URL and source label retained from the selected database annotation.
REF-0170,"Prosen, Johnson, et al., 1946 Prosen, E.J.; Johnson, W.H.; Rossini, F.D., Heats of formation and combustion of the normal alkylcyclopentanes and cyclohexanes and the increment per CH2 group for several homologous series of hydrocarbons, J. Res. NBS, 1946, 37, 51-56. [all data] | Cox, Wagman, et al., 1984 Cox, J.D.; Wagman, D.D.; Medvedev, V.A., CODATA Key Values for Thermodynamics, Hemisphere Publishing Corp., New York, 1984, 1. [all data]",,https://webbook.nist.gov/cgi/cbook.cgi?ID=C1795159&Units=SI&Mask=6,NIST Chemistry WebBook thermochemistry + explicit Hess-law derivation,webbook.nist.gov,Source-specific property URL and source label retained from the selected database annotation.
REF-0171,"Anonymous, 1968 Anonymous, R., Properties of hydrocarbon of high molecular weight, Am. Pet. Inst. Res. Proj. 42, Penn. State Univ., 1968. [all data]",,https://webbook.nist.gov/cgi/cbook.cgi?ID=C1795159&Units=SI&Mask=6,NIST Chemistry WebBook evaluated/compiled value,webbook.nist.gov,Source-specific property URL and source label retained from the selected database annotation.
REF-0172,"Schlenk, 1951 Schlenk, W., Justus Liebigs Ann. Chem., 1951, 573, 142-62. [all data]",,https://webbook.nist.gov/cgi/cbook.cgi?ID=C1795159&Units=SI&Mask=6,NIST Chemistry WebBook evaluated/compiled value,webbook.nist.gov,Source-specific property URL and source label retained from the selected database annotation.
REF-0173,"Good, 1970 Good, W.D., The enthalpies of combustion and formation of n-propylcyclohexane and six methylethylcyclohexanes, J. Chem. Thermodyn., 1970, 2, 399-405. [all data] | Cox, Wagman, et al., 1984 Cox, J.D.; Wagman, D.D.; Medvedev, V.A., CODATA Key Values for Thermodynamics, Hemisphere Publishing Corp., New York, 1984, 1. [all data]",,https://webbook.nist.gov/cgi/cbook.cgi?ID=C1678928&Units=SI&Mask=6,NIST Chemistry WebBook thermochemistry + explicit Hess-law derivation,webbook.nist.gov,Source-specific property URL and source label retained from the selected database annotation.
REF-0174,"Boord, Greenlee, et al., 1946 Boord, C.E.; Greenlee, K.W.; Perilstein, W.L., The Synthesis, Purification and Prop. of Hydrocarbons of Low Mol. Weight, Am. Pet. Inst. Res. Proj. 45, Eighth Annu. Rep., Ohio State Univ., June 30, 1946. [all data]",,https://webbook.nist.gov/cgi/cbook.cgi?ID=C1678928&Units=SI&Mask=6,NIST Chemistry WebBook evaluated/compiled value,webbook.nist.gov,Source-specific property URL and source label retained from the selected database annotation.
REF-0175,NIST Chemistry WebBook evaluated normal boiling point: Average of 24 values; Individual data points,,https://webbook.nist.gov/cgi/cbook.cgi?ID=C1678928&Units=SI&Type=TBOIL,NIST Chemistry WebBook evaluated/compiled value,webbook.nist.gov,Source-specific property URL and source label retained from the selected database annotation.
REF-0176,"Johnson, Prosen, et al., 1945 Johnson, W.H.; Prosen, E.J.; Rossini, F.D., Heats of combustion and isomerization of the eight C9H12 alkylbenzenes, J. Res. NBS, 1945, 35, 141-146. [all data] | Prosen, Johnson, et al., 1946 Prosen, E.J.; Johnson, W.H.; Rossini, F.D., Heats of combustion and formation at 25°C of the alkylbenzenes through C10H14, and of the higher normal monoalkylbenzenes, J. Res. NBS, 1946, 36, 455-461. [all data] | Cox, Wagman, et al., 1984 Cox, J.D.; Wagman, D.D.; Medvedev, V.A., CODATA Key Values for Thermodynamics, Hemisphere Publishing Corp., New York, 1984, 1. [all data]",,https://webbook.nist.gov/cgi/cbook.cgi?ID=C526738&Units=SI&Mask=6,NIST Chemistry WebBook thermochemistry + explicit Hess-law derivation,webbook.nist.gov,Source-specific property URL and source label retained from the selected database annotation.
REF-0177,Hazardous Substances Data Bank (HSDB),,https://pubchem.ncbi.nlm.nih.gov/source/hsdb/7551,PubChem source-linked experimental annotation,pubchem.ncbi.nlm.nih.gov,Source-specific property URL and source label retained from the selected database annotation.
REF-0178,NIST Chemistry WebBook evaluated fusion temperature: Average of 13 values; Individual data points,,https://webbook.nist.gov/cgi/cbook.cgi?ID=C526738&Units=SI&Type=TFREEZE,NIST Chemistry WebBook evaluated/compiled value,webbook.nist.gov,Source-specific property URL and source label retained from the selected database annotation.
REF-0179,NIST Chemistry WebBook evaluated normal boiling point: Average of 24 out of 29 values; Individual data points,,https://webbook.nist.gov/cgi/cbook.cgi?ID=C526738&Units=SI&Type=TBOIL,NIST Chemistry WebBook evaluated/compiled value,webbook.nist.gov,Source-specific property URL and source label retained from the selected database annotation.
REF-0180,"Yang, S.[Shengkai]; Wang, Y.[Yujie]; Wang, X.[Xuejing]; Zhu, Y.[Yong]; Chen, N.[Na] (2013). Isobaric Vapor Liquid Equilibrium Data for the System of 1-Methyl-2-Ethylbenzene + 1,2,4-Trimethylbenzene at 10 kPa. J. Chem. Eng. Data 58, 398-401. https://doi.org/10.1021/je301122r",10.1021/je301122r,https://doi.org/10.1021/je301122r,NIST ThermoML experimental,journal publisher / NIST ThermoML,Article metadata and pure-property data accessed through NIST ThermoML.
REF-0181,Hazardous Substances Data Bank (HSDB),,https://pubchem.ncbi.nlm.nih.gov/source/hsdb/5293,PubChem source-linked experimental annotation,pubchem.ncbi.nlm.nih.gov,Source-specific property URL and source label retained from the selected database annotation.
REF-0182,"PAC Chemical Database, U.S. Department of Energy",,https://emhub1.energy.gov/pacteel/search#95-63-6,PubChem source-linked experimental annotation,emhub1.energy.gov,Source-specific property URL and source label retained from the selected database annotation.
REF-0183,"Good, 1973 Good, W.D., The enthalpies of combustion and formation of n-butylbenzene, the diethylbenzenes, the methyl-n-propylbenzenes, and the methyl-iso-propylbenzenes, J. Chem. Thermodyn., 1973, 5, 707-714. [all data] | Cox, Wagman, et al., 1984 Cox, J.D.; Wagman, D.D.; Medvedev, V.A., CODATA Key Values for Thermodynamics, Hemisphere Publishing Corp., New York, 1984, 1. [all data]",,https://webbook.nist.gov/cgi/cbook.cgi?ID=C105055&Units=SI&Mask=6,NIST Chemistry WebBook thermochemistry + explicit Hess-law derivation,webbook.nist.gov,Source-specific property URL and source label retained from the selected database annotation.
REF-0184,Hazardous Substances Data Bank (HSDB),,https://pubchem.ncbi.nlm.nih.gov/source/hsdb/4083,PubChem source-linked experimental annotation,pubchem.ncbi.nlm.nih.gov,Source-specific property URL and source label retained from the selected database annotation.
REF-0185,"Birch, Dean, et al., 1949 Birch, S.F.; Dean, R.A.; Fidler, F.A.; Lowry, R.A., The preparation of the c(10) monocyclic aromatic hydrocarbons, J. Am. Chem. Soc., 1949, 71, 1362. [all data]",,https://webbook.nist.gov/cgi/cbook.cgi?ID=C105055&Units=SI&Mask=6,NIST Chemistry WebBook evaluated/compiled value,webbook.nist.gov,Source-specific property URL and source label retained from the selected database annotation.
REF-0186,NIST Chemistry WebBook evaluated normal boiling point: Average of 18 values; Individual data points,,https://webbook.nist.gov/cgi/cbook.cgi?ID=C105055&Units=SI&Type=TBOIL,NIST Chemistry WebBook evaluated/compiled value,webbook.nist.gov,Source-specific property URL and source label retained from the selected database annotation.
REF-0187,"Prosen, Gilmont, et al., 1945 Prosen, E.J.; Gilmont, R.; Rossini, F.D., Heats of combustion of benzene, toluene, ethyl-benzene, o-xylene, m-xylene, p-xylene, n-propylbenzene, and styrene, J. Res. NBS, 1945, 34, 65-70. [all data] | Prosen, Johnson, et al., 1946 Prosen, E.J.; Johnson, W.H.; Rossini, F.D., Heats of combustion and formation at 25°C of the alkylbenzenes through C10H14, and of the higher normal monoalkylbenzenes, J. Res. NBS, 1946, 36, 455-461. [all data] | Cox, Wagman, et al., 1984 Cox, J.D.; Wagman, D.D.; Medvedev, V.A., CODATA Key Values for Thermodynamics, Hemisphere Publishing Corp., New York, 1984, 1. [all data]",,https://webbook.nist.gov/cgi/cbook.cgi?ID=C611143&Units=SI&Mask=6,NIST Chemistry WebBook thermochemistry + explicit Hess-law derivation,webbook.nist.gov,Source-specific property URL and source label retained from the selected database annotation.
REF-0188,NIST Chemistry WebBook evaluated fusion temperature: Average of 13 values; Individual data points,,https://webbook.nist.gov/cgi/cbook.cgi?ID=C611143&Units=SI&Type=TFREEZE,NIST Chemistry WebBook evaluated/compiled value,webbook.nist.gov,Source-specific property URL and source label retained from the selected database annotation.
REF-0189,NIST Chemistry WebBook evaluated normal boiling point: Average of 18 out of 23 values; Individual data points,,https://webbook.nist.gov/cgi/cbook.cgi?ID=C611143&Units=SI&Type=TBOIL,NIST Chemistry WebBook evaluated/compiled value,webbook.nist.gov,Source-specific property URL and source label retained from the selected database annotation.
REF-0190,"Johnson, Prosen, et al., 1945 Johnson, W.H.; Prosen, E.J.; Rossini, F.D., Heats of combustion and isomerization of the eight C9H12 alkylbenzenes, J. Res. NBS, 1945, 35, 141-146. [all data] | Prosen, Johnson, et al., 1946 Prosen, E.J.; Johnson, W.H.; Rossini, F.D., Heats of combustion and formation at 25°C of the alkylbenzenes through C10H14, and of the higher normal monoalkylbenzenes, J. Res. NBS, 1946, 36, 455-461. [all data] | Cox, Wagman, et al., 1984 Cox, J.D.; Wagman, D.D.; Medvedev, V.A., CODATA Key Values for Thermodynamics, Hemisphere Publishing Corp., New York, 1984, 1. [all data]",,https://webbook.nist.gov/cgi/cbook.cgi?ID=C622968&Units=SI&Mask=6,NIST Chemistry WebBook thermochemistry + explicit Hess-law derivation,webbook.nist.gov,Source-specific property URL and source label retained from the selected database annotation.
REF-0191,"Yang, S.-K.[Sheng-Kai]; Zhang, Y.-p.[Yu-ping]; Wang, X.-j.[Xue-jing]; Qiao, M.-y.[Mei-ying]; Zhu, Y.[Yong] (2013). Isobaric VLE data for 1-methyl-3-ethylbenzene or 1-methyl-4-ethylbenzene + 1,2,4-trimethylbenzene at 20 kPa. J. Chem. Thermodyn. 60, 52-56. https://doi.org/10.1016/j.jct.2013.01.016",10.1016/j.jct.2013.01.016,https://doi.org/10.1016/j.jct.2013.01.016,NIST ThermoML experimental,journal publisher / NIST ThermoML,Article metadata and pure-property data accessed through NIST ThermoML.
REF-0192,NIST Chemistry WebBook evaluated fusion temperature: Average of 12 out of 13 values; Individual data points,,https://webbook.nist.gov/cgi/cbook.cgi?ID=C622968&Units=SI&Type=TFREEZE,NIST Chemistry WebBook evaluated/compiled value,webbook.nist.gov,Source-specific property URL and source label retained from the selected database annotation.
REF-0193,NIST Chemistry WebBook evaluated normal boiling point: Average of 26 out of 28 values; Individual data points,,https://webbook.nist.gov/cgi/cbook.cgi?ID=C622968&Units=SI&Type=TBOIL,NIST Chemistry WebBook evaluated/compiled value,webbook.nist.gov,Source-specific property URL and source label retained from the selected database annotation.
REF-0194,"Roux, Temprado, et al., 2008 Roux, M.V.; Temprado, M.; Chickos, J.S.; Nagano, Y., Critically Evaluated Thermochemical Properties of Polycyclic Aromatic Hydrocarbons, J. Phys. Chem. Ref. Data, 2008, 37, 4, 1855-1996. [all data] | Cox, Wagman, et al., 1984 Cox, J.D.; Wagman, D.D.; Medvedev, V.A., CODATA Key Values for Thermodynamics, Hemisphere Publishing Corp., New York, 1984, 1. [all data]",,https://webbook.nist.gov/cgi/cbook.cgi?ID=C71432&Units=SI&Mask=6,NIST Chemistry WebBook thermochemistry + explicit Hess-law derivation,webbook.nist.gov,Source-specific property URL and source label retained from the selected database annotation.
REF-0195,NIST Chemistry WebBook evaluated fusion temperature: Average of 57 out of 69 values; Individual data points,,https://webbook.nist.gov/cgi/cbook.cgi?ID=C71432&Units=SI&Type=TFREEZE,NIST Chemistry WebBook evaluated/compiled value,webbook.nist.gov,Source-specific property URL and source label retained from the selected database annotation.
REF-0196,NIST Chemistry WebBook evaluated normal boiling point: Average of 147 out of 183 values; Individual data points,,https://webbook.nist.gov/cgi/cbook.cgi?ID=C71432&Units=SI&Type=TBOIL,NIST Chemistry WebBook evaluated/compiled value,webbook.nist.gov,Source-specific property URL and source label retained from the selected database annotation.
REF-0197,"Good, 1975 Good, W.D., The standard enthalpies of combustion and formation of n-butylbenzene, the dimethylethylbenzenes, and the tetramethylbenzenes in the condensed state, J. Chem. Thermodyn., 1975, 7, 49-59. [all data] | Good, 1973 Good, W.D., The enthalpies of combustion and formation of n-butylbenzene, the diethylbenzenes, the methyl-n-propylbenzenes, and the methyl-iso-propylbenzenes, J. Chem. Thermodyn., 1973, 5, 707-714. [all data] | Cox, Wagman, et al., 1984 Cox, J.D.; Wagman, D.D.; Medvedev, V.A., CODATA Key Values for Thermodynamics, Hemisphere Publishing Corp., New York, 1984, 1. [all data]",,https://webbook.nist.gov/cgi/cbook.cgi?ID=C104518&Units=SI&Mask=6,NIST Chemistry WebBook thermochemistry + explicit Hess-law derivation,webbook.nist.gov,Source-specific property URL and source label retained from the selected database annotation.
REF-0198,"Prak, Dianne J. Luning; Graft, Sahara L.; Johnson, Theodore R.; Cowart, Jim S.; Trulove, Paul C. (2018). Density, Viscosity, Speed of Sound, Bulk Modulus, Surface Tension, and Flash Point of Binary Mixtures of n-Hexylbenzene (1) or n-Butylbenzene (1) in 2,2,4,6,6-Pentamethylheptane (2) or 2,2,4,4,6,8,8-Heptamethylnonane (2) at 0.1 MPa. J. Chem. Eng. Data 63, 3503-3519. https://doi.org/10.1021/acs.jced.8b00387",10.1021/acs.jced.8b00387,https://doi.org/10.1021/acs.jced.8b00387,NIST ThermoML experimental,journal publisher / NIST ThermoML,Article metadata and pure-property data accessed through NIST ThermoML.
REF-0199,NIST Chemistry WebBook evaluated fusion temperature: Average of 11 out of 12 values; Individual data points,,https://webbook.nist.gov/cgi/cbook.cgi?ID=C104518&Units=SI&Type=TFREEZE,NIST Chemistry WebBook evaluated/compiled value,webbook.nist.gov,Source-specific property URL and source label retained from the selected database annotation.
REF-0200,NIST Chemistry WebBook evaluated normal boiling point: Average of 40 out of 43 values; Individual data points,,https://webbook.nist.gov/cgi/cbook.cgi?ID=C104518&Units=SI&Type=TBOIL,NIST Chemistry WebBook evaluated/compiled value,webbook.nist.gov,Source-specific property URL and source label retained from the selected database annotation.
REF-0201,"Prosen, Gilmont, et al., 1945 Prosen, E.J.; Gilmont, R.; Rossini, F.D., Heats of combustion of benzene, toluene, ethyl-benzene, o-xylene, m-xylene, p-xylene, n-propylbenzene, and styrene, J. Res. NBS, 1945, 34, 65-70. [all data] | Prosen, Johnson, et al., 1946 Prosen, E.J.; Johnson, W.H.; Rossini, F.D., Heats of combustion and formation at 25°C of the alkylbenzenes through C10H14, and of the higher normal monoalkylbenzenes, J. Res. NBS, 1946, 36, 455-461. [all data] | Cox, Wagman, et al., 1984 Cox, J.D.; Wagman, D.D.; Medvedev, V.A., CODATA Key Values for Thermodynamics, Hemisphere Publishing Corp., New York, 1984, 1. [all data]",,https://webbook.nist.gov/cgi/cbook.cgi?ID=C98828&Units=SI&Mask=6,NIST Chemistry WebBook thermochemistry + explicit Hess-law derivation,webbook.nist.gov,Source-specific property URL and source label retained from the selected database annotation.
REF-0202,"Zhang, Yongzhao; Guo, Xia; Xu, Jian; Wu, Yuxiang; Lu, Meizhen (2018). Liquid-Liquid Equilibrium for Ternary Systems, Water + 5-Hydroxymethylfurfural + (1-Butanol, Isobutanol, Methyl Isobutyl Ketone), at 313.15, 323.15, and 333.15 K. J. Chem. Eng. Data 63, 2775-2782. https://doi.org/10.1021/acs.jced.8b00120",10.1021/acs.jced.8b00120,https://doi.org/10.1021/acs.jced.8b00120,NIST ThermoML experimental,journal publisher / NIST ThermoML,Article metadata and pure-property data accessed through NIST ThermoML.
REF-0203,NIST Chemistry WebBook evaluated fusion temperature: Average of 13 values; Individual data points,,https://webbook.nist.gov/cgi/cbook.cgi?ID=C98828&Units=SI&Type=TFREEZE,NIST Chemistry WebBook evaluated/compiled value,webbook.nist.gov,Source-specific property URL and source label retained from the selected database annotation.
REF-0204,NIST Chemistry WebBook evaluated normal boiling point: Average of 58 out of 64 values; Individual data points,,https://webbook.nist.gov/cgi/cbook.cgi?ID=C98828&Units=SI&Type=TBOIL,NIST Chemistry WebBook evaluated/compiled value,webbook.nist.gov,Source-specific property URL and source label retained from the selected database annotation.
REF-0205,"Montgomery, Rossini, et al., 1978 Montgomery, R.L.; Rossini, F.D.; Mansson, M., Enthalpies of combustion, vaporization, and formation of phenylbenzene, cyclohexylbenzene, and cyclohexylcyclohexane; enthalpy of hydrogenation of certain aromatic systems, J. Chem. Eng. Data, 1978, 23, 125-129. [all data] | Cox, Wagman, et al., 1984 Cox, J.D.; Wagman, D.D.; Medvedev, V.A., CODATA Key Values for Thermodynamics, Hemisphere Publishing Corp., New York, 1984, 1. [all data]",,https://webbook.nist.gov/cgi/cbook.cgi?ID=C827521&Units=SI&Mask=6,NIST Chemistry WebBook thermochemistry + explicit Hess-law derivation,webbook.nist.gov,Source-specific property URL and source label retained from the selected database annotation.
REF-0206,NIST Chemistry WebBook evaluated fusion temperature: Average of 7 values; Individual data points,,https://webbook.nist.gov/cgi/cbook.cgi?ID=C827521&Units=SI&Type=TFREEZE,NIST Chemistry WebBook evaluated/compiled value,webbook.nist.gov,Source-specific property URL and source label retained from the selected database annotation.
REF-0207,"Aldrich Chemical Company Inc., 1990 Aldrich Chemical Company Inc., Catalog Handbook of Fine Chemicals, Aldrich Chemical Company, Inc., Milwaukee WI, 1990, 1. [all data]",,https://webbook.nist.gov/cgi/cbook.cgi?ID=C827521&Units=SI&Mask=6,NIST Chemistry WebBook evaluated/compiled value,webbook.nist.gov,Source-specific property URL and source label retained from the selected database annotation.
REF-0208,"Fraser and Prosen, 1955 Fraser, F.M.; Prosen, E.J., Heats of combustion of liquid n-hexadecane, 1-hexadecene, n-decylbenzene, n-decylcyclohexane, n-decylcyclopentane, and the variation of heat of combustion with chain length, J. Res. NBS, 1955, 55, 329-333. [all data] | Cox, Wagman, et al., 1984 Cox, J.D.; Wagman, D.D.; Medvedev, V.A., CODATA Key Values for Thermodynamics, Hemisphere Publishing Corp., New York, 1984, 1. [all data]",,https://webbook.nist.gov/cgi/cbook.cgi?ID=C104723&Units=SI&Mask=6,NIST Chemistry WebBook thermochemistry + explicit Hess-law derivation,webbook.nist.gov,Source-specific property URL and source label retained from the selected database annotation.
REF-0209,"Milhet, M.[Michel]; Baylaucq, A.[Antoine]; Boned, C.[Christian] (2005). Volumetric Properties of 1-Phenyldecane and 1-Phenylundecane at Pressures to 65 MPa and Temperature between 293.15 and 353.15 K. J. Chem. Eng. Data 50, 1430-1433. https://doi.org/10.1021/je0500936",10.1021/je0500936,https://doi.org/10.1021/je0500936,NIST ThermoML experimental,journal publisher / NIST ThermoML,Article metadata and pure-property data accessed through NIST ThermoML.
REF-0210,NIST Chemistry WebBook evaluated fusion temperature: Average of 9 values; Individual data points,,https://webbook.nist.gov/cgi/cbook.cgi?ID=C104723&Units=SI&Type=TFREEZE,NIST Chemistry WebBook evaluated/compiled value,webbook.nist.gov,Source-specific property URL and source label retained from the selected database annotation.
REF-0211,"Aldrich Chemical Company Inc., 1990 Aldrich Chemical Company Inc., Catalog Handbook of Fine Chemicals, Aldrich Chemical Company, Inc., Milwaukee WI, 1990, 1. [all data]",,https://webbook.nist.gov/cgi/cbook.cgi?ID=C104723&Units=SI&Mask=6,NIST Chemistry WebBook evaluated/compiled value,webbook.nist.gov,Source-specific property URL and source label retained from the selected database annotation.
REF-0212,"Prosen, Gilmont, et al., 1945 Prosen, E.J.; Gilmont, R.; Rossini, F.D., Heats of combustion of benzene, toluene, ethyl-benzene, o-xylene, m-xylene, p-xylene, n-propylbenzene, and styrene, J. Res. NBS, 1945, 34, 65-70. [all data] | Prosen, Johnson, et al., 1946 Prosen, E.J.; Johnson, W.H.; Rossini, F.D., Heats of combustion and formation at 25°C of the alkylbenzenes through C10H14, and of the higher normal monoalkylbenzenes, J. Res. NBS, 1946, 36, 455-461. [all data] | Cox, Wagman, et al., 1984 Cox, J.D.; Wagman, D.D.; Medvedev, V.A., CODATA Key Values for Thermodynamics, Hemisphere Publishing Corp., New York, 1984, 1. [all data]",,https://webbook.nist.gov/cgi/cbook.cgi?ID=C100414&Units=SI&Mask=6,NIST Chemistry WebBook thermochemistry + explicit Hess-law derivation,webbook.nist.gov,Source-specific property URL and source label retained from the selected database annotation.
REF-0213,"Prasad, T. E. V.[T. E. Vittal]; Srinivas, M. Y.; Prasad, D. H. L.[Desika] (2006). Bubble points of the binary mixtures formed by ethylbenzene with some chloroaliphatics and substituted benzenes at p = 94.7 kPa. J. Chem. Thermodyn. 38, 1186-1191. https://doi.org/10.1016/j.jct.2005.12.009",10.1016/j.jct.2005.12.009,https://doi.org/10.1016/j.jct.2005.12.009,NIST ThermoML experimental,journal publisher / NIST ThermoML,Article metadata and pure-property data accessed through NIST ThermoML.
REF-0214,NIST Chemistry WebBook evaluated fusion temperature: Average of 15 out of 16 values; Individual data points,,https://webbook.nist.gov/cgi/cbook.cgi?ID=C100414&Units=SI&Type=TFREEZE,NIST Chemistry WebBook evaluated/compiled value,webbook.nist.gov,Source-specific property URL and source label retained from the selected database annotation.
REF-0215,NIST Chemistry WebBook evaluated normal boiling point: Average of 79 out of 96 values; Individual data points,,https://webbook.nist.gov/cgi/cbook.cgi?ID=C100414&Units=SI&Type=TBOIL,NIST Chemistry WebBook evaluated/compiled value,webbook.nist.gov,Source-specific property URL and source label retained from the selected database annotation.
REF-0216,"Roux, Temprado, et al., 2008 Roux, M.V.; Temprado, M.; Chickos, J.S.; Nagano, Y., Critically Evaluated Thermochemical Properties of Polycyclic Aromatic Hydrocarbons, J. Phys. Chem. Ref. Data, 2008, 37, 4, 1855-1996. [all data] | Cox, Wagman, et al., 1984 Cox, J.D.; Wagman, D.D.; Medvedev, V.A., CODATA Key Values for Thermodynamics, Hemisphere Publishing Corp., New York, 1984, 1. [all data]",,https://webbook.nist.gov/cgi/cbook.cgi?ID=C496117&Units=SI&Mask=6,NIST Chemistry WebBook thermochemistry + explicit Hess-law derivation,webbook.nist.gov,Source-specific property URL and source label retained from the selected database annotation.
REF-0217,"PAC Chemical Database, U.S. Department of Energy",,https://emhub1.energy.gov/pacteel/search#496-11-7,PubChem source-linked experimental annotation,emhub1.energy.gov,Source-specific property URL and source label retained from the selected database annotation.
REF-0218,"Boord, Perilstein, et al., 1944 Boord, C.E.; Perilstein, W.L.; Greenlee, K.W., , Am. Pet. Inst. Hydrocarbon Res. Proj., Sixth Annu. Ref., Ohio State Univ., Aug. 31, 1944. [all data]",,https://webbook.nist.gov/cgi/cbook.cgi?ID=C496117&Units=SI&Mask=6,NIST Chemistry WebBook evaluated/compiled value,webbook.nist.gov,Source-specific property URL and source label retained from the selected database annotation.
REF-0219,NIST Chemistry WebBook evaluated normal boiling point: Average of 9 values; Individual data points,,https://webbook.nist.gov/cgi/cbook.cgi?ID=C496117&Units=SI&Type=TBOIL,NIST Chemistry WebBook evaluated/compiled value,webbook.nist.gov,Source-specific property URL and source label retained from the selected database annotation.
REF-0220,"Roux, Temprado, et al., 2008 Roux, M.V.; Temprado, M.; Chickos, J.S.; Nagano, Y., Critically Evaluated Thermochemical Properties of Polycyclic Aromatic Hydrocarbons, J. Phys. Chem. Ref. Data, 2008, 37, 4, 1855-1996. [all data] | Cox, Wagman, et al., 1984 Cox, J.D.; Wagman, D.D.; Medvedev, V.A., CODATA Key Values for Thermodynamics, Hemisphere Publishing Corp., New York, 1984, 1. [all data]",,https://webbook.nist.gov/cgi/cbook.cgi?ID=C95136&Units=SI&Mask=6,NIST Chemistry WebBook thermochemistry + explicit Hess-law derivation,webbook.nist.gov,Source-specific property URL and source label retained from the selected database annotation.
REF-0221,Hazardous Substances Data Bank (HSDB),,https://pubchem.ncbi.nlm.nih.gov/source/hsdb/5286,PubChem source-linked experimental annotation,pubchem.ncbi.nlm.nih.gov,Source-specific property URL and source label retained from the selected database annotation.
REF-0222,"Kravchenko and Pastukhova, 1953 Kravchenko, V.M.; Pastukhova, I.S., Ternary systems of indene+isoquinoline+naphthalene and naphthalene + isoquinoline+benzene, Zh. Fiz. Khim., 1953, 27, 822. [all data]",,https://webbook.nist.gov/cgi/cbook.cgi?ID=C95136&Units=SI&Mask=6,NIST Chemistry WebBook evaluated/compiled value,webbook.nist.gov,Source-specific property URL and source label retained from the selected database annotation.
REF-0223,NIST Chemistry WebBook evaluated normal boiling point: Average of 11 values; Individual data points,,https://webbook.nist.gov/cgi/cbook.cgi?ID=C95136&Units=SI&Type=TBOIL,NIST Chemistry WebBook evaluated/compiled value,webbook.nist.gov,Source-specific property URL and source label retained from the selected database annotation.
REF-0224,"Good, 1973 Good, W.D., The enthalpies of combustion and formation of n-butylbenzene, the diethylbenzenes, the methyl-n-propylbenzenes, and the methyl-iso-propylbenzenes, J. Chem. Thermodyn., 1973, 5, 707-714. [all data] | Cox, Wagman, et al., 1984 Cox, J.D.; Wagman, D.D.; Medvedev, V.A., CODATA Key Values for Thermodynamics, Hemisphere Publishing Corp., New York, 1984, 1. [all data]",,https://webbook.nist.gov/cgi/cbook.cgi?ID=C535773&Units=SI&Mask=6,NIST Chemistry WebBook thermochemistry + explicit Hess-law derivation,webbook.nist.gov,Source-specific property URL and source label retained from the selected database annotation.
REF-0225,Hazardous Substances Data Bank (HSDB),,https://pubchem.ncbi.nlm.nih.gov/source/hsdb/3428,PubChem source-linked experimental annotation,pubchem.ncbi.nlm.nih.gov,Source-specific property URL and source label retained from the selected database annotation.
REF-0226,"Streiff, Hulme, et al., 1955 Streiff, A.J.; Hulme, A.R.; Cowie, P.A.; Krouskop, N.C.; Rossini, F.D., Purification, Purity, and solid–liquid phase-transitions of Sixty-four American Petroleum Institute Standard and Research Hydrocarbons, Anal. Chem., 1955, 27, 411. [all data]",,https://webbook.nist.gov/cgi/cbook.cgi?ID=C535773&Units=SI&Mask=6,NIST Chemistry WebBook evaluated/compiled value,webbook.nist.gov,Source-specific property URL and source label retained from the selected database annotation.
REF-0227,NIST Chemistry WebBook evaluated normal boiling point: Average of 17 values; Individual data points,,https://webbook.nist.gov/cgi/cbook.cgi?ID=C535773&Units=SI&Type=TBOIL,NIST Chemistry WebBook evaluated/compiled value,webbook.nist.gov,Source-specific property URL and source label retained from the selected database annotation.
REF-0228,"Prosen, Johnson, et al., 1946 Prosen, E.J.; Johnson, W.H.; Rossini, F.D., Heats of combustion and formation at 25°C of the alkylbenzenes through C10H14, and of the higher normal monoalkylbenzenes, J. Res. NBS, 1946, 36, 455-461. [all data] | Cox, Wagman, et al., 1984 Cox, J.D.; Wagman, D.D.; Medvedev, V.A., CODATA Key Values for Thermodynamics, Hemisphere Publishing Corp., New York, 1984, 1. [all data]",,https://webbook.nist.gov/cgi/cbook.cgi?ID=C108383&Units=SI&Mask=6,NIST Chemistry WebBook thermochemistry + explicit Hess-law derivation,webbook.nist.gov,Source-specific property URL and source label retained from the selected database annotation.
REF-0229,"Dominguez-Perez, M.[Montserrat]; Segade, L.; Cabeza, O.[Oscar]; Franjo, C.; Jimenez, E.[Eulogio] (2006). Densities, Surface Tensions, and Refractive Indexes of Propyl Propanoate + Hexane + m-Xylene at 298.15 K. J. Chem. Eng. Data 51, 294-300. https://doi.org/10.1021/je0504111",10.1021/je0504111,https://doi.org/10.1021/je0504111,NIST ThermoML experimental,journal publisher / NIST ThermoML,Article metadata and pure-property data accessed through NIST ThermoML.
REF-0230,NIST Chemistry WebBook evaluated fusion temperature: Average of 8 values; Individual data points,,https://webbook.nist.gov/cgi/cbook.cgi?ID=C108383&Units=SI&Type=TFREEZE,NIST Chemistry WebBook evaluated/compiled value,webbook.nist.gov,Source-specific property URL and source label retained from the selected database annotation.
REF-0231,NIST Chemistry WebBook evaluated normal boiling point: Average of 39 out of 42 values; Individual data points,,https://webbook.nist.gov/cgi/cbook.cgi?ID=C108383&Units=SI&Type=TBOIL,NIST Chemistry WebBook evaluated/compiled value,webbook.nist.gov,Source-specific property URL and source label retained from the selected database annotation.
REF-0232,"Johnson, Prosen, et al., 1945 Johnson, W.H.; Prosen, E.J.; Rossini, F.D., Heats of combustion and isomerization of the eight C9H12 alkylbenzenes, J. Res. NBS, 1945, 35, 141-146. [all data] | Cox, Wagman, et al., 1984 Cox, J.D.; Wagman, D.D.; Medvedev, V.A., CODATA Key Values for Thermodynamics, Hemisphere Publishing Corp., New York, 1984, 1. [all data]",,https://webbook.nist.gov/cgi/cbook.cgi?ID=C108678&Units=SI&Mask=6,NIST Chemistry WebBook thermochemistry + explicit Hess-law derivation,webbook.nist.gov,Source-specific property URL and source label retained from the selected database annotation.
REF-0233,"Pan, C.[Chuanrong]; Ouyang, G.[Gangfeng]; Lin, J.[Jielan]; Rao, Y.[Yun]; Zhen, X.[Xiuhuan]; lu, G.[Guizeng]; Huang, Z.[Zhongqi] (2004). Excess Molar Volumes and Surface Tensions of 1,2,4-Trimethylbenzene and 1,3,5-Trimethylbenzene with 1-Butanol, 2-Methyl-1-propanol, 2-Butanol, and 2-Methyl-2-propanol at 298.15 K. J. Chem. Eng. Data 49, 1744-1747. https://doi.org/10.1021/je049807n",10.1021/je049807n,https://doi.org/10.1021/je049807n,NIST ThermoML experimental,journal publisher / NIST ThermoML,Article metadata and pure-property data accessed through NIST ThermoML.
REF-0234,NIST Chemistry WebBook evaluated fusion temperature: Average of 21 out of 22 values; Individual data points,,https://webbook.nist.gov/cgi/cbook.cgi?ID=C108678&Units=SI&Type=TFREEZE,NIST Chemistry WebBook evaluated/compiled value,webbook.nist.gov,Source-specific property URL and source label retained from the selected database annotation.
REF-0235,NIST Chemistry WebBook evaluated normal boiling point: Average of 48 out of 54 values; Individual data points,,https://webbook.nist.gov/cgi/cbook.cgi?ID=C108678&Units=SI&Type=TBOIL,NIST Chemistry WebBook evaluated/compiled value,webbook.nist.gov,Source-specific property URL and source label retained from the selected database annotation.
REF-0236,"Prosen, Gilmont, et al., 1945 Prosen, E.J.; Gilmont, R.; Rossini, F.D., Heats of combustion of benzene, toluene, ethyl-benzene, o-xylene, m-xylene, p-xylene, n-propylbenzene, and styrene, J. Res. NBS, 1945, 34, 65-70. [all data] | Prosen, Johnson, et al., 1946 Prosen, E.J.; Johnson, W.H.; Rossini, F.D., Heats of combustion and formation at 25°C of the alkylbenzenes through C10H14, and of the higher normal monoalkylbenzenes, J. Res. NBS, 1946, 36, 455-461. [all data] | Cox, Wagman, et al., 1984 Cox, J.D.; Wagman, D.D.; Medvedev, V.A., CODATA Key Values for Thermodynamics, Hemisphere Publishing Corp., New York, 1984, 1. [all data]",,https://webbook.nist.gov/cgi/cbook.cgi?ID=C95476&Units=SI&Mask=6,NIST Chemistry WebBook thermochemistry + explicit Hess-law derivation,webbook.nist.gov,Source-specific property URL and source label retained from the selected database annotation.
REF-0237,"Reddy, K. S.; Swamy, A. V. N.; Prasad, T. E. V.[T. E. Vittal]; Prasad, D. H. L. (2010). Bubble point measurements of binary mixtures formed by 1-hexanol with selected nitro-compounds and substituted benzenes at 95.6 kPa . Fluid Phase Equilib. 298, 276-279. https://doi.org/10.1016/j.fluid.2010.08.010",10.1016/j.fluid.2010.08.010,https://doi.org/10.1016/j.fluid.2010.08.010,NIST ThermoML experimental,journal publisher / NIST ThermoML,Article metadata and pure-property data accessed through NIST ThermoML.
REF-0238,NIST Chemistry WebBook evaluated fusion temperature: Average of 12 out of 13 values; Individual data points,,https://webbook.nist.gov/cgi/cbook.cgi?ID=C95476&Units=SI&Type=TFREEZE,NIST Chemistry WebBook evaluated/compiled value,webbook.nist.gov,Source-specific property URL and source label retained from the selected database annotation.
REF-0239,NIST Chemistry WebBook evaluated normal boiling point: Average of 50 out of 51 values; Individual data points,,https://webbook.nist.gov/cgi/cbook.cgi?ID=C95476&Units=SI&Type=TBOIL,NIST Chemistry WebBook evaluated/compiled value,webbook.nist.gov,Source-specific property URL and source label retained from the selected database annotation.
REF-0240,"Good, 1973 Good, W.D., The enthalpies of combustion and formation of n-butylbenzene, the diethylbenzenes, the methyl-n-propylbenzenes, and the methyl-iso-propylbenzenes, J. Chem. Thermodyn., 1973, 5, 707-714. [all data] | Cox, Wagman, et al., 1984 Cox, J.D.; Wagman, D.D.; Medvedev, V.A., CODATA Key Values for Thermodynamics, Hemisphere Publishing Corp., New York, 1984, 1. [all data]",,https://webbook.nist.gov/cgi/cbook.cgi?ID=C99876&Units=SI&Mask=6,NIST Chemistry WebBook thermochemistry + explicit Hess-law derivation,webbook.nist.gov,Source-specific property URL and source label retained from the selected database annotation.
REF-0241,"Yao, Guangyan; Wang, Linlin; Chen, Xiaopeng; Liao, Dankui; Wei, Xiaojie; Liang, Jiezhen; Tong, Zhangfa (2019). Measurement and correlation of vapor-liquid equilibrium data for binary and ternary systems composed of (-)-beta-caryophyllene, p-cymene and 3-carene at 101.33 kPa. J. Chem. Thermodyn. 128, 215-224. https://doi.org/10.1016/j.jct.2018.08.015",10.1016/j.jct.2018.08.015,https://doi.org/10.1016/j.jct.2018.08.015,NIST ThermoML experimental,journal publisher / NIST ThermoML,Article metadata and pure-property data accessed through NIST ThermoML.
REF-0242,NIST Chemistry WebBook evaluated fusion temperature: Average of 12 values; Individual data points,,https://webbook.nist.gov/cgi/cbook.cgi?ID=C99876&Units=SI&Type=TFREEZE,NIST Chemistry WebBook evaluated/compiled value,webbook.nist.gov,Source-specific property URL and source label retained from the selected database annotation.
REF-0243,NIST Chemistry WebBook evaluated normal boiling point: Average of 50 out of 52 values; Individual data points,,https://webbook.nist.gov/cgi/cbook.cgi?ID=C99876&Units=SI&Type=TBOIL,NIST Chemistry WebBook evaluated/compiled value,webbook.nist.gov,Source-specific property URL and source label retained from the selected database annotation.
REF-0244,"Prosen, Johnson, et al., 1946 Prosen, E.J.; Johnson, W.H.; Rossini, F.D., Heats of combustion and formation at 25°C of the alkylbenzenes through C10H14, and of the higher normal monoalkylbenzenes, J. Res. NBS, 1946, 36, 455-461. [all data] | Cox, Wagman, et al., 1984 Cox, J.D.; Wagman, D.D.; Medvedev, V.A., CODATA Key Values for Thermodynamics, Hemisphere Publishing Corp., New York, 1984, 1. [all data]",,https://webbook.nist.gov/cgi/cbook.cgi?ID=C106423&Units=SI&Mask=6,NIST Chemistry WebBook thermochemistry + explicit Hess-law derivation,webbook.nist.gov,Source-specific property URL and source label retained from the selected database annotation.
REF-0245,"Matsuda, H.[Hiroyuki]; Yamada, H.[Hiroshi]; Takahashi, R.[Ryoko]; Koda, A.[Atsushi]; Kurihara, K.[Kiyofumi]; Tochigi, K.[Katsumi]; Ochi, K.[Kenji] (2011). Ebulliometric Determination and Prediction of Vapor Liquid Equilibria for Binary Mixtures of Ethanol and Ethyl Hexanoate. J. Chem. Eng. Data 56, 5045-5051. https://doi.org/10.1021/je200868y",10.1021/je200868y,https://doi.org/10.1021/je200868y,NIST ThermoML experimental,journal publisher / NIST ThermoML,Article metadata and pure-property data accessed through NIST ThermoML.
REF-0246,NIST Chemistry WebBook evaluated fusion temperature: Average of 18 out of 21 values; Individual data points,,https://webbook.nist.gov/cgi/cbook.cgi?ID=C106423&Units=SI&Type=TFREEZE,NIST Chemistry WebBook evaluated/compiled value,webbook.nist.gov,Source-specific property URL and source label retained from the selected database annotation.
REF-0247,NIST Chemistry WebBook evaluated normal boiling point: Average of 59 out of 65 values; Individual data points,,https://webbook.nist.gov/cgi/cbook.cgi?ID=C106423&Units=SI&Type=TBOIL,NIST Chemistry WebBook evaluated/compiled value,webbook.nist.gov,Source-specific property URL and source label retained from the selected database annotation.
REF-0248,"Prosen, Gilmont, et al., 1945 Prosen, E.J.; Gilmont, R.; Rossini, F.D., Heats of combustion of benzene, toluene, ethyl-benzene, o-xylene, m-xylene, p-xylene, n-propylbenzene, and styrene, J. Res. NBS, 1945, 34, 65-70. [all data] | Prosen, Johnson, et al., 1946 Prosen, E.J.; Johnson, W.H.; Rossini, F.D., Heats of combustion and formation at 25°C of the alkylbenzenes through C10H14, and of the higher normal monoalkylbenzenes, J. Res. NBS, 1946, 36, 455-461. [all data] | Cox, Wagman, et al., 1984 Cox, J.D.; Wagman, D.D.; Medvedev, V.A., CODATA Key Values for Thermodynamics, Hemisphere Publishing Corp., New York, 1984, 1. [all data]",,https://webbook.nist.gov/cgi/cbook.cgi?ID=C103651&Units=SI&Mask=6,NIST Chemistry WebBook thermochemistry + explicit Hess-law derivation,webbook.nist.gov,Source-specific property URL and source label retained from the selected database annotation.
REF-0249,"Sirbu, Florinela; Dragoescu, Dana; Shchamialiou, Alexandr; Khasanshin, Talgat (2019). Densities, speeds of sound, refractive indices, viscosities and their related thermodynamic properties for n-hexadecane + two aromatic hydrocarbons binary mixtures at temperatures from 298.15 K to 318.15 K. J. Chem. Thermodyn. 128, 383-393. https://doi.org/10.1016/j.jct.2018.08.036",10.1016/j.jct.2018.08.036,https://doi.org/10.1016/j.jct.2018.08.036,NIST ThermoML experimental,journal publisher / NIST ThermoML,Article metadata and pure-property data accessed through NIST ThermoML.
REF-0250,NIST Chemistry WebBook evaluated fusion temperature: Average of 16 values; Individual data points,,https://webbook.nist.gov/cgi/cbook.cgi?ID=C103651&Units=SI&Type=TFREEZE,NIST Chemistry WebBook evaluated/compiled value,webbook.nist.gov,Source-specific property URL and source label retained from the selected database annotation.
REF-0251,NIST Chemistry WebBook evaluated normal boiling point: Average of 41 out of 46 values; Individual data points,,https://webbook.nist.gov/cgi/cbook.cgi?ID=C103651&Units=SI&Type=TBOIL,NIST Chemistry WebBook evaluated/compiled value,webbook.nist.gov,Source-specific property URL and source label retained from the selected database annotation.
REF-0252,"Prosen, Johnson, et al., 1946 Prosen, E.J.; Johnson, W.H.; Rossini, F.D., Heats of combustion and formation at 25°C of the alkylbenzenes through C10H14, and of the higher normal monoalkylbenzenes, J. Res. NBS, 1946, 36, 455-461. [all data] | Cox, Wagman, et al., 1984 Cox, J.D.; Wagman, D.D.; Medvedev, V.A., CODATA Key Values for Thermodynamics, Hemisphere Publishing Corp., New York, 1984, 1. [all data]",,https://webbook.nist.gov/cgi/cbook.cgi?ID=C135988&Units=SI&Mask=6,NIST Chemistry WebBook thermochemistry + explicit Hess-law derivation,webbook.nist.gov,Source-specific property URL and source label retained from the selected database annotation.
REF-0253,"Birch, Dean, et al., 1949 Birch, S.F.; Dean, R.A.; Fidler, F.A.; Lowry, R.A., The preparation of the c(10) monocyclic aromatic hydrocarbons, J. Am. Chem. Soc., 1949, 71, 1362. [all data]",,https://webbook.nist.gov/cgi/cbook.cgi?ID=C135988&Units=SI&Mask=6,NIST Chemistry WebBook evaluated/compiled value,webbook.nist.gov,Source-specific property URL and source label retained from the selected database annotation.
REF-0254,NIST Chemistry WebBook evaluated normal boiling point: Average of 40 out of 42 values; Individual data points,,https://webbook.nist.gov/cgi/cbook.cgi?ID=C135988&Units=SI&Type=TBOIL,NIST Chemistry WebBook evaluated/compiled value,webbook.nist.gov,Source-specific property URL and source label retained from the selected database annotation.
REF-0255,"Good and Lee, 1976 Good, W.D.; Lee, S.H., The enthalpies of formation of selected naphthalenes, diphenylmethanes, and bicyclic hydrocarbons, J. Chem. Thermodyn., 1976, 8, 643-650. [all data] | Cox, Wagman, et al., 1984 Cox, J.D.; Wagman, D.D.; Medvedev, V.A., CODATA Key Values for Thermodynamics, Hemisphere Publishing Corp., New York, 1984, 1. [all data]",,https://webbook.nist.gov/cgi/cbook.cgi?ID=C119642&Units=SI&Mask=6,NIST Chemistry WebBook thermochemistry + explicit Hess-law derivation,webbook.nist.gov,Source-specific property URL and source label retained from the selected database annotation.
REF-0256,NIST Chemistry WebBook evaluated fusion temperature: Average of 7 values; Individual data points,,https://webbook.nist.gov/cgi/cbook.cgi?ID=C119642&Units=SI&Type=TFREEZE,NIST Chemistry WebBook evaluated/compiled value,webbook.nist.gov,Source-specific property URL and source label retained from the selected database annotation.
REF-0257,NIST Chemistry WebBook evaluated normal boiling point: Average of 6 values; Individual data points,,https://webbook.nist.gov/cgi/cbook.cgi?ID=C119642&Units=SI&Type=TBOIL,NIST Chemistry WebBook evaluated/compiled value,webbook.nist.gov,Source-specific property URL and source label retained from the selected database annotation.
REF-0258,"Roux, Temprado, et al., 2008 Roux, M.V.; Temprado, M.; Chickos, J.S.; Nagano, Y., Critically Evaluated Thermochemical Properties of Polycyclic Aromatic Hydrocarbons, J. Phys. Chem. Ref. Data, 2008, 37, 4, 1855-1996. [all data] | Cox, Wagman, et al., 1984 Cox, J.D.; Wagman, D.D.; Medvedev, V.A., CODATA Key Values for Thermodynamics, Hemisphere Publishing Corp., New York, 1984, 1. [all data]",,https://webbook.nist.gov/cgi/cbook.cgi?ID=C108883&Units=SI&Mask=6,NIST Chemistry WebBook thermochemistry + explicit Hess-law derivation,webbook.nist.gov,Source-specific property URL and source label retained from the selected database annotation.
REF-0259,NIST Chemistry WebBook evaluated fusion temperature: Average of 24 out of 25 values; Individual data points,,https://webbook.nist.gov/cgi/cbook.cgi?ID=C108883&Units=SI&Type=TFREEZE,NIST Chemistry WebBook evaluated/compiled value,webbook.nist.gov,Source-specific property URL and source label retained from the selected database annotation.
REF-0260,NIST Chemistry WebBook evaluated normal boiling point: Average of 110 out of 132 values; Individual data points,,https://webbook.nist.gov/cgi/cbook.cgi?ID=C108883&Units=SI&Type=TBOIL,NIST Chemistry WebBook evaluated/compiled value,webbook.nist.gov,Source-specific property URL and source label retained from the selected database annotation.
REF-0261,"Speros and Rossini, 1960 Speros, D.M.; Rossini, F.D., Heats of combustion and formation of naphthalene, the two methylnaphthalenes, cis and trans decahydronaphthalene and related compounds, J. Phys. Chem., 1960, 64, 1723-1727. [all data] | Cox, Wagman, et al., 1984 Cox, J.D.; Wagman, D.D.; Medvedev, V.A., CODATA Key Values for Thermodynamics, Hemisphere Publishing Corp., New York, 1984, 1. [all data]",,https://webbook.nist.gov/cgi/cbook.cgi?ID=C90120&Units=SI&Mask=6,NIST Chemistry WebBook thermochemistry + explicit Hess-law derivation,webbook.nist.gov,Source-specific property URL and source label retained from the selected database annotation.
REF-0262,"Caudwell, D. R.[Derek R.]; Trusler, J. P. M.[J. P. Martin]; Vesovic, V.[Velisa]; Wakeham, W. A.[William A.] (2009). Viscosity and Density of Five Hydrocarbon Liquids at Pressures up to 200 MPa and Temperatures up to 473 K. J. Chem. Eng. Data 54, 359-366. https://doi.org/10.1021/je800417q",10.1021/je800417q,https://doi.org/10.1021/je800417q,NIST ThermoML experimental,journal publisher / NIST ThermoML,Article metadata and pure-property data accessed through NIST ThermoML.
REF-0263,NIST Chemistry WebBook evaluated fusion temperature: Average of 27 out of 28 values; Individual data points,,https://webbook.nist.gov/cgi/cbook.cgi?ID=C90120&Units=SI&Type=TFREEZE,NIST Chemistry WebBook evaluated/compiled value,webbook.nist.gov,Source-specific property URL and source label retained from the selected database annotation.
REF-0264,NIST Chemistry WebBook evaluated normal boiling point: Average of 30 values; Individual data points,,https://webbook.nist.gov/cgi/cbook.cgi?ID=C90120&Units=SI&Type=TBOIL,NIST Chemistry WebBook evaluated/compiled value,webbook.nist.gov,Source-specific property URL and source label retained from the selected database annotation.
REF-0265,"Roux, Temprado, et al., 2008 Roux, M.V.; Temprado, M.; Chickos, J.S.; Nagano, Y., Critically Evaluated Thermochemical Properties of Polycyclic Aromatic Hydrocarbons, J. Phys. Chem. Ref. Data, 2008, 37, 4, 1855-1996. [all data] | Cox, Wagman, et al., 1984 Cox, J.D.; Wagman, D.D.; Medvedev, V.A., CODATA Key Values for Thermodynamics, Hemisphere Publishing Corp., New York, 1984, 1. [all data]",,https://webbook.nist.gov/cgi/cbook.cgi?ID=C101815&Units=SI&Mask=6,NIST Chemistry WebBook thermochemistry + explicit Hess-law derivation,webbook.nist.gov,Source-specific property URL and source label retained from the selected database annotation.
REF-0266,"PAC Chemical Database, U.S. Department of Energy",,https://emhub1.energy.gov/pacteel/search#101-81-5,PubChem source-linked experimental annotation,emhub1.energy.gov,Source-specific property URL and source label retained from the selected database annotation.
REF-0267,NIST Chemistry WebBook evaluated fusion temperature: Average of 83 out of 85 values; Individual data points,,https://webbook.nist.gov/cgi/cbook.cgi?ID=C101815&Units=SI&Type=TFREEZE,NIST Chemistry WebBook evaluated/compiled value,webbook.nist.gov,Source-specific property URL and source label retained from the selected database annotation.
REF-0268,NIST Chemistry WebBook evaluated normal boiling point: Average of 51 values; Individual data points,,https://webbook.nist.gov/cgi/cbook.cgi?ID=C101815&Units=SI&Type=TBOIL,NIST Chemistry WebBook evaluated/compiled value,webbook.nist.gov,Source-specific property URL and source label retained from the selected database annotation.
REF-0269,Hazardous Substances Data Bank (HSDB),,https://pubchem.ncbi.nlm.nih.gov/source/hsdb/1073,PubChem source-linked experimental annotation,pubchem.ncbi.nlm.nih.gov,Source-specific property URL and source label retained from the selected database annotation.
REF-0270,"Yang, Jian; Meng, Xianyang; Wu, Jiangtao (2018). Liquid Density of n-Pentene, n-Hexene, and n-Heptene at Temperatures from 283.15 to 363.15 K and Pressures up to 100 MPa. J. Chem. Eng. Data 63, 2280-2289. https://doi.org/10.1021/acs.jced.8b00229",10.1021/acs.jced.8b00229,https://doi.org/10.1021/acs.jced.8b00229,NIST ThermoML experimental,journal publisher / NIST ThermoML,Article metadata and pure-property data accessed through NIST ThermoML.
REF-0271,Hazardous Substances Data Bank (HSDB),,https://pubchem.ncbi.nlm.nih.gov/source/hsdb/1078,PubChem source-linked experimental annotation,pubchem.ncbi.nlm.nih.gov,Source-specific property URL and source label retained from the selected database annotation.
REF-0272,"PAC Chemical Database, U.S. Department of Energy",,https://emhub1.energy.gov/pacteel/search#592-76-7,PubChem source-linked experimental annotation,emhub1.energy.gov,Source-specific property URL and source label retained from the selected database annotation.
REF-0273,Hazardous Substances Data Bank (HSDB),,https://pubchem.ncbi.nlm.nih.gov/source/hsdb/1079,PubChem source-linked experimental annotation,pubchem.ncbi.nlm.nih.gov,Source-specific property URL and source label retained from the selected database annotation.
REF-0274,"PAC Chemical Database, U.S. Department of Energy",,https://emhub1.energy.gov/pacteel/search#124-11-8,PubChem source-linked experimental annotation,emhub1.energy.gov,Source-specific property URL and source label retained from the selected database annotation.
REF-0275,Hazardous Substances Data Bank (HSDB),,https://pubchem.ncbi.nlm.nih.gov/source/hsdb/1081,PubChem source-linked experimental annotation,pubchem.ncbi.nlm.nih.gov,Source-specific property URL and source label retained from the selected database annotation.
REF-0276,Hazardous Substances Data Bank (HSDB),,https://pubchem.ncbi.nlm.nih.gov/source/hsdb/1086,PubChem source-linked experimental annotation,pubchem.ncbi.nlm.nih.gov,Source-specific property URL and source label retained from the selected database annotation.
REF-0277,"PAC Chemical Database, U.S. Department of Energy",,https://emhub1.energy.gov/pacteel/search#109-67-1,PubChem source-linked experimental annotation,emhub1.energy.gov,Source-specific property URL and source label retained from the selected database annotation.
REF-0278,Hazardous Substances Data Bank (HSDB),,https://pubchem.ncbi.nlm.nih.gov/source/hsdb/1090,PubChem source-linked experimental annotation,pubchem.ncbi.nlm.nih.gov,Source-specific property URL and source label retained from the selected database annotation.
REF-0279,Joint FAO/WHO Expert Committee on Food Additives (JECFA),,https://www.fao.org/food/food-safety-quality/scientific-advice/jecfa/jecfa-flav/details/en/c/1323/,PubChem source-linked experimental annotation,www.fao.org,Source-specific property URL and source label retained from the selected database annotation.
REF-0280,"Serijan and Wise, 1951 Serijan, K.T.; Wise, P.H., Dicyclic hydrocarbons. III. Diphenyl- and dicyclohexylalkanes through C15, J. Am. Chem. Soc., 1951, 73, 4766-4769. [all data] | Cox, Wagman, et al., 1984 Cox, J.D.; Wagman, D.D.; Medvedev, V.A., CODATA Key Values for Thermodynamics, Hemisphere Publishing Corp., New York, 1984, 1. [all data]",,https://webbook.nist.gov/cgi/cbook.cgi?ID=C3321504&Units=SI&Mask=6,NIST Chemistry WebBook thermochemistry + explicit Hess-law derivation,webbook.nist.gov,Source-specific property URL and source label retained from the selected database annotation.
REF-0281,"Anonymous, 1968 Anonymous, R., Properties of hydrocarbon of high molecular weight, Am. Pet. Inst. Res. Proj. 42, Penn. State Univ., 1968. [all data]",,https://webbook.nist.gov/cgi/cbook.cgi?ID=C3321504&Units=SI&Mask=6,NIST Chemistry WebBook evaluated/compiled value,webbook.nist.gov,Source-specific property URL and source label retained from the selected database annotation.
REF-0282,NIST Chemistry WebBook evaluated normal boiling point: Average of 6 values; Individual data points,,https://webbook.nist.gov/cgi/cbook.cgi?ID=C3321504&Units=SI&Type=TBOIL,NIST Chemistry WebBook evaluated/compiled value,webbook.nist.gov,Source-specific property URL and source label retained from the selected database annotation.
REF-0283,CAMEO Chemicals,,https://cameochemicals.noaa.gov/chemical/8405,PubChem source-linked experimental annotation,cameochemicals.noaa.gov,Source-specific property URL and source label retained from the selected database annotation.
REF-0284,"Goncalves, Daniel; Paludetti, Mayara F.; Florido, Priscila M.; Tonetti, Camila; Goncalves, Cintia B.; Rodrigues, Christianne E. C. (2018). Physical Behavior of the Phases from the Liquid-Liquid Equilibrium of Citrus Essential Oils Systems at 298.2 K. J. Chem. Eng. Data 63, 2718-2737. https://doi.org/10.1021/acs.jced.8b00086",10.1021/acs.jced.8b00086,https://doi.org/10.1021/acs.jced.8b00086,NIST ThermoML experimental,journal publisher / NIST ThermoML,Article metadata and pure-property data accessed through NIST ThermoML.
REF-0285,Human Metabolome Database (HMDB),,https://www.hmdb.ca/metabolites/HMDB0006525,PubChem source-linked experimental annotation,www.hmdb.ca,Source-specific property URL and source label retained from the selected database annotation.
REF-0286,Joint FAO/WHO Expert Committee on Food Additives (JECFA),,https://www.fao.org/food/food-safety-quality/scientific-advice/jecfa/jecfa-flav/details/en/c/1328/,PubChem source-linked experimental annotation,www.fao.org,Source-specific property URL and source label retained from the selected database annotation.
REF-0287,DrugBank,,https://go.drugbank.com/drugs/DB04501,PubChem source-linked experimental annotation,go.drugbank.com,Source-specific property URL and source label retained from the selected database annotation.
REF-0288,"Kozina, Bychikhina, et al., 1977 Kozina, M.P.; Bychikhina, L.V.; Gal'chenko, G.L., The enthalpies of combustion and formation of 2,2-dimethyl-3-methylene bicyclo[2,2,1]heptane and 7-methylenebicyclo[2,2,1]heptane, Russ. J. Phys. Chem. (Engl. Transl.), 1977, 51, 1258-1259. [all data] | Hoskovec, Grygarová, et al., 2005 Hoskovec, Michal; Grygarová, Dana; Cvacka, Josef; Streinz, Ludvík; Zima, Jirí; Verevkin, Sergey P.; Koutek, Bohumír, Determining the vapour pressures of plant volatiles from gas chromatographic retention data, Journal of Chromatography A, 2005, 1083, 1-2, 161-172, https://doi.org/10.1016/j.chroma.2005.06.006 . [all data] | Kozina, Bychikhina, et al., 1977 Kozina, M.P.; Bychikhina, L.V.; Gal'chenko, G.L., The enthalpies of combustion and formation of 2,2-dimethyl-3-methylene bicyclo[2,2,1]heptane and 7-methylenebicyclo[2,2,1]heptane, Russ. J. Phys. Chem. (Engl. Transl.), 1977, 51, 1258-1259. [all data] | Hoskovec, Grygarová, et al., 2005 Hoskovec, Michal; Grygarová, Dana; Cvacka, Josef; Streinz, Ludvík; Zima, Jirí; Verevkin, Sergey P.; Koutek, Bohumír, Determining the vapour pressures of plant volatiles from gas chromatographic retention data, Journal of Chromatography A, 2005, 1083, 1-2, 161-172, https://doi.org/10.1016/j.chroma.2005.06.006 . [all data] | Cox, Wagman, et al., 1984 Cox, J.D.; Wagman, D.D.; Medvedev, V.A., CODATA Key Values for Thermodynamics, Hemisphere Publishing Corp., New York, 1984, 1. [all data]",,https://webbook.nist.gov/cgi/cbook.cgi?ID=C79925&Units=SI&Mask=6,NIST Chemistry WebBook thermochemistry + explicit Hess-law derivation,webbook.nist.gov,Source-specific property URL and source label retained from the selected database annotation.
REF-0289,Hazardous Substances Data Bank (HSDB),,https://pubchem.ncbi.nlm.nih.gov/source/hsdb/900,PubChem source-linked experimental annotation,pubchem.ncbi.nlm.nih.gov,Source-specific property URL and source label retained from the selected database annotation.
REF-0290,NIST Chemistry WebBook evaluated fusion temperature: Average of 6 values; Individual data points,,https://webbook.nist.gov/cgi/cbook.cgi?ID=C79925&Units=SI&Type=TFREEZE,NIST Chemistry WebBook evaluated/compiled value,webbook.nist.gov,Source-specific property URL and source label retained from the selected database annotation.
REF-0291,NIST Chemistry WebBook evaluated normal boiling point: Average of 11 values; Individual data points,,https://webbook.nist.gov/cgi/cbook.cgi?ID=C79925&Units=SI&Type=TBOIL,NIST Chemistry WebBook evaluated/compiled value,webbook.nist.gov,Source-specific property URL and source label retained from the selected database annotation.
REF-0292,"Good and Lee, 1976 Good, W.D.; Lee, S.H., The enthalpies of formation of selected naphthalenes, diphenylmethanes, and bicyclic hydrocarbons, J. Chem. Thermodyn., 1976, 8, 643-650. [all data] | Cox, Wagman, et al., 1984 Cox, J.D.; Wagman, D.D.; Medvedev, V.A., CODATA Key Values for Thermodynamics, Hemisphere Publishing Corp., New York, 1984, 1. [all data]",,https://webbook.nist.gov/cgi/cbook.cgi?ID=C1636391&Units=SI&Mask=6,NIST Chemistry WebBook thermochemistry + explicit Hess-law derivation,webbook.nist.gov,Source-specific property URL and source label retained from the selected database annotation.
REF-0293,NIST Chemistry WebBook evaluated fusion temperature: Average of 10 values; Individual data points,,https://webbook.nist.gov/cgi/cbook.cgi?ID=C1636391&Units=SI&Type=TFREEZE,NIST Chemistry WebBook evaluated/compiled value,webbook.nist.gov,Source-specific property URL and source label retained from the selected database annotation.
REF-0294,"Kharasch, Hancock, et al., 1956 Kharasch, M.S.; Hancock, J.W.; Nudenberg, W.; Tawney, P.O., Factors Influencing the COurse and Mechanism of Grignard Reactions XXII. The Reaction of Grignard Reagents with Alkyl Halides and Ketones in the Presence of Manganous Salts, J. Org. Chem., 1956, 21, 322. [all data]",,https://webbook.nist.gov/cgi/cbook.cgi?ID=C1636391&Units=SI&Mask=6,NIST Chemistry WebBook evaluated/compiled value,webbook.nist.gov,Source-specific property URL and source label retained from the selected database annotation.
REF-0295,"Browne and Rossini, 1960 Browne, C.C.; Rossini, F.D., Heats of combustion, formation, and isomerization of the cis and trans isomers of hexahydroindan, J. Phys. Chem., 1960, 64, 927-931. [all data] | Cox, Wagman, et al., 1984 Cox, J.D.; Wagman, D.D.; Medvedev, V.A., CODATA Key Values for Thermodynamics, Hemisphere Publishing Corp., New York, 1984, 1. [all data]",,https://webbook.nist.gov/cgi/cbook.cgi?ID=C4551513&Units=SI&Mask=6,NIST Chemistry WebBook thermochemistry + explicit Hess-law derivation,webbook.nist.gov,Source-specific property URL and source label retained from the selected database annotation.
REF-0296,NIST Chemistry WebBook evaluated fusion temperature: Average of 8 values; Individual data points,,https://webbook.nist.gov/cgi/cbook.cgi?ID=C4551513&Units=SI&Type=TFREEZE,NIST Chemistry WebBook evaluated/compiled value,webbook.nist.gov,Source-specific property URL and source label retained from the selected database annotation.
REF-0297,NIST Chemistry WebBook evaluated normal boiling point: Average of 9 values; Individual data points,,https://webbook.nist.gov/cgi/cbook.cgi?ID=C4551513&Units=SI&Type=TBOIL,NIST Chemistry WebBook evaluated/compiled value,webbook.nist.gov,Source-specific property URL and source label retained from the selected database annotation.
REF-0298,"Shtekher, Skuratov, et al., 1959 Shtekher, S.M.; Skuratov, S.M.; Daukshas, V.K.; Levina, R.Ya., Heats of combustion of some branched alkanes, Dokl. Akad. Nauk SSSR, 1959, 127, 812-814. [all data] | Cox, Wagman, et al., 1984 Cox, J.D.; Wagman, D.D.; Medvedev, V.A., CODATA Key Values for Thermodynamics, Hemisphere Publishing Corp., New York, 1984, 1. [all data]",,https://webbook.nist.gov/cgi/cbook.cgi?ID=C1070877&Units=SI&Mask=6,NIST Chemistry WebBook thermochemistry + explicit Hess-law derivation,webbook.nist.gov,Source-specific property URL and source label retained from the selected database annotation.
REF-0299,NIST Chemistry WebBook evaluated fusion temperature: Average of 6 values; Individual data points,,https://webbook.nist.gov/cgi/cbook.cgi?ID=C1070877&Units=SI&Type=TFREEZE,NIST Chemistry WebBook evaluated/compiled value,webbook.nist.gov,Source-specific property URL and source label retained from the selected database annotation.
REF-0300,NIST Chemistry WebBook evaluated normal boiling point: Average of 7 values; Individual data points,,https://webbook.nist.gov/cgi/cbook.cgi?ID=C1070877&Units=SI&Type=TBOIL,NIST Chemistry WebBook evaluated/compiled value,webbook.nist.gov,Source-specific property URL and source label retained from the selected database annotation.
REF-0301,"Luning Prak, D.[Dianne]; Jones, M.[Margaret]; Cowart, J.[Jim]; Trulove, P.[Paul] (2015). Density, Viscosity, Speed of Sound, Bulk Modulus, Surface Tension, and Flash Point of Binary Mixtures of 2,2,4,6,6-Pentamethylheptane and 2,2,4,4,6,8,8-Heptamethylnonane at (293.15 to 373.15) K and 0.1 MPa and Comparisons with Alcohol-to-Jet Fuel. J. Chem. Eng. Data 60, 1157-1165. https://doi.org/10.1021/je501141e",10.1021/je501141e,https://doi.org/10.1021/je501141e,NIST ThermoML experimental,journal publisher / NIST ThermoML,Article metadata and pure-property data accessed through NIST ThermoML.
REF-0302,NIST Chemistry WebBook evaluated fusion temperature: Average of 9 values; Individual data points,,https://webbook.nist.gov/cgi/cbook.cgi?ID=C13475826&Units=SI&Type=TFREEZE,NIST Chemistry WebBook evaluated/compiled value,webbook.nist.gov,Source-specific property URL and source label retained from the selected database annotation.
REF-0303,NIST Chemistry WebBook evaluated normal boiling point: Average of 8 values; Individual data points,,https://webbook.nist.gov/cgi/cbook.cgi?ID=C13475826&Units=SI&Type=TBOIL,NIST Chemistry WebBook evaluated/compiled value,webbook.nist.gov,Source-specific property URL and source label retained from the selected database annotation.
REF-0304,"Prosen and Rossini, 1945 Prosen, E.J.; Rossini, F.D., Heats of combustion and formation of the paraffin hydrocarbons at 25° C, J. Res. NBS, 1945, 263-267. [all data] | Cox, Wagman, et al., 1984 Cox, J.D.; Wagman, D.D.; Medvedev, V.A., CODATA Key Values for Thermodynamics, Hemisphere Publishing Corp., New York, 1984, 1. [all data]",,https://webbook.nist.gov/cgi/cbook.cgi?ID=C560214&Units=SI&Mask=6,NIST Chemistry WebBook thermochemistry + explicit Hess-law derivation,webbook.nist.gov,Source-specific property URL and source label retained from the selected database annotation.
REF-0305,NIST Chemistry WebBook evaluated fusion temperature: Average of 14 values; Individual data points,,https://webbook.nist.gov/cgi/cbook.cgi?ID=C560214&Units=SI&Type=TFREEZE,NIST Chemistry WebBook evaluated/compiled value,webbook.nist.gov,Source-specific property URL and source label retained from the selected database annotation.
REF-0306,NIST Chemistry WebBook evaluated normal boiling point: Average of 18 out of 21 values; Individual data points,,https://webbook.nist.gov/cgi/cbook.cgi?ID=C560214&Units=SI&Type=TBOIL,NIST Chemistry WebBook evaluated/compiled value,webbook.nist.gov,Source-specific property URL and source label retained from the selected database annotation.
REF-0307,NIST Chemistry WebBook evaluated normal boiling point: Average of 7 values; Individual data points,,https://webbook.nist.gov/cgi/cbook.cgi?ID=C2051301&Units=SI&Type=TBOIL,NIST Chemistry WebBook evaluated/compiled value,webbook.nist.gov,Source-specific property URL and source label retained from the selected database annotation.
REF-0308,"Richards and Davis, 1920 Richards, T.W.; Davis, H.S., The heats of combustion of benzene, toluene, aliphatic alcohols, cyclohexanol, and other carbon compounds, J. Am. Chem. Soc., 1920, 42, 1599-1617. [all data] | Cox, Wagman, et al., 1984 Cox, J.D.; Wagman, D.D.; Medvedev, V.A., CODATA Key Values for Thermodynamics, Hemisphere Publishing Corp., New York, 1984, 1. [all data]",,https://webbook.nist.gov/cgi/cbook.cgi?ID=C1072168&Units=SI&Mask=6,NIST Chemistry WebBook thermochemistry + explicit Hess-law derivation,webbook.nist.gov,Source-specific property URL and source label retained from the selected database annotation.
REF-0309,NIST Chemistry WebBook evaluated fusion temperature: Average of 6 values; Individual data points,,https://webbook.nist.gov/cgi/cbook.cgi?ID=C1072168&Units=SI&Type=TFREEZE,NIST Chemistry WebBook evaluated/compiled value,webbook.nist.gov,Source-specific property URL and source label retained from the selected database annotation.
REF-0310,NIST Chemistry WebBook evaluated normal boiling point: Average of 12 out of 14 values; Individual data points,,https://webbook.nist.gov/cgi/cbook.cgi?ID=C1072168&Units=SI&Type=TBOIL,NIST Chemistry WebBook evaluated/compiled value,webbook.nist.gov,Source-specific property URL and source label retained from the selected database annotation.
REF-0311,Human Metabolome Database (HMDB),,https://www.hmdb.ca/metabolites/HMDB0039000,PubChem source-linked experimental annotation,www.hmdb.ca,Source-specific property URL and source label retained from the selected database annotation.
REF-0312,"Mears, Fookson, et al., 1950 Mears, T.W.; Fookson, A.; Pomerantz, P.; Rich, E.H.; Dussinger, C.S.; Howard, F.L., Syntheses and Properties of Two Olefins, Six Paraffins, and Their Intermediates, J. Res. Natl. Bur. Stand. (U. S.), 1950, 44, 299. [all data]",,https://webbook.nist.gov/cgi/cbook.cgi?ID=C3221612&Units=SI&Mask=6,NIST Chemistry WebBook evaluated/compiled value,webbook.nist.gov,Source-specific property URL and source label retained from the selected database annotation.
REF-0313,NIST Chemistry WebBook evaluated normal boiling point: Average of 14 values; Individual data points,,https://webbook.nist.gov/cgi/cbook.cgi?ID=C3221612&Units=SI&Type=TBOIL,NIST Chemistry WebBook evaluated/compiled value,webbook.nist.gov,Source-specific property URL and source label retained from the selected database annotation.
REF-0314,"Prosen and Rossini, 1945 Prosen, E.J.; Rossini, F.D., Heats of combustion and formation of the paraffin hydrocarbons at 25° C, J. Res. NBS, 1945, 263-267. [all data] | Cox, Wagman, et al., 1984 Cox, J.D.; Wagman, D.D.; Medvedev, V.A., CODATA Key Values for Thermodynamics, Hemisphere Publishing Corp., New York, 1984, 1. [all data]",,https://webbook.nist.gov/cgi/cbook.cgi?ID=C617787&Units=SI&Mask=6,NIST Chemistry WebBook thermochemistry + explicit Hess-law derivation,webbook.nist.gov,Source-specific property URL and source label retained from the selected database annotation.
REF-0315,NIST Chemistry WebBook evaluated fusion temperature: Average of 8 values; Individual data points,,https://webbook.nist.gov/cgi/cbook.cgi?ID=C617787&Units=SI&Type=TFREEZE,NIST Chemistry WebBook evaluated/compiled value,webbook.nist.gov,Source-specific property URL and source label retained from the selected database annotation.
REF-0316,NIST Chemistry WebBook evaluated normal boiling point: Average of 24 values; Individual data points,,https://webbook.nist.gov/cgi/cbook.cgi?ID=C617787&Units=SI&Type=TBOIL,NIST Chemistry WebBook evaluated/compiled value,webbook.nist.gov,Source-specific property URL and source label retained from the selected database annotation.
REF-0317,"Parks, West, et al., 1941, 2 Parks, G.S.; West, T.J.; Moore, G.E., Thermal data on organic compounds. XXI. Some heat capacity, entropy and free energy data form the four methylnonanes., J. Am. Chem. Soc., 1941, 63, 1133. [all data]",,https://webbook.nist.gov/cgi/cbook.cgi?ID=C5911046&Units=SI&Mask=6,NIST Chemistry WebBook evaluated/compiled value,webbook.nist.gov,Source-specific property URL and source label retained from the selected database annotation.
REF-0318,NIST Chemistry WebBook evaluated normal boiling point: Average of 7 values; Individual data points,,https://webbook.nist.gov/cgi/cbook.cgi?ID=C5911046&Units=SI&Type=TBOIL,NIST Chemistry WebBook evaluated/compiled value,webbook.nist.gov,Source-specific property URL and source label retained from the selected database annotation.
REF-0319,"Klein, Tobias; Cui, Junwei; Kalantar, Ahmad; Chen, Jiaqi; Rausch, Michael H.; Koller, Thomas M.; Froeba, Andreas P. (2018). Viscosity and Surface Tension of Branched Alkanes 2-Methylnonane and 4-Methylnonane. J. Chem. Eng. Data 63, 2833-2839. https://doi.org/10.1021/acs.jced.8b00163",10.1021/acs.jced.8b00163,https://doi.org/10.1021/acs.jced.8b00163,NIST ThermoML experimental,journal publisher / NIST ThermoML,Article metadata and pure-property data accessed through NIST ThermoML.
REF-0320,"PAC Chemical Database, U.S. Department of Energy",,https://emhub1.energy.gov/pacteel/search#17301-94-9,PubChem source-linked experimental annotation,emhub1.energy.gov,Source-specific property URL and source label retained from the selected database annotation.
REF-0321,"Anonymous, 1962 Anonymous, R., , Am. Pet. Inst. Res. Proj. 58A, Annu. Rep., 1962. [all data]",,https://webbook.nist.gov/cgi/cbook.cgi?ID=C3891983&Units=SI&Mask=6,NIST Chemistry WebBook evaluated/compiled value,webbook.nist.gov,Source-specific property URL and source label retained from the selected database annotation.
REF-0322,"Ngema, P. T.[Peterson Thokozani]; Matkowska, D.[Dobrochna]; Naidoo, P.[Paramesperi]; Hofman, T.[Tadeusz]; Ramjugernath, D.[Deresh] (2012). Vapor Liquid Equilibrium Data for Binary Systems of 1-Methyl-4-(1-methylethenyl)-cyclohexene + {Ethanol, Propan-1-ol, Propan-2-ol, Butan-1-ol, Pentan-1-ol, or Hexan-1-ol} at 40 kPa. J. Chem. Eng. Data 57, 2053-2058. https://doi.org/10.1021/je300347z",10.1021/je300347z,https://doi.org/10.1021/je300347z,NIST ThermoML experimental,journal publisher / NIST ThermoML,Article metadata and pure-property data accessed through NIST ThermoML.
REF-0323,Hazardous Substances Data Bank (HSDB),,https://pubchem.ncbi.nlm.nih.gov/source/hsdb/4186,PubChem source-linked experimental annotation,pubchem.ncbi.nlm.nih.gov,Source-specific property URL and source label retained from the selected database annotation.
REF-0324,"PAC Chemical Database, U.S. Department of Energy",,https://emhub1.energy.gov/pacteel/search#5989-27-5,PubChem source-linked experimental annotation,emhub1.energy.gov,Source-specific property URL and source label retained from the selected database annotation.
REF-0325,"Johnson, Prosen, et al., 1947 Johnson, W.H.; Prosen, E.J.; Rossini, F.D., Heats of combustion and isomerization of the eight C8H16 alkylcyclohexanes, J. Res. NBS, 1947, 39, 49-52. [all data] | Cox, Wagman, et al., 1984 Cox, J.D.; Wagman, D.D.; Medvedev, V.A., CODATA Key Values for Thermodynamics, Hemisphere Publishing Corp., New York, 1984, 1. [all data]",,https://webbook.nist.gov/cgi/cbook.cgi?ID=C590669&Units=SI&Mask=6,NIST Chemistry WebBook thermochemistry + explicit Hess-law derivation,webbook.nist.gov,Source-specific property URL and source label retained from the selected database annotation.
REF-0326,"Shortridge, Craig, et al., 1948 Shortridge, R.W.; Craig, R.A.; Greenlee, K.W.; Derfer, J.M.; Boord, C.E., The Synthesis of Some Cyclopropane and Spirane Hydrocarbons, J. Am. Chem. Soc., 1948, 70, 946. [all data]",,https://webbook.nist.gov/cgi/cbook.cgi?ID=C590669&Units=SI&Mask=6,NIST Chemistry WebBook evaluated/compiled value,webbook.nist.gov,Source-specific property URL and source label retained from the selected database annotation.
REF-0327,NIST Chemistry WebBook evaluated normal boiling point: Average of 28 out of 29 values; Individual data points,,https://webbook.nist.gov/cgi/cbook.cgi?ID=C590669&Units=SI&Type=TBOIL,NIST Chemistry WebBook evaluated/compiled value,webbook.nist.gov,Source-specific property URL and source label retained from the selected database annotation.
REF-0328,"White and Glasgow, 1939 White, J.D.; Glasgow, A.R., Separation of 1,2,4-Trimethylcyclohexane and An Isononane From A Midcontinent Petroleum, J. Res. Natl. Bur. Stand. (U. S.), 1939, 22, 137. [all data]",,https://webbook.nist.gov/cgi/cbook.cgi?ID=C2234755&Units=SI&Mask=6,NIST Chemistry WebBook evaluated/compiled value,webbook.nist.gov,Source-specific property URL and source label retained from the selected database annotation.
REF-0329,NIST Chemistry WebBook evaluated normal boiling point: Average of 11 values; Individual data points,,https://webbook.nist.gov/cgi/cbook.cgi?ID=C2234755&Units=SI&Type=TBOIL,NIST Chemistry WebBook evaluated/compiled value,webbook.nist.gov,Source-specific property URL and source label retained from the selected database annotation.
REF-0330,"Johnson, Prosen, et al., 1947 Johnson, W.H.; Prosen, E.J.; Rossini, F.D., Heats of combustion and isomerization of the eight C8H16 alkylcyclohexanes, J. Res. NBS, 1947, 39, 49-52. [all data] | Cox, Wagman, et al., 1984 Cox, J.D.; Wagman, D.D.; Medvedev, V.A., CODATA Key Values for Thermodynamics, Hemisphere Publishing Corp., New York, 1984, 1. [all data]",,https://webbook.nist.gov/cgi/cbook.cgi?ID=C2207014&Units=SI&Mask=6,NIST Chemistry WebBook thermochemistry + explicit Hess-law derivation,webbook.nist.gov,Source-specific property URL and source label retained from the selected database annotation.
REF-0331,NIST Chemistry WebBook evaluated fusion temperature: Average of 6 values; Individual data points,,https://webbook.nist.gov/cgi/cbook.cgi?ID=C2207014&Units=SI&Type=TFREEZE,NIST Chemistry WebBook evaluated/compiled value,webbook.nist.gov,Source-specific property URL and source label retained from the selected database annotation.
REF-0332,NIST Chemistry WebBook evaluated normal boiling point: Average of 21 out of 27 values; Individual data points,,https://webbook.nist.gov/cgi/cbook.cgi?ID=C2207014&Units=SI&Type=TBOIL,NIST Chemistry WebBook evaluated/compiled value,webbook.nist.gov,Source-specific property URL and source label retained from the selected database annotation.
REF-0333,"Johnson, Prosen, et al., 1947 Johnson, W.H.; Prosen, E.J.; Rossini, F.D., Heats of combustion and isomerization of the eight C8H16 alkylcyclohexanes, J. Res. NBS, 1947, 39, 49-52. [all data] | Cox, Wagman, et al., 1984 Cox, J.D.; Wagman, D.D.; Medvedev, V.A., CODATA Key Values for Thermodynamics, Hemisphere Publishing Corp., New York, 1984, 1. [all data]",,https://webbook.nist.gov/cgi/cbook.cgi?ID=C638040&Units=SI&Mask=6,NIST Chemistry WebBook thermochemistry + explicit Hess-law derivation,webbook.nist.gov,Source-specific property URL and source label retained from the selected database annotation.
REF-0334,"Forziati, Glasgow, et al., 1946 Forziati, A.F.; Glasgow, A.R.; Willingham, C.B.; Rossini, F.D., Specification adn Properties of 29 Paraffin, 4 Alkylcyclopentanes, 10 Alkylcyclohexanes and 8 Alkylbenzene Hydrocarbons, J. Res. Natl. Bur. Stand. (U. S.), 1946, 36, 129. [all data]",,https://webbook.nist.gov/cgi/cbook.cgi?ID=C638040&Units=SI&Mask=6,NIST Chemistry WebBook evaluated/compiled value,webbook.nist.gov,Source-specific property URL and source label retained from the selected database annotation.
REF-0335,NIST Chemistry WebBook evaluated normal boiling point: Average of 22 out of 24 values; Individual data points,,https://webbook.nist.gov/cgi/cbook.cgi?ID=C638040&Units=SI&Type=TBOIL,NIST Chemistry WebBook evaluated/compiled value,webbook.nist.gov,Source-specific property URL and source label retained from the selected database annotation.
REF-0336,Hazardous Substances Data Bank (HSDB),,https://pubchem.ncbi.nlm.nih.gov/source/hsdb/5328,PubChem source-linked experimental annotation,pubchem.ncbi.nlm.nih.gov,Source-specific property URL and source label retained from the selected database annotation.
REF-0337,"Prosen, Johnson, et al., 1946 Prosen, E.J.; Johnson, W.H.; Rossini, F.D., Heats of formation and combustion of the normal alkylcyclopentanes and cyclohexanes and the increment per CH2 group for several homologous series of hydrocarbons, J. Res. NBS, 1946, 37, 51-56. [all data] | Cox, Wagman, et al., 1984 Cox, J.D.; Wagman, D.D.; Medvedev, V.A., CODATA Key Values for Thermodynamics, Hemisphere Publishing Corp., New York, 1984, 1. [all data]",,https://webbook.nist.gov/cgi/cbook.cgi?ID=C2040951&Units=SI&Mask=6,NIST Chemistry WebBook thermochemistry + explicit Hess-law derivation,webbook.nist.gov,Source-specific property URL and source label retained from the selected database annotation.
REF-0338,NIST Chemistry WebBook evaluated fusion temperature: Average of 8 values; Individual data points,,https://webbook.nist.gov/cgi/cbook.cgi?ID=C2040951&Units=SI&Type=TFREEZE,NIST Chemistry WebBook evaluated/compiled value,webbook.nist.gov,Source-specific property URL and source label retained from the selected database annotation.
REF-0339,NIST Chemistry WebBook evaluated normal boiling point: Average of 10 out of 12 values; Individual data points,,https://webbook.nist.gov/cgi/cbook.cgi?ID=C2040951&Units=SI&Type=TBOIL,NIST Chemistry WebBook evaluated/compiled value,webbook.nist.gov,Source-specific property URL and source label retained from the selected database annotation.
REF-0340,"Johnson, Prosen, et al., 1949 Johnson, W.H.; Prosen, E.J.; Rossini, F.D., Heats of combustion and isomerization of the six C7H14 alkylcyclopentanes, J. Res. NBS, 1949, 42, 251-255. [all data] | Cox, Wagman, et al., 1984 Cox, J.D.; Wagman, D.D.; Medvedev, V.A., CODATA Key Values for Thermodynamics, Hemisphere Publishing Corp., New York, 1984, 1. [all data]",,https://webbook.nist.gov/cgi/cbook.cgi?ID=C2532583&Units=SI&Mask=6,NIST Chemistry WebBook thermochemistry + explicit Hess-law derivation,webbook.nist.gov,Source-specific property URL and source label retained from the selected database annotation.
REF-0341,NIST Chemistry WebBook evaluated fusion temperature: Average of 12 values; Individual data points,,https://webbook.nist.gov/cgi/cbook.cgi?ID=C2532583&Units=SI&Type=TFREEZE,NIST Chemistry WebBook evaluated/compiled value,webbook.nist.gov,Source-specific property URL and source label retained from the selected database annotation.
REF-0342,NIST Chemistry WebBook evaluated normal boiling point: Average of 10 values; Individual data points,,https://webbook.nist.gov/cgi/cbook.cgi?ID=C2532583&Units=SI&Type=TBOIL,NIST Chemistry WebBook evaluated/compiled value,webbook.nist.gov,Source-specific property URL and source label retained from the selected database annotation.
REF-0343,"Marrufo, B.[Beatriz]; Loras, S.[Sonia]; Sanchotello, M.[Margarita] (2010). Isobaric Vapor-Liquid Equilibria for Binary and Ternary Mixtures with Cyclohexane, Cyclohexene, and Methyl Isobutyl Ketone at 100 kPa. J. Chem. Eng. Data 55, 5812-5817. https://doi.org/10.1021/je100776x",10.1021/je100776x,https://doi.org/10.1021/je100776x,NIST ThermoML experimental,journal publisher / NIST ThermoML,Article metadata and pure-property data accessed through NIST ThermoML.
REF-0344,Hazardous Substances Data Bank (HSDB),,https://pubchem.ncbi.nlm.nih.gov/source/hsdb/1624,PubChem source-linked experimental annotation,pubchem.ncbi.nlm.nih.gov,Source-specific property URL and source label retained from the selected database annotation.
REF-0345,CAMEO Chemicals,,https://cameochemicals.noaa.gov/chemical/3062,PubChem source-linked experimental annotation,cameochemicals.noaa.gov,Source-specific property URL and source label retained from the selected database annotation.
REF-0346,"Florido, P. M.[Priscila M.]; Andrade, I. M. G.[Ivana M.G.]; Capellini, M. C.[Maria C.]; Carvalho, F. H.[Fernanda H.]; Aracava, K. K.[Keila K.]; Koshima, C. C.[Cristina C.]; Rodrigues, C. E. C.[Christianne E.C.]; Goncalves, C. B.[Cintia B.] (2014). Viscosities and densities of systems involved in the deterpenation of essential oils by liquid-liquid extraction: New UNIFAC-VISCO parameters. J. Chem. Thermodyn. 72, 152-160. https://doi.org/10.1016/j.jct.2013.11.026",10.1016/j.jct.2013.11.026,https://doi.org/10.1016/j.jct.2013.11.026,NIST ThermoML experimental,journal publisher / NIST ThermoML,Article metadata and pure-property data accessed through NIST ThermoML.
REF-0347,Human Metabolome Database (HMDB),,https://www.hmdb.ca/metabolites/HMDB0005806,PubChem source-linked experimental annotation,www.hmdb.ca,Source-specific property URL and source label retained from the selected database annotation.
REF-0348,Joint FAO/WHO Expert Committee on Food Additives (JECFA),,https://www.fao.org/food/food-safety-quality/scientific-advice/jecfa/jecfa-flav/details/en/c/1339/,PubChem source-linked experimental annotation,www.fao.org,Source-specific property URL and source label retained from the selected database annotation.
REF-0349,"Liu, Zhaoshan; Cai, Mengsha; Xu, Sanshu; Guo, Yongsheng; Fang, Wenjun (2018). Densities and Viscosities for the Ternary System of 1,2,3,4-Tetrahydronaphthalene + Isopropylcyclohexane + Cyclopropanemethanol and Corresponding Binaries at T = (293.15 to 343.15) K. J. Chem. Eng. Data 63, 4596-4605. https://doi.org/10.1021/acs.jced.8b00662",10.1021/acs.jced.8b00662,https://doi.org/10.1021/acs.jced.8b00662,NIST ThermoML experimental,journal publisher / NIST ThermoML,Article metadata and pure-property data accessed through NIST ThermoML.
REF-0350,"Anonymous, 1941 Anonymous, R., , Am. Pet. Inst. Hydrocarbon Res. Proj., Third Annu. Rep., Ohio State Univ., Aug. 31, 1941. [all data]",,https://webbook.nist.gov/cgi/cbook.cgi?ID=C696297&Units=SI&Mask=6,NIST Chemistry WebBook evaluated/compiled value,webbook.nist.gov,Source-specific property URL and source label retained from the selected database annotation.
REF-0351,NIST Chemistry WebBook evaluated normal boiling point: Average of 19 values; Individual data points,,https://webbook.nist.gov/cgi/cbook.cgi?ID=C696297&Units=SI&Type=TBOIL,NIST Chemistry WebBook evaluated/compiled value,webbook.nist.gov,Source-specific property URL and source label retained from the selected database annotation.
REF-0352,"Prosen, Johnson, et al., 1946 Prosen, E.J.; Johnson, W.H.; Rossini, F.D., Heats of formation and combustion of the normal alkylcyclopentanes and cyclohexanes and the increment per CH2 group for several homologous series of hydrocarbons, J. Res. NBS, 1946, 37, 51-56. [all data] | Cox, Wagman, et al., 1984 Cox, J.D.; Wagman, D.D.; Medvedev, V.A., CODATA Key Values for Thermodynamics, Hemisphere Publishing Corp., New York, 1984, 1. [all data]",,https://webbook.nist.gov/cgi/cbook.cgi?ID=C2883025&Units=SI&Mask=6,NIST Chemistry WebBook thermochemistry + explicit Hess-law derivation,webbook.nist.gov,Source-specific property URL and source label retained from the selected database annotation.
REF-0353,"Schlenk, 1951 Schlenk, W., Justus Liebigs Ann. Chem., 1951, 573, 142-62. [all data]",,https://webbook.nist.gov/cgi/cbook.cgi?ID=C2883025&Units=SI&Mask=6,NIST Chemistry WebBook evaluated/compiled value,webbook.nist.gov,Source-specific property URL and source label retained from the selected database annotation.
REF-0354,"Prosen, Johnson, et al., 1946 Prosen, E.J.; Johnson, W.H.; Rossini, F.D., Heats of formation and combustion of the normal alkylcyclopentanes and cyclohexanes and the increment per CH2 group for several homologous series of hydrocarbons, J. Res. NBS, 1946, 37, 51-56. [all data] | Cox, Wagman, et al., 1984 Cox, J.D.; Wagman, D.D.; Medvedev, V.A., CODATA Key Values for Thermodynamics, Hemisphere Publishing Corp., New York, 1984, 1. [all data]",,https://webbook.nist.gov/cgi/cbook.cgi?ID=C4292926&Units=SI&Mask=6,NIST Chemistry WebBook thermochemistry + explicit Hess-law derivation,webbook.nist.gov,Source-specific property URL and source label retained from the selected database annotation.
REF-0355,"Smith and Pennekamp, 1945 Smith, H.A.; Pennekamp, E.F.H., The Catalytic Hydrogenation of the Benzene Nucleus II. The Hydrogenation of Benzene and Mono-alkylkbenzenes, J. Am. Chem. Soc., 1945, 67, 276. [all data]",,https://webbook.nist.gov/cgi/cbook.cgi?ID=C4292926&Units=SI&Mask=6,NIST Chemistry WebBook evaluated/compiled value,webbook.nist.gov,Source-specific property URL and source label retained from the selected database annotation.
REF-0356,"Hipsher and Wise, 1954 Hipsher, H.F.; Wise, P.H., Dicyclic hydrocarbons. VIII. 1-Alkylnaphthalenes and some of their tetrahydro derivatives, J. Am. Chem. Soc., 1954, 76, 1747-1748. [all data] | Cox, Wagman, et al., 1984 Cox, J.D.; Wagman, D.D.; Medvedev, V.A., CODATA Key Values for Thermodynamics, Hemisphere Publishing Corp., New York, 1984, 1. [all data]",,https://webbook.nist.gov/cgi/cbook.cgi?ID=C2809645&Units=SI&Mask=6,NIST Chemistry WebBook thermochemistry + explicit Hess-law derivation,webbook.nist.gov,Source-specific property URL and source label retained from the selected database annotation.
REF-0357,"Hipsher and Wise, 1954, 2 Hipsher, H.F.; Wise, P.H., Dicyclic Hydrocarbons VIII. 1-Alkylnaphthalenes and Some of Their Tetrahydro Derivatives, J. Am. Chem. Soc., 1954, 76, 1747-8. [all data]",,https://webbook.nist.gov/cgi/cbook.cgi?ID=C2809645&Units=SI&Mask=6,NIST Chemistry WebBook evaluated/compiled value,webbook.nist.gov,Source-specific property URL and source label retained from the selected database annotation.
REF-0358,"Weast and Grasselli, 1989 CRC Handbook of Data on Organic Compounds, 2nd Editon, Weast,R.C and Grasselli, J.G., ed(s)., CRC Press, Inc., Boca Raton, FL, 1989, 1. [all data]",,https://webbook.nist.gov/cgi/cbook.cgi?ID=C2809645&Units=SI&Mask=6,NIST Chemistry WebBook evaluated/compiled value,webbook.nist.gov,Source-specific property URL and source label retained from the selected database annotation.
REF-0359,CAMEO Chemicals,,https://cameochemicals.noaa.gov/chemical/3698,PubChem source-linked experimental annotation,cameochemicals.noaa.gov,Source-specific property URL and source label retained from the selected database annotation.
REF-0360,Hazardous Substances Data Bank (HSDB),,https://pubchem.ncbi.nlm.nih.gov/source/hsdb/196,PubChem source-linked experimental annotation,pubchem.ncbi.nlm.nih.gov,Source-specific property URL and source label retained from the selected database annotation.
REF-0361,"Good, 1973 Good, W.D., The enthalpies of combustion and formation of n-butylbenzene, the diethylbenzenes, the methyl-n-propylbenzenes, and the methyl-iso-propylbenzenes, J. Chem. Thermodyn., 1973, 5, 707-714. [all data] | Cox, Wagman, et al., 1984 Cox, J.D.; Wagman, D.D.; Medvedev, V.A., CODATA Key Values for Thermodynamics, Hemisphere Publishing Corp., New York, 1984, 1. [all data]",,https://webbook.nist.gov/cgi/cbook.cgi?ID=C1074437&Units=SI&Mask=6,NIST Chemistry WebBook thermochemistry + explicit Hess-law derivation,webbook.nist.gov,Source-specific property URL and source label retained from the selected database annotation.
REF-0362,"Streiff, Schultz, et al., 1960 Streiff, A.J.; Schultz, L.H.; Krouskop, N.C.; Moore, J.W.; Rossini, F.D., Purification, Purity, and solid–liquid phase-transitions of 16 API Standard and API Research Hydrocarbons, J. Chem. Eng. Data, 1960, 5, 193-5. [all data]",,https://webbook.nist.gov/cgi/cbook.cgi?ID=C1074437&Units=SI&Mask=6,NIST Chemistry WebBook evaluated/compiled value,webbook.nist.gov,Source-specific property URL and source label retained from the selected database annotation.
REF-0363,NIST Chemistry WebBook evaluated normal boiling point: Average of 11 values; Individual data points,,https://webbook.nist.gov/cgi/cbook.cgi?ID=C1074437&Units=SI&Type=TBOIL,NIST Chemistry WebBook evaluated/compiled value,webbook.nist.gov,Source-specific property URL and source label retained from the selected database annotation.
REF-0364,"Luning Prak, D. J.[Dianne J.]; Luning Prak, P. J.[Peter J.]; Cowart, J. S.[Jim S.]; Trulove, P. C.[Paul C.] (2017). Densities and Viscosities at 293.15 373.15 K, Speeds of Sound and Bulk Moduli at 293.15 333.15 K, Surface Tensions, and Flash Points of Binary Mixtures of n-Hexadecane and Alkylbenzenes at 0.1 MPa. J. Chem. Eng. Data 62, 1673-1688. https://doi.org/10.1021/acs.jced.7b00087",10.1021/acs.jced.7b00087,https://doi.org/10.1021/acs.jced.7b00087,NIST ThermoML experimental,journal publisher / NIST ThermoML,Article metadata and pure-property data accessed through NIST ThermoML.
REF-0365,"Ju, Shen, et al., 1940 Ju, T.Y.; Shen, G.; Wood, C.E., Synthesis and properties of mononormal-alkylbenzenes. II. preparation and properties of the intermediate ketones and corresponding hydrocarbons., J. Inst. Pet., 1940, 26, 514. [all data]",,https://webbook.nist.gov/cgi/cbook.cgi?ID=C123013&Units=SI&Mask=6,NIST Chemistry WebBook evaluated/compiled value,webbook.nist.gov,Source-specific property URL and source label retained from the selected database annotation.
REF-0366,"Sharrah and Feighner, 1954 Sharrah, M.L.; Feighner, G.C., Ind. Eng. Chem., 1954, 46, 248. [all data]",,https://webbook.nist.gov/cgi/cbook.cgi?ID=C123013&Units=SI&Mask=6,NIST Chemistry WebBook evaluated/compiled value,webbook.nist.gov,Source-specific property URL and source label retained from the selected database annotation.
REF-0367,CAMEO Chemicals,,https://cameochemicals.noaa.gov/chemical/21088,PubChem source-linked experimental annotation,cameochemicals.noaa.gov,Source-specific property URL and source label retained from the selected database annotation.
REF-0368,"PAC Chemical Database, U.S. Department of Energy",,https://emhub1.energy.gov/pacteel/search#95-93-2,PubChem source-linked experimental annotation,emhub1.energy.gov,Source-specific property URL and source label retained from the selected database annotation.
REF-0369,"Mears, Stanley, et al., 1963 Mears, T.W.; Stanley, C.L.; Compere, E.L.; Howard, F.L., Synthesis, purification, and physical properties of seven twelve-carbon hyd rocarbons, J. Res. Natl. Bur. Stand., Sect. A, 1963, 67, 475. [all data]",,https://webbook.nist.gov/cgi/cbook.cgi?ID=C1077163&Units=SI&Mask=6,NIST Chemistry WebBook evaluated/compiled value,webbook.nist.gov,Source-specific property URL and source label retained from the selected database annotation.
REF-0370,NIST Chemistry WebBook evaluated normal boiling point: Average of 23 values; Individual data points,,https://webbook.nist.gov/cgi/cbook.cgi?ID=C1077163&Units=SI&Type=TBOIL,NIST Chemistry WebBook evaluated/compiled value,webbook.nist.gov,Source-specific property URL and source label retained from the selected database annotation.
REF-0371,NIST Chemistry WebBook evaluated fusion temperature: Average of 7 values; Individual data points,,https://webbook.nist.gov/cgi/cbook.cgi?ID=C2189608&Units=SI&Type=TFREEZE,NIST Chemistry WebBook evaluated/compiled value,webbook.nist.gov,Source-specific property URL and source label retained from the selected database annotation.
REF-0372,NIST Chemistry WebBook evaluated normal boiling point: Average of 11 values; Individual data points,,https://webbook.nist.gov/cgi/cbook.cgi?ID=C2189608&Units=SI&Type=TBOIL,NIST Chemistry WebBook evaluated/compiled value,webbook.nist.gov,Source-specific property URL and source label retained from the selected database annotation.
REF-0373,"Wisniak, J.[Jaime]; Cortez, G.[Gladis]; Peralta, R. D.[Rene D.]; Infante, R.[Ramiro]; Elizalde, L. E.[Luis E.]; Amaro, T. A.[Tlaloc A.]; Garcia, O.[Omar]; Soto, H.[Homero] (2008). Density, excess volume, and excess coefficient of thermal expansion of the binary systems of dimethyl carbonate with butyl methacrylate, allyl methacrylate, styrene, and vinyl acetate at T = (293.15, 303.15, and 313.15) K. J. Chem. Thermodyn. 40, 1671-1683. https://doi.org/10.1016/j.jct.2008.06.017",10.1016/j.jct.2008.06.017,https://doi.org/10.1016/j.jct.2008.06.017,NIST ThermoML experimental,journal publisher / NIST ThermoML,Article metadata and pure-property data accessed through NIST ThermoML.
REF-0374,Hazardous Substances Data Bank (HSDB),,https://pubchem.ncbi.nlm.nih.gov/source/hsdb/171,PubChem source-linked experimental annotation,pubchem.ncbi.nlm.nih.gov,Source-specific property URL and source label retained from the selected database annotation.
REF-0375,"PAC Chemical Database, U.S. Department of Energy",,https://emhub1.energy.gov/pacteel/search#100-42-5,PubChem source-linked experimental annotation,emhub1.energy.gov,Source-specific property URL and source label retained from the selected database annotation.
REF-0376,"Marongiu, B.; Pusceddu, E.; Porcedda, S.[Silvia]; Lepori, L.; Matteoli, E. (2006). Thermodynamic study of 1,1,2,2-tetrachloroethane + hydrocarbon mixtures I. Excess and solvation enthalpies. Fluid Phase Equilib. 250, 105-115. https://doi.org/10.1016/j.fluid.2006.10.013",10.1016/j.fluid.2006.10.013,https://doi.org/10.1016/j.fluid.2006.10.013,NIST ThermoML experimental,journal publisher / NIST ThermoML,Article metadata and pure-property data accessed through NIST ThermoML.
REF-0377,Hazardous Substances Data Bank (HSDB),,https://pubchem.ncbi.nlm.nih.gov/source/hsdb/5315,PubChem source-linked experimental annotation,pubchem.ncbi.nlm.nih.gov,Source-specific property URL and source label retained from the selected database annotation.
REF-0378,"PAC Chemical Database, U.S. Department of Energy",,https://emhub1.energy.gov/pacteel/search#98-06-6,PubChem source-linked experimental annotation,emhub1.energy.gov,Source-specific property URL and source label retained from the selected database annotation.
REF-0379,Hazardous Substances Data Bank (HSDB),,https://pubchem.ncbi.nlm.nih.gov/source/hsdb/5173,PubChem source-linked experimental annotation,pubchem.ncbi.nlm.nih.gov,Source-specific property URL and source label retained from the selected database annotation.
REF-0380,Hazardous Substances Data Bank (HSDB),,https://pubchem.ncbi.nlm.nih.gov/source/hsdb/5177,PubChem source-linked experimental annotation,pubchem.ncbi.nlm.nih.gov,Source-specific property URL and source label retained from the selected database annotation.
REF-0381,"Morton, Davidson, et al., 1942 Morton, A.A.; Davidson, J.B.; Best, R.J., Condensation by Sodium XXI. n-Octyl and n-Decylsodium, J. Am. Chem. Soc., 1942, 64, 2239. [all data]",,https://webbook.nist.gov/cgi/cbook.cgi?ID=C6742547&Units=SI&Mask=6,NIST Chemistry WebBook evaluated/compiled value,webbook.nist.gov,Source-specific property URL and source label retained from the selected database annotation.
REF-0382,"Steele and Watt, 1977 Steele, W.V.; Watt, I., The standard enthalpies of formation of adamantanoid compounds 4. Methyladamantanes, J. Chem. Thermodyn., 1977, 9, 843-849. [all data] | Varushchenko, Pashchenko, et al., 2001 Varushchenko, R.M.; Pashchenko, L.L.; Druzhinina, A.I.; Abramenkov, A.V.; Pimersin, A.A., Thermodynamics of vaporization of some alkyladamantanes, The Journal of Chemical Thermodynamics, 2001, 33, 7, 733-744, https://doi.org/10.1006/jcht.2000.0773 . [all data] | Steele and Watt, 1977 Steele, W.V.; Watt, I., The standard enthalpies of formation of adamantanoid compounds 4. Methyladamantanes, J. Chem. Thermodyn., 1977, 9, 843-849. [all data] | Varushchenko, Pashchenko, et al., 2001 Varushchenko, R.M.; Pashchenko, L.L.; Druzhinina, A.I.; Abramenkov, A.V.; Pimersin, A.A., Thermodynamics of vaporization of some alkyladamantanes, The Journal of Chemical Thermodynamics, 2001, 33, 7, 733-744, https://doi.org/10.1006/jcht.2000.0773 . [all data] | Cox, Wagman, et al., 1984 Cox, J.D.; Wagman, D.D.; Medvedev, V.A., CODATA Key Values for Thermodynamics, Hemisphere Publishing Corp., New York, 1984, 1. [all data]",,https://webbook.nist.gov/cgi/cbook.cgi?ID=C702794&Units=SI&Mask=6,NIST Chemistry WebBook thermochemistry + explicit Hess-law derivation,webbook.nist.gov,Source-specific property URL and source label retained from the selected database annotation.
REF-0383,"Zhao, L.[Lu]; Ye, D.[Dengfeng]; Guo, Y.[Yongsheng]; Fang, W.[Wenjun] (2019). Density and Viscosity of Ternary Mixture of Cyclopentanol + exo-Tetrahydrodicyclopentadiene + 1,3-Dimethyladamantane. J. Chem. Eng. Data 64, 2558-2567. https://doi.org/10.1021/acs.jced.9b00074",10.1021/acs.jced.9b00074,https://doi.org/10.1021/acs.jced.9b00074,NIST ThermoML experimental,journal publisher / NIST ThermoML,Article metadata and pure-property data accessed through NIST ThermoML.
REF-0384,"Clark, Knox, et al., 1977 Clark, Timothy; Knox, Trevor Mc.O.; Mackle, Henry; McKervey, M. Anthony, Order--disorder transitions in substituted adamantanes, J. Chem. Soc., Faraday Trans. 1, 1977, 73, 0, 1224, https://doi.org/10.1039/f19777301224 . [all data]",,https://webbook.nist.gov/cgi/cbook.cgi?ID=C702794&Units=SI&Mask=6,NIST Chemistry WebBook evaluated/compiled value,webbook.nist.gov,Source-specific property URL and source label retained from the selected database annotation.
REF-0385,"Anonymous, 1969 Anonymous, R., Freon Fluorocarbons - properties and applications, E. I. Du Pont, Freon Product Information, B-2, 1969. [all data]",,https://webbook.nist.gov/cgi/cbook.cgi?ID=C702794&Units=SI&Mask=6,NIST Chemistry WebBook evaluated/compiled value,webbook.nist.gov,Source-specific property URL and source label retained from the selected database annotation.
REF-0386,Hazardous Substances Data Bank (HSDB),,https://pubchem.ncbi.nlm.nih.gov/source/hsdb/321,PubChem source-linked experimental annotation,pubchem.ncbi.nlm.nih.gov,Source-specific property URL and source label retained from the selected database annotation.
REF-0387,"PAC Chemical Database, U.S. Department of Energy",,https://emhub1.energy.gov/pacteel/search#77-73-6,PubChem source-linked experimental annotation,emhub1.energy.gov,Source-specific property URL and source label retained from the selected database annotation.
REF-0388,Hazardous Substances Data Bank (HSDB),,https://pubchem.ncbi.nlm.nih.gov/source/hsdb/6024,PubChem source-linked experimental annotation,pubchem.ncbi.nlm.nih.gov,Source-specific property URL and source label retained from the selected database annotation.
REF-0389,"Hipsher and Wise, 1954 Hipsher, H.F.; Wise, P.H., Dicyclic hydrocarbons. VIII. 1-Alkylnaphthalenes and some of their tetrahydro derivatives, J. Am. Chem. Soc., 1954, 76, 1747-1748. [all data] | Cox, Wagman, et al., 1984 Cox, J.D.; Wagman, D.D.; Medvedev, V.A., CODATA Key Values for Thermodynamics, Hemisphere Publishing Corp., New York, 1984, 1. [all data]",,https://webbook.nist.gov/cgi/cbook.cgi?ID=C1634099&Units=SI&Mask=6,NIST Chemistry WebBook thermochemistry + explicit Hess-law derivation,webbook.nist.gov,Source-specific property URL and source label retained from the selected database annotation.
REF-0390,"Hipsher and Wise, 1954, 2 Hipsher, H.F.; Wise, P.H., Dicyclic Hydrocarbons VIII. 1-Alkylnaphthalenes and Some of Their Tetrahydro Derivatives, J. Am. Chem. Soc., 1954, 76, 1747-8. [all data]",,https://webbook.nist.gov/cgi/cbook.cgi?ID=C1634099&Units=SI&Mask=6,NIST Chemistry WebBook evaluated/compiled value,webbook.nist.gov,Source-specific property URL and source label retained from the selected database annotation.
REF-0391,NIST Chemistry WebBook evaluated normal boiling point: Average of 11 values; Individual data points,,https://webbook.nist.gov/cgi/cbook.cgi?ID=C1634099&Units=SI&Type=TBOIL,NIST Chemistry WebBook evaluated/compiled value,webbook.nist.gov,Source-specific property URL and source label retained from the selected database annotation.
REF-0392,"Hipsher and Wise, 1954 Hipsher, H.F.; Wise, P.H., Dicyclic hydrocarbons. VIII. 1-Alkylnaphthalenes and some of their tetrahydro derivatives, J. Am. Chem. Soc., 1954, 76, 1747-1748. [all data] | Cox, Wagman, et al., 1984 Cox, J.D.; Wagman, D.D.; Medvedev, V.A., CODATA Key Values for Thermodynamics, Hemisphere Publishing Corp., New York, 1984, 1. [all data]",,https://webbook.nist.gov/cgi/cbook.cgi?ID=C1127760&Units=SI&Mask=6,NIST Chemistry WebBook thermochemistry + explicit Hess-law derivation,webbook.nist.gov,Source-specific property URL and source label retained from the selected database annotation.
REF-0393,"Hipsher and Wise, 1954, 2 Hipsher, H.F.; Wise, P.H., Dicyclic Hydrocarbons VIII. 1-Alkylnaphthalenes and Some of Their Tetrahydro Derivatives, J. Am. Chem. Soc., 1954, 76, 1747-8. [all data]",,https://webbook.nist.gov/cgi/cbook.cgi?ID=C1127760&Units=SI&Mask=6,NIST Chemistry WebBook evaluated/compiled value,webbook.nist.gov,Source-specific property URL and source label retained from the selected database annotation.
REF-0394,NIST Chemistry WebBook evaluated normal boiling point: Average of 17 values; Individual data points,,https://webbook.nist.gov/cgi/cbook.cgi?ID=C1127760&Units=SI&Type=TBOIL,NIST Chemistry WebBook evaluated/compiled value,webbook.nist.gov,Source-specific property URL and source label retained from the selected database annotation.
REF-0395,"Hipsher and Wise, 1954 Hipsher, H.F.; Wise, P.H., Dicyclic hydrocarbons. VIII. 1-Alkylnaphthalenes and some of their tetrahydro derivatives, J. Am. Chem. Soc., 1954, 76, 1747-1748. [all data] | Cox, Wagman, et al., 1984 Cox, J.D.; Wagman, D.D.; Medvedev, V.A., CODATA Key Values for Thermodynamics, Hemisphere Publishing Corp., New York, 1984, 1. [all data]",,https://webbook.nist.gov/cgi/cbook.cgi?ID=C2765186&Units=SI&Mask=6,NIST Chemistry WebBook thermochemistry + explicit Hess-law derivation,webbook.nist.gov,Source-specific property URL and source label retained from the selected database annotation.
REF-0396,"Hipsher and Wise, 1954, 2 Hipsher, H.F.; Wise, P.H., Dicyclic Hydrocarbons VIII. 1-Alkylnaphthalenes and Some of Their Tetrahydro Derivatives, J. Am. Chem. Soc., 1954, 76, 1747-8. [all data]",,https://webbook.nist.gov/cgi/cbook.cgi?ID=C2765186&Units=SI&Mask=6,NIST Chemistry WebBook evaluated/compiled value,webbook.nist.gov,Source-specific property URL and source label retained from the selected database annotation.
REF-0397,NIST Chemistry WebBook evaluated normal boiling point: Average of 9 values; Individual data points,,https://webbook.nist.gov/cgi/cbook.cgi?ID=C2765186&Units=SI&Type=TBOIL,NIST Chemistry WebBook evaluated/compiled value,webbook.nist.gov,Source-specific property URL and source label retained from the selected database annotation.
REF-0398,"Speros and Rossini, 1960 Speros, D.M.; Rossini, F.D., Heats of combustion and formation of naphthalene, the two methylnaphthalenes, cis and trans decahydronaphthalene and related compounds, J. Phys. Chem., 1960, 64, 1723-1727. [all data] | Glaser and Ruland, 1957 Glaser, F.; Ruland, H., Untersuchungsen über dampfdruckkurven und kritische daten einiger technisch wichtiger organischer substanzen, Chem. Ing. Techn., 1957, 29, 772. [all data] | Speros and Rossini, 1960 Speros, D.M.; Rossini, F.D., Heats of combustion and formation of naphthalene, the two methylnaphthalenes, cis and trans decahydronaphthalene and related compounds, J. Phys. Chem., 1960, 64, 1723-1727. [all data] | Glaser and Ruland, 1957 Glaser, F.; Ruland, H., Untersuchungsen über dampfdruckkurven und kritische daten einiger technisch wichtiger organischer substanzen, Chem. Ing. Techn., 1957, 29, 772. [all data] | Cox, Wagman, et al., 1984 Cox, J.D.; Wagman, D.D.; Medvedev, V.A., CODATA Key Values for Thermodynamics, Hemisphere Publishing Corp., New York, 1984, 1. [all data]",,https://webbook.nist.gov/cgi/cbook.cgi?ID=C91576&Units=SI&Mask=6,NIST Chemistry WebBook thermochemistry + explicit Hess-law derivation,webbook.nist.gov,Source-specific property URL and source label retained from the selected database annotation.
REF-0399,Hazardous Substances Data Bank (HSDB),,https://pubchem.ncbi.nlm.nih.gov/source/hsdb/5274,PubChem source-linked experimental annotation,pubchem.ncbi.nlm.nih.gov,Source-specific property URL and source label retained from the selected database annotation.
REF-0400,NIST Chemistry WebBook evaluated fusion temperature: Average of 15 out of 16 values; Individual data points,,https://webbook.nist.gov/cgi/cbook.cgi?ID=C91576&Units=SI&Type=TFREEZE,NIST Chemistry WebBook evaluated/compiled value,webbook.nist.gov,Source-specific property URL and source label retained from the selected database annotation.
REF-0401,NIST Chemistry WebBook evaluated normal boiling point: Average of 15 out of 16 values; Individual data points,,https://webbook.nist.gov/cgi/cbook.cgi?ID=C91576&Units=SI&Type=TBOIL,NIST Chemistry WebBook evaluated/compiled value,webbook.nist.gov,Source-specific property URL and source label retained from the selected database annotation.
REF-0402,"PAC Chemical Database, U.S. Department of Energy",,https://emhub1.energy.gov/pacteel/search#120-12-7,PubChem source-linked experimental annotation,emhub1.energy.gov,Source-specific property URL and source label retained from the selected database annotation.
REF-0403,Hazardous Substances Data Bank (HSDB),,https://pubchem.ncbi.nlm.nih.gov/source/hsdb/702,PubChem source-linked experimental annotation,pubchem.ncbi.nlm.nih.gov,Source-specific property URL and source label retained from the selected database annotation.
REF-0404,Hazardous Substances Data Bank (HSDB),,https://pubchem.ncbi.nlm.nih.gov/source/hsdb/530,PubChem source-linked experimental annotation,pubchem.ncbi.nlm.nih.gov,Source-specific property URL and source label retained from the selected database annotation.
REF-0405,"PAC Chemical Database, U.S. Department of Energy",,https://emhub1.energy.gov/pacteel/search#92-52-4,PubChem source-linked experimental annotation,emhub1.energy.gov,Source-specific property URL and source label retained from the selected database annotation.
REF-0406,Hazardous Substances Data Bank (HSDB),,https://pubchem.ncbi.nlm.nih.gov/source/hsdb/2810,PubChem source-linked experimental annotation,pubchem.ncbi.nlm.nih.gov,Source-specific property URL and source label retained from the selected database annotation.
REF-0407,"PAC Chemical Database, U.S. Department of Energy",,https://emhub1.energy.gov/pacteel/search#218-01-9,PubChem source-linked experimental annotation,emhub1.energy.gov,Source-specific property URL and source label retained from the selected database annotation.
REF-0408,CAMEO Chemicals,,https://cameochemicals.noaa.gov/chemical/25069,PubChem source-linked experimental annotation,cameochemicals.noaa.gov,Source-specific property URL and source label retained from the selected database annotation.
REF-0409,Hazardous Substances Data Bank (HSDB),,https://pubchem.ncbi.nlm.nih.gov/source/hsdb/2537,PubChem source-linked experimental annotation,pubchem.ncbi.nlm.nih.gov,Source-specific property URL and source label retained from the selected database annotation.
REF-0410,"Zhao, Unhannanant, et al., 2008 Zhao, Hui; Unhannanant, Patamaporn; Hanshaw, William; Chickos, James S., Enthalpies of Vaporization and Vapor Pressures of Some Deuterated Hydrocarbons. Liquid-Vapor Pressure Isotope Effects, J. Chem. Eng. Data, 2008, 53, 7, 1545-1556, https://doi.org/10.1021/je800091s . [all data] | Cox, Wagman, et al., 1984 Cox, J.D.; Wagman, D.D.; Medvedev, V.A., CODATA Key Values for Thermodynamics, Hemisphere Publishing Corp., New York, 1984, 1. [all data]",,https://webbook.nist.gov/cgi/cbook.cgi?ID=C91203&Units=SI&Mask=6,NIST Chemistry WebBook thermochemistry + explicit Hess-law derivation,webbook.nist.gov,Source-specific property URL and source label retained from the selected database annotation.
REF-0411,Hazardous Substances Data Bank (HSDB),,https://pubchem.ncbi.nlm.nih.gov/source/hsdb/184,PubChem source-linked experimental annotation,pubchem.ncbi.nlm.nih.gov,Source-specific property URL and source label retained from the selected database annotation.
REF-0412,NIST Chemistry WebBook evaluated fusion temperature: Average of 55 out of 57 values; Individual data points,,https://webbook.nist.gov/cgi/cbook.cgi?ID=C91203&Units=SI&Type=TFREEZE,NIST Chemistry WebBook evaluated/compiled value,webbook.nist.gov,Source-specific property URL and source label retained from the selected database annotation.
REF-0413,NIST Chemistry WebBook evaluated normal boiling point: Average of 10 out of 11 values; Individual data points,,https://webbook.nist.gov/cgi/cbook.cgi?ID=C91203&Units=SI&Type=TBOIL,NIST Chemistry WebBook evaluated/compiled value,webbook.nist.gov,Source-specific property URL and source label retained from the selected database annotation.
REF-0414,CAMEO Chemicals,,https://cameochemicals.noaa.gov/chemical/25068,PubChem source-linked experimental annotation,cameochemicals.noaa.gov,Source-specific property URL and source label retained from the selected database annotation.
REF-0415,Hazardous Substances Data Bank (HSDB),,https://pubchem.ncbi.nlm.nih.gov/source/hsdb/2538,PubChem source-linked experimental annotation,pubchem.ncbi.nlm.nih.gov,Source-specific property URL and source label retained from the selected database annotation.
REF-0416,"PAC Chemical Database, U.S. Department of Energy",,https://emhub1.energy.gov/pacteel/search#92-94-4,PubChem source-linked experimental annotation,emhub1.energy.gov,Source-specific property URL and source label retained from the selected database annotation.
REF-0417,Hazardous Substances Data Bank (HSDB),,https://pubchem.ncbi.nlm.nih.gov/source/hsdb/5280,PubChem source-linked experimental annotation,pubchem.ncbi.nlm.nih.gov,Source-specific property URL and source label retained from the selected database annotation.
REF-0418,Hazardous Substances Data Bank (HSDB),,https://pubchem.ncbi.nlm.nih.gov/source/hsdb/2166,PubChem source-linked experimental annotation,pubchem.ncbi.nlm.nih.gov,Source-specific property URL and source label retained from the selected database annotation.
REF-0419,"PAC Chemical Database, U.S. Department of Energy",,https://emhub1.energy.gov/pacteel/search#85-01-8,PubChem source-linked experimental annotation,emhub1.energy.gov,Source-specific property URL and source label retained from the selected database annotation.
REF-0420,Human Metabolome Database (HMDB),,https://www.hmdb.ca/metabolites/HMDB0036559,PubChem source-linked experimental annotation,www.hmdb.ca,Source-specific property URL and source label retained from the selected database annotation.
REF-0421,"Burwell, Shim, et al., 1957 Burwell, R.L.; Shim, B.K.C.; Rowlinson, H.C., The Exchange between Hydrocarbons and Deuterium on Plladium Catalysts, J. Am. Chem. Soc., 1957, 79, 5142. [all data]",,https://webbook.nist.gov/cgi/cbook.cgi?ID=C279232&Units=SI&Mask=6,NIST Chemistry WebBook evaluated/compiled value,webbook.nist.gov,Source-specific property URL and source label retained from the selected database annotation.
REF-0422,"Desty and Whyman, 1957 Desty, D.H.; Whyman, B.H.F., Anal. Chem., 1957, 29, 320. [all data]",,https://webbook.nist.gov/cgi/cbook.cgi?ID=C279232&Units=SI&Mask=6,NIST Chemistry WebBook evaluated/compiled value,webbook.nist.gov,Source-specific property URL and source label retained from the selected database annotation.
REF-0423,"Kozina, Skuratov, et al., 1961 Kozina, M.P.; Skuratov, S.M.; Shtekher, S.M.; Sosnina, I.E.; Turova-Polyak, M.B., Heats of combustion of some bicyclanes, Russ. J. Phys. Chem. (Engl. Transl.), 1961, 35, 1144-1146. [all data] | Cox, Wagman, et al., 1984 Cox, J.D.; Wagman, D.D.; Medvedev, V.A., CODATA Key Values for Thermodynamics, Hemisphere Publishing Corp., New York, 1984, 1. [all data]",,https://webbook.nist.gov/cgi/cbook.cgi?ID=C1606082&Units=SI&Mask=6,NIST Chemistry WebBook thermochemistry + explicit Hess-law derivation,webbook.nist.gov,Source-specific property URL and source label retained from the selected database annotation.
REF-0424,"Weast and Grasselli, 1989 CRC Handbook of Data on Organic Compounds, 2nd Editon, Weast,R.C and Grasselli, J.G., ed(s)., CRC Press, Inc., Boca Raton, FL, 1989, 1. [all data]",,https://webbook.nist.gov/cgi/cbook.cgi?ID=C1606082&Units=SI&Mask=6,NIST Chemistry WebBook evaluated/compiled value,webbook.nist.gov,Source-specific property URL and source label retained from the selected database annotation.
REF-0425,"Kozin, Mirzaeva, et al., 1964 Kozin, M.P.; Mirzaeva, A.K.; Sosina, I.E.; Elagina, N.V.; Skuratov, S.M., The heats of formation of spiro hydrocarbons, Dokl. Phys. Chem. (Engl. Transl.), 1964, 155, 375-377. [all data] | Cox, Wagman, et al., 1984 Cox, J.D.; Wagman, D.D.; Medvedev, V.A., CODATA Key Values for Thermodynamics, Hemisphere Publishing Corp., New York, 1984, 1. [all data]",,https://webbook.nist.gov/cgi/cbook.cgi?ID=C176636&Units=SI&Mask=6,NIST Chemistry WebBook thermochemistry + explicit Hess-law derivation,webbook.nist.gov,Source-specific property URL and source label retained from the selected database annotation.
REF-0426,"Turova-Pollyak, Sosnina, et al., 1957 Turova-Pollyak, M.B.; Sosnina, I.E.; Yudkina, T.P., Isomerization of Polymethylene Hydrocarbons und the Influence of Aluminum Chloride XX. Isomrization of Spiro[4.5]decane, Zh. Obshch. Khim., 1957, 27, 586-9. [all data]",,https://webbook.nist.gov/cgi/cbook.cgi?ID=C176636&Units=SI&Mask=6,NIST Chemistry WebBook evaluated/compiled value,webbook.nist.gov,Source-specific property URL and source label retained from the selected database annotation.
REF-0427,"Pensado, A. S.[Alfonso S.]; Comunas, M. J. P.[Maria J.P.]; Lugo, L.[Luis]; Fernandez, J.[Josefa] (2005). Experimental Dynamic Viscosities of 2,3-Dimethylpentane up to 60 MPa and from (303.15 to 353.15) K Using a Rolling-Ball Viscometer. J. Chem. Eng. Data 50, 849-855. https://doi.org/10.1021/je049662k",10.1021/je049662k,https://doi.org/10.1021/je049662k,NIST ThermoML experimental,journal publisher / NIST ThermoML,Article metadata and pure-property data accessed through NIST ThermoML.
REF-0428,"Petrov, Sergienko, et al., 1959 Petrov, A.A.; Sergienko, S.R.; Nechitailo, N.A.; Tsedilina, A.L., Izv. Akad. Nauk SSSR, 1959, 1959, 1091-7. [all data]",,https://webbook.nist.gov/cgi/cbook.cgi?ID=C1560936&Units=SI&Mask=6,NIST Chemistry WebBook evaluated/compiled value,webbook.nist.gov,Source-specific property URL and source label retained from the selected database annotation.
REF-0429,"Petrov, Pavlov, et al., 1941 Petrov, A.D.; Pavlov, A.M.; Makarov, Ya.A., Synthesis of 2-Ethyldecane and 2,5-Dimethylhendecane, Zh. Obshch. Khim., 1941, 11, 1104. [all data]",,https://webbook.nist.gov/cgi/cbook.cgi?ID=C17085960&Units=SI&Mask=6,NIST Chemistry WebBook evaluated/compiled value,webbook.nist.gov,Source-specific property URL and source label retained from the selected database annotation.
REF-0430,"Colonge and Berthoud, 1952 Colonge, J.; Berthoud, J., The Preparation of Several Pure Hydrocarbons, Bull. Soc. Chim. Fr., 1952, 1952, 211. [all data]",,https://webbook.nist.gov/cgi/cbook.cgi?ID=C17085960&Units=SI&Mask=6,NIST Chemistry WebBook evaluated/compiled value,webbook.nist.gov,Source-specific property URL and source label retained from the selected database annotation.
REF-0431,"Petrov and Kaplan, 1942 Petrov, A.D.; Kaplan, E.P., Zh. Obshch. Khim., 1942, 12, 99. [all data]",,https://webbook.nist.gov/cgi/cbook.cgi?ID=C1636415&Units=SI&Mask=6,NIST Chemistry WebBook evaluated/compiled value,webbook.nist.gov,Source-specific property URL and source label retained from the selected database annotation.
REF-0432,"Sherk, Auger, et al., 1945 Sherk, K.W.; Auger, M.V.; Soffer, M.D., High Molecular Weight Hydrocarbons I. Eicosane, 1-Phenyleicosane, and 3-Ethyleicosane, J. Am. Chem. Soc., 1945, 67, 2239. [all data]",,https://webbook.nist.gov/cgi/cbook.cgi?ID=C13287020&Units=SI&Mask=6,NIST Chemistry WebBook evaluated/compiled value,webbook.nist.gov,Source-specific property URL and source label retained from the selected database annotation.
REF-0433,"Landa and Sliva, 1932 Landa, S.; Sliva, V., Preparation of 2-Ethyloctadecane, Collect. Czech. Chem. Commun., 1932, 4, 538. [all data]",,https://webbook.nist.gov/cgi/cbook.cgi?ID=C13287020&Units=SI&Mask=6,NIST Chemistry WebBook evaluated/compiled value,webbook.nist.gov,Source-specific property URL and source label retained from the selected database annotation.
REF-0434,NIST Chemistry WebBook evaluated fusion temperature: Average of 7 values; Individual data points,,https://webbook.nist.gov/cgi/cbook.cgi?ID=C3875512&Units=SI&Type=TFREEZE,NIST Chemistry WebBook evaluated/compiled value,webbook.nist.gov,Source-specific property URL and source label retained from the selected database annotation.
REF-0435,NIST Chemistry WebBook evaluated normal boiling point: Average of 12 out of 15 values; Individual data points,,https://webbook.nist.gov/cgi/cbook.cgi?ID=C3875512&Units=SI&Type=TBOIL,NIST Chemistry WebBook evaluated/compiled value,webbook.nist.gov,Source-specific property URL and source label retained from the selected database annotation.
REF-0436,"Prosen, Johnson, et al., 1946 Prosen, E.J.; Johnson, W.H.; Rossini, F.D., Heats of formation and combustion of the normal alkylcyclopentanes and cyclohexanes and the increment per CH2 group for several homologous series of hydrocarbons, J. Res. NBS, 1946, 37, 51-56. [all data] | Cox, Wagman, et al., 1984 Cox, J.D.; Wagman, D.D.; Medvedev, V.A., CODATA Key Values for Thermodynamics, Hemisphere Publishing Corp., New York, 1984, 1. [all data]",,https://webbook.nist.gov/cgi/cbook.cgi?ID=C3741002&Units=SI&Mask=6,NIST Chemistry WebBook thermochemistry + explicit Hess-law derivation,webbook.nist.gov,Source-specific property URL and source label retained from the selected database annotation.
REF-0437,"Larsen, Thorpe, et al., 1942 Larsen, R.G.; Thorpe, R.E.; Armfield, F.A., Oxidation Characteristics of Pure Hydrocarbons, Ind. Eng. Chem., 1942, 34, 183. [all data]",,https://webbook.nist.gov/cgi/cbook.cgi?ID=C3741002&Units=SI&Mask=6,NIST Chemistry WebBook evaluated/compiled value,webbook.nist.gov,Source-specific property URL and source label retained from the selected database annotation.
REF-0438,"Boord, Perilstein, et al., 1944 Boord, C.E.; Perilstein, W.L.; Greenlee, K.W., , Am. Pet. Inst. Hydrocarbon Res. Proj., Sixth Annu. Ref., Ohio State Univ., Aug. 31, 1944. [all data]",,https://webbook.nist.gov/cgi/cbook.cgi?ID=C3178221&Units=SI&Mask=6,NIST Chemistry WebBook evaluated/compiled value,webbook.nist.gov,Source-specific property URL and source label retained from the selected database annotation.
REF-0439,NIST Chemistry WebBook evaluated normal boiling point: Average of 6 values; Individual data points,,https://webbook.nist.gov/cgi/cbook.cgi?ID=C3178221&Units=SI&Type=TBOIL,NIST Chemistry WebBook evaluated/compiled value,webbook.nist.gov,Source-specific property URL and source label retained from the selected database annotation.
REF-0440,"McCaulay, Lien, et al., 1954 McCaulay, D.A.; Lien, A.P.; Launer, P.J., J. Am. Chem. Soc., 1954, 76, 2354. [all data]",,https://webbook.nist.gov/cgi/cbook.cgi?ID=C717748&Units=SI&Mask=6,NIST Chemistry WebBook evaluated/compiled value,webbook.nist.gov,Source-specific property URL and source label retained from the selected database annotation.
REF-0441,"Aldrich Chemical Company Inc., 1990 Aldrich Chemical Company Inc., Catalog Handbook of Fine Chemicals, Aldrich Chemical Company, Inc., Milwaukee WI, 1990, 1. [all data]",,https://webbook.nist.gov/cgi/cbook.cgi?ID=C717748&Units=SI&Mask=6,NIST Chemistry WebBook evaluated/compiled value,webbook.nist.gov,Source-specific property URL and source label retained from the selected database annotation.
REF-0442,"Good, 1971 Good, W.D., The enthalpies of combustion and formation of indan and seven alkylindans, J. Chem. Thermodyn., 1971, 3, 711-717. [all data] | Cox, Wagman, et al., 1984 Cox, J.D.; Wagman, D.D.; Medvedev, V.A., CODATA Key Values for Thermodynamics, Hemisphere Publishing Corp., New York, 1984, 1. [all data]",,https://webbook.nist.gov/cgi/cbook.cgi?ID=C6682719&Units=SI&Mask=6,NIST Chemistry WebBook thermochemistry + explicit Hess-law derivation,webbook.nist.gov,Source-specific property URL and source label retained from the selected database annotation.
REF-0443,"Lee-Bechtold, Finke, et al., 1981, 2 Lee-Bechtold, S.H.; Finke, H.L.; Messerly, J.F.; Scott, D.W., Thermodynamic properties of methyl-substitued indans, J. Chem. Thernodyn., 1981, 13, 213-28. [all data]",,https://webbook.nist.gov/cgi/cbook.cgi?ID=C6682719&Units=SI&Mask=6,NIST Chemistry WebBook evaluated/compiled value,webbook.nist.gov,Source-specific property URL and source label retained from the selected database annotation.
REF-0444,"Simon, 1929 Simon, I., solid–liquid phase-transition temperature of Organic Compounds. XI. Compounds in C5 and C6., Bull. Soc. Chim. Belg., 1929, 38, 47-70. [all data]",,https://webbook.nist.gov/cgi/cbook.cgi?ID=C538681&Units=SI&Mask=6,NIST Chemistry WebBook evaluated/compiled value,webbook.nist.gov,Source-specific property URL and source label retained from the selected database annotation.
REF-0445,NIST Chemistry WebBook evaluated normal boiling point: Average of 22 values; Individual data points,,https://webbook.nist.gov/cgi/cbook.cgi?ID=C538681&Units=SI&Type=TBOIL,NIST Chemistry WebBook evaluated/compiled value,webbook.nist.gov,Source-specific property URL and source label retained from the selected database annotation.
REF-0446,"Qiu, T.[Ting]; Li, S.-j.[Su-juan]; Li, S.-y.[Shu-ying]; Wu, Y.-x.[Yan-xiang] (2009). Liquid liquid phase equilibria of the ternary system of water/1,4-dioxane/dihydromyrcene. Fluid Phase Equilib. 280, 84-87. https://doi.org/10.1016/j.fluid.2009.03.017",10.1016/j.fluid.2009.03.017,https://doi.org/10.1016/j.fluid.2009.03.017,NIST ThermoML experimental,journal publisher / NIST ThermoML,Article metadata and pure-property data accessed through NIST ThermoML.
REF-0447,Human Metabolome Database (HMDB),,https://www.hmdb.ca/metabolites/HMDB0035658,PubChem source-linked experimental annotation,www.hmdb.ca,Source-specific property URL and source label retained from the selected database annotation.
REF-0448,"Kozina, 1976 Kozina, M.P., Enthalpies of combustion and formation of bicyclic and polycyclic hydrocarbons, Sovrem. Probl. Fiz. Khim., 1976, 9, 198-225. [all data] | Cox, Wagman, et al., 1984 Cox, J.D.; Wagman, D.D.; Medvedev, V.A., CODATA Key Values for Thermodynamics, Hemisphere Publishing Corp., New York, 1984, 1. [all data]",,https://webbook.nist.gov/cgi/cbook.cgi?ID=C10052183&Units=SI&Mask=6,NIST Chemistry WebBook thermochemistry + explicit Hess-law derivation,webbook.nist.gov,Source-specific property URL and source label retained from the selected database annotation.
REF-0449,"Subach and Zwolinski, 1975 Subach, D.J.; Zwolinski, B.J., Enthalpies of combustion and formation of [4,5], [5,5], and [5,6]spiroalkanes, J. Chem. Thermodyn., 1975, 7, 493-498. [all data] | Cox, Wagman, et al., 1984 Cox, J.D.; Wagman, D.D.; Medvedev, V.A., CODATA Key Values for Thermodynamics, Hemisphere Publishing Corp., New York, 1984, 1. [all data]",,https://webbook.nist.gov/cgi/cbook.cgi?ID=C181157&Units=SI&Mask=6,NIST Chemistry WebBook thermochemistry + explicit Hess-law derivation,webbook.nist.gov,Source-specific property URL and source label retained from the selected database annotation.
REF-0450,NIST Chemistry WebBook evaluated normal boiling point: Average of 7 values; Individual data points,,https://webbook.nist.gov/cgi/cbook.cgi?ID=C3074713&Units=SI&Type=TBOIL,NIST Chemistry WebBook evaluated/compiled value,webbook.nist.gov,Source-specific property URL and source label retained from the selected database annotation.
REF-0451,"Krafft, 1882 Krafft, F., On Nineteen Higher Normal Paraffins and a Simple Volume Law for Liquids that form Drops I., Ber. Dtsch. Chem. Ges., 1882, 15, 1687-711. [all data]",,https://webbook.nist.gov/cgi/cbook.cgi?ID=C2884062&Units=SI&Mask=6,NIST Chemistry WebBook evaluated/compiled value,webbook.nist.gov,Source-specific property URL and source label retained from the selected database annotation.
REF-0452,"Petrov, Sergienko, et al., 1959 Petrov, A.A.; Sergienko, S.R.; Tsedilina, A.L.; Nechitailo, N.A.; Sanin, P.I.; Nikitskaya, E.A., Izv. Akad. Nauk SSSR, 1959, 1959, 1421-4. [all data]",,https://webbook.nist.gov/cgi/cbook.cgi?ID=C17312504&Units=SI&Mask=6,NIST Chemistry WebBook evaluated/compiled value,webbook.nist.gov,Source-specific property URL and source label retained from the selected database annotation.
REF-0453,"Shuikin and Cherkashin, 1957 Shuikin, N.I.; Cherkashin, M.I., Some Specific Characteristics of A Skeletal Nickel-Aluminum Catalyst in the Hydrogenolysis of A Cyclopentane Ring, Izv. Akad. Nauk SSSR, 1957, 1957, 1256. [all data]",,https://webbook.nist.gov/cgi/cbook.cgi?ID=C15869893&Units=SI&Mask=6,NIST Chemistry WebBook evaluated/compiled value,webbook.nist.gov,Source-specific property URL and source label retained from the selected database annotation.
REF-0454,"Petrov, Pavlov, et al., 1941 Petrov, A.D.; Pavlov, A.M.; Makarov, Ya.A., Synthesis of 2-Ethyldecane and 2,5-Dimethylhendecane, Zh. Obshch. Khim., 1941, 11, 1104. [all data]",,https://webbook.nist.gov/cgi/cbook.cgi?ID=C17301223&Units=SI&Mask=6,NIST Chemistry WebBook evaluated/compiled value,webbook.nist.gov,Source-specific property URL and source label retained from the selected database annotation.
REF-0455,"Terres, Gebert, et al., 1954 Terres, E.; Gebert, F.; Fischer, D.; Modak, G., Brennst.-Chem., 1954, 35, 263-9. [all data]",,https://webbook.nist.gov/cgi/cbook.cgi?ID=C1560889&Units=SI&Mask=6,NIST Chemistry WebBook evaluated/compiled value,webbook.nist.gov,Source-specific property URL and source label retained from the selected database annotation.
REF-0456,"Terres, Gebert, et al., 1954 Terres, E.; Gebert, F.; Fischer, D.; Modak, G., Brennst.-Chem., 1954, 35, 263-9. [all data]",,https://webbook.nist.gov/cgi/cbook.cgi?ID=C1560958&Units=SI&Mask=6,NIST Chemistry WebBook evaluated/compiled value,webbook.nist.gov,Source-specific property URL and source label retained from the selected database annotation.
REF-0457,"Petrov, Sergienko, et al., 1959 Petrov, A.A.; Sergienko, S.R.; Nechitailo, N.A.; Tsedilina, A.L., Izv. Akad. Nauk SSSR, 1959, 1959, 1091-7. [all data]",,https://webbook.nist.gov/cgi/cbook.cgi?ID=C1632708&Units=SI&Mask=6,NIST Chemistry WebBook evaluated/compiled value,webbook.nist.gov,Source-specific property URL and source label retained from the selected database annotation.
REF-0458,"Petrov, 1941 Petrov, A.D., Izv. Akad. Nauk SSSR, 1941, 1941, 533. [all data]",,https://webbook.nist.gov/cgi/cbook.cgi?ID=C18869722&Units=SI&Mask=6,NIST Chemistry WebBook evaluated/compiled value,webbook.nist.gov,Source-specific property URL and source label retained from the selected database annotation.
REF-0459,"Schmerling, 1949 Schmerling, L., Condensation of Saturated Halidesw with Unsaturated Compounds V. Conden- sation of Cycloalkyl Halides with Ethylene and Vinyl Halides, J. Am. Chem. Soc., 1949, 71, 698. [all data]",,https://webbook.nist.gov/cgi/cbook.cgi?ID=C78013&Units=SI&Mask=6,NIST Chemistry WebBook evaluated/compiled value,webbook.nist.gov,Source-specific property URL and source label retained from the selected database annotation.
REF-0460,"Bruno, T. J.[Thomas J.]; Fortin, T.[Tara]; Lovestead, T.[Tara]; Widegren, J.[Jason] (2012). Chemical and Thermophysical Characterization of 1,3,5-Triisopropylcyclohexane. J. Chem. Eng. Data 57, 2343-2349. https://doi.org/10.1021/je3005479",10.1021/je3005479,https://doi.org/10.1021/je3005479,NIST ThermoML experimental,journal publisher / NIST ThermoML,Article metadata and pure-property data accessed through NIST ThermoML.
REF-0461,NIST Chemistry WebBook evaluated normal boiling point: Average of 15 values; Individual data points,,https://webbook.nist.gov/cgi/cbook.cgi?ID=C1839630&Units=SI&Type=TBOIL,NIST Chemistry WebBook evaluated/compiled value,webbook.nist.gov,Source-specific property URL and source label retained from the selected database annotation.
REF-0462,"Liberman, Lapshina, et al., 1956 Liberman, A.L.; Lapshina, T.V.; Kazanskii, B.A., Dokl. Akad. Nauk SSSR, 1956, 107, 93. [all data]",,https://webbook.nist.gov/cgi/cbook.cgi?ID=C22907728&Units=SI&Mask=6,NIST Chemistry WebBook evaluated/compiled value,webbook.nist.gov,Source-specific property URL and source label retained from the selected database annotation.
REF-0463,"Signaigo and Cramer, 1933 Signaigo, F.K.; Cramer, P.L., The preparation of some mono- and dialkylcylohexanes, J. Am. Chem. Soc., 1933, 55, 3326-32. [all data]",,https://webbook.nist.gov/cgi/cbook.cgi?ID=C4291809&Units=SI&Mask=6,NIST Chemistry WebBook evaluated/compiled value,webbook.nist.gov,Source-specific property URL and source label retained from the selected database annotation.
REF-0464,"Aldrich Chemical Company Inc., 1990 Aldrich Chemical Company Inc., Catalog Handbook of Fine Chemicals, Aldrich Chemical Company, Inc., Milwaukee WI, 1990, 1. [all data]",,https://webbook.nist.gov/cgi/cbook.cgi?ID=C1501822&Units=SI&Mask=6,NIST Chemistry WebBook evaluated/compiled value,webbook.nist.gov,Source-specific property URL and source label retained from the selected database annotation.
REF-0465,"Hahn, Corbin, et al., 1968 Hahn, R.C.; Corbin, T.F.; Shechter, H., Electrical Effects of Cycloalkyl Groups, J. Am. Chem. Soc., 1968, 90, 3404-15. [all data]",,https://webbook.nist.gov/cgi/cbook.cgi?ID=C700889&Units=SI&Mask=6,NIST Chemistry WebBook evaluated/compiled value,webbook.nist.gov,Source-specific property URL and source label retained from the selected database annotation.
REF-0466,NIST Chemistry WebBook evaluated normal boiling point: Average of 17 out of 18 values; Individual data points,,https://webbook.nist.gov/cgi/cbook.cgi?ID=C1078713&Units=SI&Type=TBOIL,NIST Chemistry WebBook evaluated/compiled value,webbook.nist.gov,Source-specific property URL and source label retained from the selected database annotation.
REF-0467,"Rathnam, M. V.[Manapragada V.]; Jain, K.[Kirti]; Kumar, M. S.[Manapragada S.] (2010). Physical Properties of Binary Mixtures of Ethyl Formate with Benzene, Isopropyl Benzene, Isobutyl Benzene, and Butylbenzene at (303.15, 308.15, and 313.15) K. J. Chem. Eng. Data 55, 1722-1726. https://doi.org/10.1021/je900689m",10.1021/je900689m,https://doi.org/10.1021/je900689m,NIST ThermoML experimental,journal publisher / NIST ThermoML,Article metadata and pure-property data accessed through NIST ThermoML.
REF-0468,NIST Chemistry WebBook evaluated normal boiling point: Average of 9 values; Individual data points,,https://webbook.nist.gov/cgi/cbook.cgi?ID=C1081772&Units=SI&Type=TBOIL,NIST Chemistry WebBook evaluated/compiled value,webbook.nist.gov,Source-specific property URL and source label retained from the selected database annotation.
REF-0469,"Cao, X.[Xiaofang]; Qin, X.[Xiaomei]; Wu, X.[Xi]; Guo, Y.[Yongsheng]; Xu, L.[Li]; Fang, W.[Wenjun] (2014). Density, Viscosity, Refractive Index, and Surface Tension for Six Binary Systems of Adamantane Derivatives with 1-Heptanol and Cyclohexylmethanol. J. Chem. Eng. Data 59, 2602-2613. https://doi.org/10.1021/je500381c",10.1021/je500381c,https://doi.org/10.1021/je500381c,NIST ThermoML experimental,journal publisher / NIST ThermoML,Article metadata and pure-property data accessed through NIST ThermoML.
REF-0470,"Clark, Knox, et al., 1977 Clark, Timothy; Knox, Trevor Mc.O.; Mackle, Henry; McKervey, M. Anthony, Order--disorder transitions in substituted adamantanes, J. Chem. Soc., Faraday Trans. 1, 1977, 73, 0, 1224, https://doi.org/10.1039/f19777301224 . [all data]",,https://webbook.nist.gov/cgi/cbook.cgi?ID=C700561&Units=SI&Mask=6,NIST Chemistry WebBook evaluated/compiled value,webbook.nist.gov,Source-specific property URL and source label retained from the selected database annotation.
REF-0471,"Pimenova, S.M.; Lukyanova, V.A.; Ilin, D.Yu.; Druzhinina, A.I.; Dorofeeva, O.V. (2019). Standard enthalpies of formation of dicyclopropyldinitromethane and tricyclopropylmethane. J. Chem. Thermodyn. 132, 316-321. https://doi.org/10.1016/j.jct.2018.12.040",10.1016/j.jct.2018.12.040,https://doi.org/10.1016/j.jct.2018.12.040,NIST ThermoML experimental,journal publisher / NIST ThermoML,Article metadata and pure-property data accessed through NIST ThermoML.
REF-0472,"Wei, H.[Hui]; Yongsheng, G.[Guo]; Yang, F.[Fengjun]; Fang, W.[Wenjun]; Lin, R.[Ruisen] (2010). Densities and Viscosities of exo-Tetrahydrodicyclopentadiene + n-Butanol and exo-Tetrahydrodicyclopentadiene + n-Pentanol at Temperatures of (293.15 to 313.15) K. J. Chem. Eng. Data 55, 1049-1052. https://doi.org/10.1021/je9005129",10.1021/je9005129,https://doi.org/10.1021/je9005129,NIST ThermoML experimental,journal publisher / NIST ThermoML,Article metadata and pure-property data accessed through NIST ThermoML.
REF-0473,"Weast and Grasselli, 1989 CRC Handbook of Data on Organic Compounds, 2nd Editon, Weast,R.C and Grasselli, J.G., ed(s)., CRC Press, Inc., Boca Raton, FL, 1989, 1. [all data]",,https://webbook.nist.gov/cgi/cbook.cgi?ID=C5744036&Units=SI&Mask=6,NIST Chemistry WebBook evaluated/compiled value,webbook.nist.gov,Source-specific property URL and source label retained from the selected database annotation.
REF-0474,"Larsen, Thorpe, et al., 1942 Larsen, R.G.; Thorpe, R.E.; Armfield, F.A., Oxidation Characteristics of Pure Hydrocarbons, Ind. Eng. Chem., 1942, 34, 183. [all data]",,https://webbook.nist.gov/cgi/cbook.cgi?ID=C6596356&Units=SI&Mask=6,NIST Chemistry WebBook evaluated/compiled value,webbook.nist.gov,Source-specific property URL and source label retained from the selected database annotation.
REF-0475,"Steele, 1978 Steele, W.V., The standard enthalpies of formation of a series of C7, bridged-ring hydrocarbons: norbornane, norbornene, nortricyclene, norbornadiene, and quadricyclane, J. Chem. Thermodyn., 1978, 10, 919-927. [all data] | Cox, Wagman, et al., 1984 Cox, J.D.; Wagman, D.D.; Medvedev, V.A., CODATA Key Values for Thermodynamics, Hemisphere Publishing Corp., New York, 1984, 1. [all data]",,https://webbook.nist.gov/cgi/cbook.cgi?ID=C279196&Units=SI&Mask=6,NIST Chemistry WebBook thermochemistry + explicit Hess-law derivation,webbook.nist.gov,Source-specific property URL and source label retained from the selected database annotation.
REF-0476,"Pimenova, Fogel, et al., 1974 Pimenova, S.M.; Fogel, L.; Kozina, M.P.; Galchenko, G.L., Heat of combustion of tricyclo[4.1.0.0(2,4)]heptane, J. Gen. Chem. USSR, 1974, 44, 1357-1358. [all data] | Cox, Wagman, et al., 1984 Cox, J.D.; Wagman, D.D.; Medvedev, V.A., CODATA Key Values for Thermodynamics, Hemisphere Publishing Corp., New York, 1984, 1. [all data]",,https://webbook.nist.gov/cgi/cbook.cgi?ID=C187268&Units=SI&Mask=6,NIST Chemistry WebBook thermochemistry + explicit Hess-law derivation,webbook.nist.gov,Source-specific property URL and source label retained from the selected database annotation.
REF-0477,"Hipsher and Wise, 1954 Hipsher, H.F.; Wise, P.H., Dicyclic hydrocarbons. VIII. 1-Alkylnaphthalenes and some of their tetrahydro derivatives, J. Am. Chem. Soc., 1954, 76, 1747-1748. [all data] | Cox, Wagman, et al., 1984 Cox, J.D.; Wagman, D.D.; Medvedev, V.A., CODATA Key Values for Thermodynamics, Hemisphere Publishing Corp., New York, 1984, 1. [all data]",,https://webbook.nist.gov/cgi/cbook.cgi?ID=C1320270&Units=SI&Mask=6,NIST Chemistry WebBook thermochemistry + explicit Hess-law derivation,webbook.nist.gov,Source-specific property URL and source label retained from the selected database annotation.
REF-0478,"OECD SIDS Camphene (CAS 79-92-5), IRPTC Data Profile: melting point 45–46 °C; boiling point 156–160 °C.",,https://hpvchemicals.oecd.org/ui/handler.axd?id=8DFF0F3F-8125-4542-83C2-8BC8D5F4AC8E,OECD SIDS compiled physicochemical property,hpvchemicals.oecd.org,Boiling-point range retained; midpoint used in the modeling table and grade B assigned.
REF-0479,ECNet properties_master.csv — curated chemical-property table.,,https://raw.githubusercontent.com/ecrl/ecnet/refs/heads/master/databases/properties_master.csv,open-source research database,Energy Conversion Research Laboratory / GitHub,Exact full-InChIKey matching; database values and row-level labels retained.
REF-0480,ECNet API datasets documentation — target definitions.,,https://ecnet.readthedocs.io/en/dev/api_datasets/,official project documentation,ECNet ReadTheDocs,Defines load_bp in °C and load_kv in mm²/s at 313 K.
REF-0481,"Albahri, T. A. Flammability characteristics of pure hydrocarbons. Chemical Engineering Science 58 (2003) 3629–3641.",10.1016/S0009-2509(03)00251-3,https://doi.org/10.1016/S0009-2509(03)00251-3,peer-reviewed method,Elsevier,Published flash-point method and comparison with prior correlations; workbook correlation outputs are explicitly labelled.
REF-0482,FuelLib fuelprops documentation — Dutt equation for kinematic viscosity at 40 °C.,,https://natlabrockies.github.io/FuelLib/fuelprops.html,official software documentation,National Laboratory of the Rockies / FuelLib,Equation and units reproduced; phase-state applicability enforced.
REF-0483,ASTM D7566: Standard Specification for Aviation Turbine Fuel Containing Synthesized Hydrocarbons.,,https://store.astm.org/d7566-12a.html,fuel specification,ASTM International,Used only to frame certification caveat; no pure molecule is claimed compliant.
REF-0484,CAAFI Fuel Readiness Level tools.,,https://www.caafi.org/tools/Feedstock_Readiness_Level.html,industry/government screening guidance,CAAFI,Supports separation of molecular screening from pathway and fuel qualification.
REF-0485,NASA technical report: typical Jet A property data.,,https://ntrs.nasa.gov/api/citations/19780008251/downloads/19780008251.pdf,government technical report,NASA,"Used as contextual property guidance, not a pass/fail certification source."
REF-0486,Sustainable Aviation Fuel: Frequently Asked Questions.,,https://www.energy.gov/cmei/fuels/faq-saf,government guidance,U.S. Department of Energy,"SAF status depends on renewable/waste carbon and lifecycle pathway, not structure alone."
REF-0487,ICAO ACT-SAF Series 14 — updates on 100 percent SAF.,,https://www.icao.int/environmental-protection/Documents/ACT-SAF/ACT-SAF%20Series%2014%20-%20Updates%20on%20100%20per%20cent%20SAF.pdf,intergovernmental technical briefing,ICAO,Provides density context for synthesized blend components and finished fuels.
REF-0488,RDKit Descriptors module — MolWt and general molecular-descriptor documentation.,,https://www.rdkit.org/docs/source/rdkit.Chem.Descriptors.html,official software documentation,The RDKit Documentation,Formal software-documentation entry for X01; values were calculated with RDKit 2025.09.2.
REF-0489,RDKit rdMolDescriptors module — ring-count and related molecular-descriptor API.,,https://www.rdkit.org/docs/source/rdkit.Chem.rdMolDescriptors.html,official software documentation,The RDKit Documentation,Formal software-documentation entry supporting X04; the workbook definition specifies the exact descriptor used.
REF-0490,The RDKit Book — Aromaticity.,,https://www.rdkit.org/docs/RDKit_Book.html#aromaticity,official software documentation,The RDKit Documentation,Documents RDKit aromaticity perception used to identify aromatic carbon atoms for X03.
REF-0491,"RDKit rdchem module — atom, hydrogen-count, neighbor, molecule, and substructure-match APIs.",,https://www.rdkit.org/docs/source/rdkit.Chem.rdchem.html,official software documentation,The RDKit Documentation,"Supports the reproducible operations used for X02, X05 and X06; exact formulas, counting and log1p rules are stated in the input dictionary."
REF-0492,RDKit GraphDescriptors module — Kier shape indices including Kappa2.,,https://www.rdkit.org/docs/source/rdkit.Chem.GraphDescriptors.html,official software documentation,The RDKit Documentation,Formal software-documentation entry for X07; values were calculated with RDKit 2025.09.2.
REF-0493,SAF-Predict v1.1.0 independently collected volumetric net heat of combustion response reconciliation table.,,,author-curated literature compilation,project data release,"Independently collected relative to the current Y01 and Y03 release columns; row-level direct experimental status, primary source, and measurement conditions remain unresolved unless explicitly documented in the reconciliation table."
