legacy_sheet,legacy_row,legacy_name,legacy_formula,legacy_smiles,legacy_inchikey,Y02,current_index,record_id,molecule_name,molecular_formula,match_method,status,release_partition,source_claim_boundary
Training set (n=213),2,Benzvalene (fuel 33),C6H6,C1=CC2C3C1C23,VMQPMGHYRISRHO-UHFFFAOYSA-N,37.1,287.0,HC-0298,"Tricyclo(3.1.0.02,6)hex-3-ene",C6H6,full InChIKey + formula,retained for direct Y02 fitting,development,"Independently collected relative to the current Y01 and Y03 release columns; row-level direct experimental status, primary source, and measurement conditions remain unresolved unless explicitly documented in the reconciliation table."
Training set (n=213),4,Norbornene,C7H10,C12C=CC(CC1)C2,JFNLZVQOOSMTJK-UHFFFAOYSA-N,37.6,253.0,HC-0264,Norbornene,C7H10,formula + normalized name,retained for direct Y02 fitting,development,"Independently collected relative to the current Y01 and Y03 release columns; row-level direct experimental status, primary source, and measurement conditions remain unresolved unless explicitly documented in the reconciliation table."
Training set (n=213),5,[2.2.1]Propellane,C7H10,C12C3CC(CC31)C2,BYBGSCXPMGPLFP-UHFFFAOYSA-N,40.0,241.0,HC-0252,"Tricyclo(2.2.1.02,6)heptane",C7H10,full InChIKey + formula,retained for direct Y02 fitting,development,"Independently collected relative to the current Y01 and Y03 release columns; row-level direct experimental status, primary source, and measurement conditions remain unresolved unless explicitly documented in the reconciliation table."
Training set (n=213),6,"Tricyclo[4.1.0.0^{2,4}]heptane",C7H10,C12C3CC3CC2C1,XIIJQOYMVIJNEP-UHFFFAOYSA-N,37.62,242.0,HC-0253,"Tricyclo(4.1.0.02,4)-heptane",C7H10,full InChIKey + formula,retained for direct Y02 fitting,development,"Independently collected relative to the current Y01 and Y03 release columns; row-level direct experimental status, primary source, and measurement conditions remain unresolved unless explicitly documented in the reconciliation table."
Training set (n=213),9,"1,1'-Bicyclobutyl (fuel 29)",C8H14,C1(CCC1)C1CCC1,DENCHDMOLAALHN-UHFFFAOYSA-N,38.76,251.0,HC-0262,"1,1'-Bicyclobutyl",C8H14,full InChIKey + formula,retained for direct Y02 fitting,development,"Independently collected relative to the current Y01 and Y03 release columns; row-level direct experimental status, primary source, and measurement conditions remain unresolved unless explicitly documented in the reconciliation table."
Training set (n=213),10,Octahydropentalene,C8H14,C1CCC2CCCC12,AEBWATHAIVJLTA-UHFFFAOYSA-N,37.3,254.0,HC-0265,Octahydropentalene,C8H14,full InChIKey + formula,retained for direct Y02 fitting,development,"Independently collected relative to the current Y01 and Y03 release columns; row-level direct experimental status, primary source, and measurement conditions remain unresolved unless explicitly documented in the reconciliation table."
Training set (n=213),11,1H-Indene,C9H8,C1C=CC2=CC=CC=C12,YBYIRNPNPLQARY-UHFFFAOYSA-N,39.76,57.0,HC-0065,Indene,C9H8,full InChIKey + formula,retained for direct Y02 fitting,development,"Independently collected relative to the current Y01 and Y03 release columns; row-level direct experimental status, primary source, and measurement conditions remain unresolved unless explicitly documented in the reconciliation table."
Training set (n=213),12,"Indane (2,3-dihydro-1H-indene)",C9H10,C1CCC2=CC=CC=C12,PQNFLJBBNBOBRQ-UHFFFAOYSA-N,38.89,56.0,HC-0064,Indane,C9H10,full InChIKey + formula,retained for direct Y02 fitting,development,"Independently collected relative to the current Y01 and Y03 release columns; row-level direct experimental status, primary source, and measurement conditions remain unresolved unless explicitly documented in the reconciliation table."
Training set (n=213),13,"Tetracyclo[4.3.0.0^{2,5}.0^{7,9}]nonane (fuel 10)",C9H12,C12C3CCC3C2C2CC21,HZODDRZGWJTLIY-UHFFFAOYSA-N,45.29,286.0,HC-0297,"Tetracyclo[4.3.0.02,5.07,9]nonane",C9H12,full InChIKey + formula,retained for direct Y02 fitting,development,"Independently collected relative to the current Y01 and Y03 release columns; row-level direct experimental status, primary source, and measurement conditions remain unresolved unless explicitly documented in the reconciliation table."
Training set (n=213),15,cis-Octahydro-1H-indene (cis-hydrindane),C9H16,C1CC[C@@H]2CCCC[C@H]12,BNRNAKTVFSZAFA-DTORHVGOSA-N,37.92,108.0,HC-0117,"rel-(3aR,7aS)-Octahydro-1H-indene",C9H16,full InChIKey + formula,retained for direct Y02 fitting,development,"Independently collected relative to the current Y01 and Y03 release columns; row-level direct experimental status, primary source, and measurement conditions remain unresolved unless explicitly documented in the reconciliation table."
Training set (n=213),19,Tetralin,C10H12,C1CCCC2=CC=CC=C12,CXWXQJXEFPUFDZ-UHFFFAOYSA-N,39.43,66.0,HC-0074,Tetralin,C10H12,full InChIKey + formula,retained for direct Y02 fitting,development,"Independently collected relative to the current Y01 and Y03 release columns; row-level direct experimental status, primary source, and measurement conditions remain unresolved unless explicitly documented in the reconciliation table."
Training set (n=213),20,Dicyclopentadiene (fuel 11),C10H12,C1C=CC2C3CC(C=C3)C12,HECLRDQVFMWTQS-UHFFFAOYSA-N,43.28,166.0,HC-0176,Dicyclopentadiene,C10H12,full InChIKey + formula,retained for direct Y02 fitting,development,"Independently collected relative to the current Y01 and Y03 release columns; row-level direct experimental status, primary source, and measurement conditions remain unresolved unless explicitly documented in the reconciliation table."
Training set (n=213),21,JP-10 (exo-tetrahydrodicyclopentadiene),C10H16,C1C[C@H]2[C@@H]3CC[C@@H](C3)[C@H]2C1,LPSXSORODABQKT-FIRGSJFUSA-N,39.39,238.0,HC-0249,exo-Tetrahydrodicyclopentadiene,C10H16,full InChIKey + formula,retained for direct Y02 fitting,development,"Independently collected relative to the current Y01 and Y03 release columns; row-level direct experimental status, primary source, and measurement conditions remain unresolved unless explicitly documented in the reconciliation table."
Training set (n=213),23,"1,1'-Bicyclopentyl",C10H18,C1(CCCC1)C1CCCC1,MAWOHFOSAIXURX-UHFFFAOYSA-N,37.0,107.0,HC-0116,Dicyclopentyl,C10H18,full InChIKey + formula,retained for direct Y02 fitting,development,"Independently collected relative to the current Y01 and Y03 release columns; row-level direct experimental status, primary source, and measurement conditions remain unresolved unless explicitly documented in the reconciliation table."
Training set (n=213),25,Spiro[4.5]decane,C10H18,C1CCCC12CCCCC2,CTDQAGUNKPRERK-UHFFFAOYSA-N,37.17,184.0,HC-0195,Spiro(4.5)decane,C10H18,full InChIKey + formula,retained for direct Y02 fitting,development,"Independently collected relative to the current Y01 and Y03 release columns; row-level direct experimental status, primary source, and measurement conditions remain unresolved unless explicitly documented in the reconciliation table."
Training set (n=213),27,Pinane,C10H18,C12C(CCC(C1(C)C)C2)C,XOKSLPVRUOBDEW-UHFFFAOYSA-N,37.2,1.0,HC-0005,Pinane,C10H18,full InChIKey + formula,retained for direct Y02 fitting,development,"Independently collected relative to the current Y01 and Y03 release columns; row-level direct experimental status, primary source, and measurement conditions remain unresolved unless explicitly documented in the reconciliation table."
Training set (n=213),28,Sabinane (thujane),C10H18,C12(CCC(C1C2)C)C(C)C,GCTNBVHDRFKLLK-UHFFFAOYSA-N,35.05,109.0,HC-0118,Thujane,C10H18,full InChIKey + formula,retained for direct Y02 fitting,development,"Independently collected relative to the current Y01 and Y03 release columns; row-level direct experimental status, primary source, and measurement conditions remain unresolved unless explicitly documented in the reconciliation table."
Training set (n=213),33,1-Methylnaphthalene,C11H10,CC1=CC=CC2=CC=CC=C12,QPUYECUOLPXSFR-UHFFFAOYSA-N,40.29,68.0,HC-0076,1-Methylnaphthalene,C11H10,full InChIKey + formula,retained for direct Y02 fitting,development,"Independently collected relative to the current Y01 and Y03 release columns; row-level direct experimental status, primary source, and measurement conditions remain unresolved unless explicitly documented in the reconciliation table."
Training set (n=213),34,"4,7-Dimethylindane",C11H14,CC1=C2CCCC2=C(C=C1)C,IWHKMCQFAMHMSX-UHFFFAOYSA-N,38.86,201.0,HC-0212,"4,7-Dimethylindan",C11H14,full InChIKey + formula,retained for direct Y02 fitting,development,"Independently collected relative to the current Y01 and Y03 release columns; row-level direct experimental status, primary source, and measurement conditions remain unresolved unless explicitly documented in the reconciliation table."
Training set (n=213),35,5-Methyltetralin,C11H14,CC1=C2CCCCC2=CC=C1,YXOVIGZJPGLNGM-UHFFFAOYSA-N,39.75,153.0,HC-0162,"5-Methyl-1,2,3,4-tetrahydronaphthalene",C11H14,full InChIKey + formula,retained for direct Y02 fitting,development,"Independently collected relative to the current Y01 and Y03 release columns; row-level direct experimental status, primary source, and measurement conditions remain unresolved unless explicitly documented in the reconciliation table."
Training set (n=213),36,"Spiro[bicyclo[3.1.1]heptane-3,1'-cyclopentane]",C11H18,C12(CCCC1)CC1CC(C2)C1,BCQYQSWFXFMYEW-UHFFFAOYSA-N,40.18,284.0,HC-0295,"spiro[bicyclo[3.1.1]heptane-3,1'-cyclopentane]",C11H18,full InChIKey + formula,retained for direct Y02 fitting,development,"Independently collected relative to the current Y01 and Y03 release columns; row-level direct experimental status, primary source, and measurement conditions remain unresolved unless explicitly documented in the reconciliation table."
Training set (n=213),37,"Spiro[cyclopentane-1,2'-norbornane]",C11H18,C12C3(CC(CC1)C2)CCCC3,CHUXSKFZUPTQDX-UHFFFAOYSA-N,40.18,285.0,HC-0296,"Spiro[cyclopentane-1,2'-norbornane]",C11H18,full InChIKey + formula,retained for direct Y02 fitting,development,"Independently collected relative to the current Y01 and Y03 release columns; row-level direct experimental status, primary source, and measurement conditions remain unresolved unless explicitly documented in the reconciliation table."
Training set (n=213),39,Cyclopentylcyclohexane,C11H20,C1(CCCC1)C1CCCCC1,WVABZRMBCQFXBK-UHFFFAOYSA-N,38.0,183.0,HC-0194,Cyclopentylcyclohexane,C11H20,full InChIKey + formula,retained for direct Y02 fitting,development,"Independently collected relative to the current Y01 and Y03 release columns; row-level direct experimental status, primary source, and measurement conditions remain unresolved unless explicitly documented in the reconciliation table."
Training set (n=213),43,1-Ethylnaphthalene,C12H12,C(C)C1=CC=CC2=CC=CC=C12,ZMXIYERNXPIYFR-UHFFFAOYSA-N,40.18,169.0,HC-0180,1-Ethylnaphthalene,C12H12,full InChIKey + formula,retained for direct Y02 fitting,development,"Independently collected relative to the current Y01 and Y03 release columns; row-level direct experimental status, primary source, and measurement conditions remain unresolved unless explicitly documented in the reconciliation table."
Training set (n=213),45,1-Ethyladamantane,C12H20,C(C)C12CC3CC(CC(C1)C3)C2,LXTHCCWEYOKFSR-UHFFFAOYSA-N,40.2,235.0,HC-0246,1-Ethyladamantane,C12H20,full InChIKey + formula,retained for direct Y02 fitting,development,"Independently collected relative to the current Y01 and Y03 release columns; row-level direct experimental status, primary source, and measurement conditions remain unresolved unless explicitly documented in the reconciliation table."
Training set (n=213),48,2-Ethyladamantane,C12H20,C(C)C1C2CC3CC(CC1C3)C2,LIAWCKFOFPPVGF-UHFFFAOYSA-N,40.16,280.0,HC-0291,2-Ethyladamantane,C12H20,full InChIKey + formula,retained for direct Y02 fitting,development,"Independently collected relative to the current Y01 and Y03 release columns; row-level direct experimental status, primary source, and measurement conditions remain unresolved unless explicitly documented in the reconciliation table."
Training set (n=213),49,Bicyclohexyl,C12H22,C1(CCCCC1)C1CCCCC1,WVIIMZNLDWSIRH-UHFFFAOYSA-N,38.11,0.0,HC-0003,Bicyclohexyl,C12H22,full InChIKey + formula,retained for direct Y02 fitting,development,"Independently collected relative to the current Y01 and Y03 release columns; row-level direct experimental status, primary source, and measurement conditions remain unresolved unless explicitly documented in the reconciliation table."
Training set (n=213),50,Spiro[5.6]dodecane,C12H22,C1CCCCC12CCCCCC2,ZDNANLAHKKNCTC-UHFFFAOYSA-N,38.41,206.0,HC-0217,Spiro[5.6]dodecane,C12H22,full InChIKey + formula,retained for direct Y02 fitting,development,"Independently collected relative to the current Y01 and Y03 release columns; row-level direct experimental status, primary source, and measurement conditions remain unresolved unless explicitly documented in the reconciliation table."
Training set (n=213),53,Diphenylmethane,C13H12,C1(=CC=CC=C1)CC1=CC=CC=C1,CZZYITDELCSZES-UHFFFAOYSA-N,39.7,69.0,HC-0077,Diphenylmethane,C13H12,full InChIKey + formula,retained for direct Y02 fitting,development,"Independently collected relative to the current Y01 and Y03 release columns; row-level direct experimental status, primary source, and measurement conditions remain unresolved unless explicitly documented in the reconciliation table."
Training set (n=213),54,1-Propylnaphthalene,C13H14,C(CC)C1=CC=CC2=CC=CC=C12,HMAMGXMFMCAOPV-UHFFFAOYSA-N,39.76,170.0,HC-0181,1-Propylnaphthalene,C13H14,full InChIKey + formula,retained for direct Y02 fitting,development,"Independently collected relative to the current Y01 and Y03 release columns; row-level direct experimental status, primary source, and measurement conditions remain unresolved unless explicitly documented in the reconciliation table."
Training set (n=213),55,2-Propyladamantane,C13H22,C(CC)C1C2CC3CC(CC1C3)C2,HMUYSRNQYPLWHB-UHFFFAOYSA-N,39.22,281.0,HC-0292,2-Propyladamantane,C13H22,full InChIKey + formula,retained for direct Y02 fitting,development,"Independently collected relative to the current Y01 and Y03 release columns; row-level direct experimental status, primary source, and measurement conditions remain unresolved unless explicitly documented in the reconciliation table."
Training set (n=213),56,Perhydrofluorene (tetradecahydrofluorene),C13H22,C1CCCC2C3CCCCC3CC12,OLWAZOBRCQWWDB-UHFFFAOYSA-N,40.1,239.0,HC-0250,Perhydrofluorene,C13H22,full InChIKey + formula,retained for direct Y02 fitting,development,"Independently collected relative to the current Y01 and Y03 release columns; row-level direct experimental status, primary source, and measurement conditions remain unresolved unless explicitly documented in the reconciliation table."
Training set (n=213),59,1-Methylperhydrofluorene,C14H24,CC1CCCC2C3CCCCC3CC12,ILYLRDOKJRGSAL-UHFFFAOYSA-N,41.98,278.0,HC-0289,"1-methyl-2,3,4,4a,4b,5,6,7,8,8a,9,9a-dodecahydro-1H-fluorene",C14H24,full InChIKey + formula,retained for direct Y02 fitting,development,"Independently collected relative to the current Y01 and Y03 release columns; row-level direct experimental status, primary source, and measurement conditions remain unresolved unless explicitly documented in the reconciliation table."
Training set (n=213),62,"1,2-Dicyclohexylethane",C14H26,C1(CCCCC1)CCC1CCCCC1,IBLVSWYGUFGDMF-UHFFFAOYSA-N,37.67,98.0,HC-0107,"1,2-Dicyclohexylethane",C14H26,full InChIKey + formula,retained for direct Y02 fitting,development,"Independently collected relative to the current Y01 and Y03 release columns; row-level direct experimental status, primary source, and measurement conditions remain unresolved unless explicitly documented in the reconciliation table."
Training set (n=213),72,"1,1':3',1''-Tercyclopentane",C15H26,C1(CCCC1)C1CC(CC1)C1CCCC1,VUIQTOLVCLYLAF-UHFFFAOYSA-N,41.16,277.0,HC-0288,"1,3-Dicyclopentylcyclopentane",C15H26,full InChIKey + formula,retained for direct Y02 fitting,development,"Independently collected relative to the current Y01 and Y03 release columns; row-level direct experimental status, primary source, and measurement conditions remain unresolved unless explicitly documented in the reconciliation table."
Training set (n=213),77,"3-(Cyclohexylmethyl)-1,1'-bicyclopentyl",C17H30,C1(CCCCC1)CC1CC(CC1)C1CCCC1,AKDLLLIPMZDXSD-UHFFFAOYSA-N,39.4,275.0,HC-0286,(3-cyclopentylcyclopentyl)methylcyclohexane,C17H30,full InChIKey + formula,retained for direct Y02 fitting,development,"Independently collected relative to the current Y01 and Y03 release columns; row-level direct experimental status, primary source, and measurement conditions remain unresolved unless explicitly documented in the reconciliation table."
Training set (n=213),78,"1,1':3',1''-Tercyclohexyl (tricyclohexyl)",C18H32,C1(CCCCC1)C1CC(CCC1)C1CCCCC1,JBQRJHVXZMSLNH-UHFFFAOYSA-N,37.6,276.0,HC-0287,"1,1':3',1''-Tercyclohexane",C18H32,full InChIKey + formula,retained for direct Y02 fitting,development,"Independently collected relative to the current Y01 and Y03 release columns; row-level direct experimental status, primary source, and measurement conditions remain unresolved unless explicitly documented in the reconciliation table."
Training set (n=213),79,Hexane,C6H14,CCCCCC,VLKZOEOYAKHREP-UHFFFAOYSA-N,29.6,22.0,HC-0028,Hexane,C6H14,full InChIKey + formula,retained for direct Y02 fitting,development,"Independently collected relative to the current Y01 and Y03 release columns; row-level direct experimental status, primary source, and measurement conditions remain unresolved unless explicitly documented in the reconciliation table."
Training set (n=213),80,Heptane,C7H16,CCCCCCC,IMNFDUFMRHMDMM-UHFFFAOYSA-N,30.66,20.0,HC-0026,Heptane,C7H16,full InChIKey + formula,retained for direct Y02 fitting,development,"Independently collected relative to the current Y01 and Y03 release columns; row-level direct experimental status, primary source, and measurement conditions remain unresolved unless explicitly documented in the reconciliation table."
Training set (n=213),82,Octane,C8H18,CCCCCCCC,TVMXDCGIABBOFY-UHFFFAOYSA-N,31.39,26.0,HC-0032,Octane,C8H18,full InChIKey + formula,retained for direct Y02 fitting,development,"Independently collected relative to the current Y01 and Y03 release columns; row-level direct experimental status, primary source, and measurement conditions remain unresolved unless explicitly documented in the reconciliation table."
Training set (n=213),83,Nonane,C9H20,CCCCCCCCC,BKIMMITUMNQMOS-UHFFFAOYSA-N,31.99,24.0,HC-0030,Nonane,C9H20,full InChIKey + formula,retained for direct Y02 fitting,development,"Independently collected relative to the current Y01 and Y03 release columns; row-level direct experimental status, primary source, and measurement conditions remain unresolved unless explicitly documented in the reconciliation table."
Training set (n=213),86,Undecane,C11H24,CCCCCCCCCCC,RSJKGSCJYJTIGS-UHFFFAOYSA-N,32.86,31.0,HC-0037,Undecane,C11H24,full InChIKey + formula,retained for direct Y02 fitting,development,"Independently collected relative to the current Y01 and Y03 release columns; row-level direct experimental status, primary source, and measurement conditions remain unresolved unless explicitly documented in the reconciliation table."
Training set (n=213),87,Dodecane,C12H26,CCCCCCCCCCCC,SNRUBQQJIBEYMU-UHFFFAOYSA-N,33.2,17.0,HC-0023,Dodecane,C12H26,full InChIKey + formula,retained for direct Y02 fitting,development,"Independently collected relative to the current Y01 and Y03 release columns; row-level direct experimental status, primary source, and measurement conditions remain unresolved unless explicitly documented in the reconciliation table."
Training set (n=213),88,Tridecane,C13H28,CCCCCCCCCCCCC,IIYFAKIEWZDVMP-UHFFFAOYSA-N,33.48,30.0,HC-0036,Tridecane,C13H28,full InChIKey + formula,retained for direct Y02 fitting,development,"Independently collected relative to the current Y01 and Y03 release columns; row-level direct experimental status, primary source, and measurement conditions remain unresolved unless explicitly documented in the reconciliation table."
Training set (n=213),89,Tetradecane,C14H30,CCCCCCCCCCCCCC,BGHCVCJVXZWKCC-UHFFFAOYSA-N,33.74,29.0,HC-0035,Tetradecane,C14H30,full InChIKey + formula,retained for direct Y02 fitting,development,"Independently collected relative to the current Y01 and Y03 release columns; row-level direct experimental status, primary source, and measurement conditions remain unresolved unless explicitly documented in the reconciliation table."
Training set (n=213),90,Pentadecane,C15H32,CCCCCCCCCCCCCCC,YCOZIPAWZNQLMR-UHFFFAOYSA-N,33.94,27.0,HC-0033,Pentadecane,C15H32,full InChIKey + formula,retained for direct Y02 fitting,development,"Independently collected relative to the current Y01 and Y03 release columns; row-level direct experimental status, primary source, and measurement conditions remain unresolved unless explicitly documented in the reconciliation table."
Training set (n=213),91,Hexadecane,C16H34,CCCCCCCCCCCCCCCC,DCAYPVUWAIABOU-UHFFFAOYSA-N,34.14,21.0,HC-0027,Hexadecane,C16H34,full InChIKey + formula,retained for direct Y02 fitting,development,"Independently collected relative to the current Y01 and Y03 release columns; row-level direct experimental status, primary source, and measurement conditions remain unresolved unless explicitly documented in the reconciliation table."
Training set (n=213),92,Heptadecane,C17H36,CCCCCCCCCCCCCCCCC,NDJKXXJCMXVBJW-UHFFFAOYSA-N,34.31,19.0,HC-0025,Heptadecane,C17H36,full InChIKey + formula,retained for direct Y02 fitting,development,"Independently collected relative to the current Y01 and Y03 release columns; row-level direct experimental status, primary source, and measurement conditions remain unresolved unless explicitly documented in the reconciliation table."
Training set (n=213),93,Octadecane,C18H38,CCCCCCCCCCCCCCCCCC,RZJRJXONCZWCBN-UHFFFAOYSA-N,34.45,25.0,HC-0031,Octadecane,C18H38,full InChIKey + formula,retained for direct Y02 fitting,development,"Independently collected relative to the current Y01 and Y03 release columns; row-level direct experimental status, primary source, and measurement conditions remain unresolved unless explicitly documented in the reconciliation table."
Training set (n=213),94,Nonadecane,C19H40,CCCCCCCCCCCCCCCCCCC,LQERIDTXQFOHKA-UHFFFAOYSA-N,34.57,23.0,HC-0029,Nonadecane,C19H40,full InChIKey + formula,retained for direct Y02 fitting,development,"Independently collected relative to the current Y01 and Y03 release columns; row-level direct experimental status, primary source, and measurement conditions remain unresolved unless explicitly documented in the reconciliation table."
Training set (n=213),95,Eicosane,C20H42,CCCCCCCCCCCCCCCCCCCC,CBFCDTFDPHXCNY-UHFFFAOYSA-N,34.76,18.0,HC-0024,Eicosane,C20H42,full InChIKey + formula,retained for direct Y02 fitting,development,"Independently collected relative to the current Y01 and Y03 release columns; row-level direct experimental status, primary source, and measurement conditions remain unresolved unless explicitly documented in the reconciliation table."
Training set (n=213),96,2-Methylpentane,C6H14,CC(C)CCC,AFABGHUZZDYHJO-UHFFFAOYSA-N,29.3,12.0,HC-0017,2-Methylpentane,C6H14,full InChIKey + formula,retained for direct Y02 fitting,development,"Independently collected relative to the current Y01 and Y03 release columns; row-level direct experimental status, primary source, and measurement conditions remain unresolved unless explicitly documented in the reconciliation table."
Training set (n=213),98,"2,4-Dimethylpentane",C7H16,CC(C)CC(C)C,BZHMBWZPUJHVEE-UHFFFAOYSA-N,31.0,8.0,HC-0013,"2,4-Dimethylpentane",C7H16,full InChIKey + formula,retained for direct Y02 fitting,development,"Independently collected relative to the current Y01 and Y03 release columns; row-level direct experimental status, primary source, and measurement conditions remain unresolved unless explicitly documented in the reconciliation table."
Training set (n=213),99,2-Methylhexane,C7H16,CC(C)CCCC,GXDHCNNESPLIKD-UHFFFAOYSA-N,31.2,10.0,HC-0015,2-Methylhexane,C7H16,full InChIKey + formula,retained for direct Y02 fitting,development,"Independently collected relative to the current Y01 and Y03 release columns; row-level direct experimental status, primary source, and measurement conditions remain unresolved unless explicitly documented in the reconciliation table."
Training set (n=213),100,3-Ethylpentane,C7H16,C(C)C(CC)CC,AORMDLNPRGXHHL-UHFFFAOYSA-N,31.32,124.0,HC-0133,3-Ethylpentane,C7H16,full InChIKey + formula,retained for direct Y02 fitting,development,"Independently collected relative to the current Y01 and Y03 release columns; row-level direct experimental status, primary source, and measurement conditions remain unresolved unless explicitly documented in the reconciliation table."
Training set (n=213),101,"2,2,4-Trimethylpentane (isooctane)",C8H18,C(C)(C)CC(C)(C)C,NHTMVDHEPJAVLT-UHFFFAOYSA-N,30.8,3.0,HC-0008,"2,2,4-Trimethylpentane",C8H18,full InChIKey + formula,retained for direct Y02 fitting,development,"Independently collected relative to the current Y01 and Y03 release columns; row-level direct experimental status, primary source, and measurement conditions remain unresolved unless explicitly documented in the reconciliation table."
Training set (n=213),102,"2,3,3-Trimethylpentane",C8H18,CC(C)C(CC)(C)C,OKVWYBALHQFVFP-UHFFFAOYSA-N,32.4,114.0,HC-0123,"2,3,3-Trimethylpentane",C8H18,full InChIKey + formula,retained for direct Y02 fitting,development,"Independently collected relative to the current Y01 and Y03 release columns; row-level direct experimental status, primary source, and measurement conditions remain unresolved unless explicitly documented in the reconciliation table."
Training set (n=213),103,2-Methylheptane,C8H18,CC(C)CCCCC,JVSWJIKNEAIKJW-UHFFFAOYSA-N,31.1,9.0,HC-0014,2-Methylheptane,C8H18,full InChIKey + formula,retained for direct Y02 fitting,development,"Independently collected relative to the current Y01 and Y03 release columns; row-level direct experimental status, primary source, and measurement conditions remain unresolved unless explicitly documented in the reconciliation table."
Training set (n=213),104,3-Methylheptane,C8H18,CC(CC)CCCC,LAIUFBWHERIJIH-UHFFFAOYSA-N,31.52,13.0,HC-0018,3-Methylheptane,C8H18,full InChIKey + formula,retained for direct Y02 fitting,development,"Independently collected relative to the current Y01 and Y03 release columns; row-level direct experimental status, primary source, and measurement conditions remain unresolved unless explicitly documented in the reconciliation table."
Training set (n=213),105,"2,2,5-Trimethylhexane",C9H20,CC(C)(CCC(C)C)C,HHOSMYBYIHNXNO-UHFFFAOYSA-N,31.42,4.0,HC-0009,"2,2,5-Trimethylhexane",C9H20,full InChIKey + formula,retained for direct Y02 fitting,development,"Independently collected relative to the current Y01 and Y03 release columns; row-level direct experimental status, primary source, and measurement conditions remain unresolved unless explicitly documented in the reconciliation table."
Training set (n=213),106,2-Methyloctane,C9H20,CC(C)CCCCCC,ZUBZATZOEPUUQF-UHFFFAOYSA-N,31.83,121.0,HC-0130,2-Methyloctane,C9H20,full InChIKey + formula,retained for direct Y02 fitting,development,"Independently collected relative to the current Y01 and Y03 release columns; row-level direct experimental status, primary source, and measurement conditions remain unresolved unless explicitly documented in the reconciliation table."
Training set (n=213),107,"2,2,4,4-Tetramethylpentane",C9H20,CC(C)(CC(C)(C)C)C,GUMULFRCHLJNDY-UHFFFAOYSA-N,31.3,112.0,HC-0121,"2,2,4,4-Tetramethylpentane",C9H20,full InChIKey + formula,retained for direct Y02 fitting,development,"Independently collected relative to the current Y01 and Y03 release columns; row-level direct experimental status, primary source, and measurement conditions remain unresolved unless explicitly documented in the reconciliation table."
Training set (n=213),110,2-Methylnonane,C10H22,CC(C)CCCCCCC,SGVYKUFIHHTIFL-UHFFFAOYSA-N,32.3,11.0,HC-0016,2-Methylnonane,C10H22,full InChIKey + formula,retained for direct Y02 fitting,development,"Independently collected relative to the current Y01 and Y03 release columns; row-level direct experimental status, primary source, and measurement conditions remain unresolved unless explicitly documented in the reconciliation table."
Training set (n=213),111,3-Methylnonane,C10H22,CC(CC)CCCCCC,PLZDDPSCZHRBOY-UHFFFAOYSA-N,32.59,125.0,HC-0134,3-Methylnonane,C10H22,full InChIKey + formula,retained for direct Y02 fitting,development,"Independently collected relative to the current Y01 and Y03 release columns; row-level direct experimental status, primary source, and measurement conditions remain unresolved unless explicitly documented in the reconciliation table."
Training set (n=213),112,"2,5-Dimethyloctane",C10H22,CC(C)CCC(CCC)C,HOAAQUNESXYFDT-UHFFFAOYSA-N,32.22,210.0,HC-0221,"2,5-Dimethyloctane",C10H22,full InChIKey + formula,retained for direct Y02 fitting,development,"Independently collected relative to the current Y01 and Y03 release columns; row-level direct experimental status, primary source, and measurement conditions remain unresolved unless explicitly documented in the reconciliation table."
Training set (n=213),113,"2,6-Dimethyloctane",C10H22,CC(C)CCCC(CC)C,ZALHPSXXQIPKTQ-UHFFFAOYSA-N,32.26,117.0,HC-0126,"2,6-Dimethyloctane",C10H22,full InChIKey + formula,retained for direct Y02 fitting,development,"Independently collected relative to the current Y01 and Y03 release columns; row-level direct experimental status, primary source, and measurement conditions remain unresolved unless explicitly documented in the reconciliation table."
Training set (n=213),114,"2,7-Dimethyloctane",C10H22,CC(C)CCCCC(C)C,KEVMYFLMMDUPJE-UHFFFAOYSA-N,32.18,119.0,HC-0128,"2,7-Dimethyloctane",C10H22,full InChIKey + formula,retained for direct Y02 fitting,development,"Independently collected relative to the current Y01 and Y03 release columns; row-level direct experimental status, primary source, and measurement conditions remain unresolved unless explicitly documented in the reconciliation table."
Training set (n=213),116,"2,2,6-Trimethyloctane",C11H24,CC(C)(CCCC(CC)C)C,NBIHFQKVSFKHGH-UHFFFAOYSA-N,32.9,255.0,HC-0266,"2,2,6-Trimethyloctane",C11H24,full InChIKey + formula,retained for direct Y02 fitting,development,"Independently collected relative to the current Y01 and Y03 release columns; row-level direct experimental status, primary source, and measurement conditions remain unresolved unless explicitly documented in the reconciliation table."
Training set (n=213),117,"2,2,7-Trimethyloctane",C11H24,CC(C)(CCCCC(C)C)C,QGQAHVJOBYNMFN-UHFFFAOYSA-N,33.0,256.0,HC-0267,"2,2,7-Trimethyloctane",C11H24,full InChIKey + formula,retained for direct Y02 fitting,development,"Independently collected relative to the current Y01 and Y03 release columns; row-level direct experimental status, primary source, and measurement conditions remain unresolved unless explicitly documented in the reconciliation table."
Training set (n=213),118,"2,3,7-Trimethyloctane",C11H24,CC(C)C(CCCC(C)C)C,XJKKSYAVEVAGFX-UHFFFAOYSA-N,33.0,263.0,HC-0274,"Octane, 2,3,7-trimethyl-",C11H24,full InChIKey + formula,retained for direct Y02 fitting,development,"Independently collected relative to the current Y01 and Y03 release columns; row-level direct experimental status, primary source, and measurement conditions remain unresolved unless explicitly documented in the reconciliation table."
Training set (n=213),119,"2,3-Dimethylnonane",C11H24,CC(C)C(CCCCCC)C,IGJRNTLDWLTHCQ-UHFFFAOYSA-N,33.15,208.0,HC-0219,"2,3-Dimethylnonane",C11H24,full InChIKey + formula,retained for direct Y02 fitting,development,"Independently collected relative to the current Y01 and Y03 release columns; row-level direct experimental status, primary source, and measurement conditions remain unresolved unless explicitly documented in the reconciliation table."
Training set (n=213),120,"2,5-Dimethylnonane",C11H24,CC(C)CCC(CCCC)C,NQUMJENPNGXAIH-UHFFFAOYSA-N,33.02,260.0,HC-0271,"2,5-Dimethylnonane",C11H24,full InChIKey + formula,retained for direct Y02 fitting,development,"Independently collected relative to the current Y01 and Y03 release columns; row-level direct experimental status, primary source, and measurement conditions remain unresolved unless explicitly documented in the reconciliation table."
Training set (n=213),122,"4,5-Diethyloctane",C12H26,C(C)C(CCC)C(CCC)CC,XRVCHXCONYJHLU-UHFFFAOYSA-N,34.04,192.0,HC-0203,"4,5-Diethyloctane",C12H26,full InChIKey + formula,retained for direct Y02 fitting,development,"Independently collected relative to the current Y01 and Y03 release columns; row-level direct experimental status, primary source, and measurement conditions remain unresolved unless explicitly documented in the reconciliation table."
Training set (n=213),124,"2,2,4,4,6-Pentamethylheptane (isododecane)",C12H26,CCCCCCCCCC(C)C,GTJOHISYCKPIMT-UHFFFAOYSA-N,32.2,261.0,HC-0272,2-Methylundecane,C12H26,full InChIKey + formula,retained for direct Y02 fitting,development,"Independently collected relative to the current Y01 and Y03 release columns; row-level direct experimental status, primary source, and measurement conditions remain unresolved unless explicitly documented in the reconciliation table."
Training set (n=213),125,"2,2,4,6,6-Pentamethylheptane",C12H26,CC(C)(CC(CC(C)(C)C)C)C,VKPSKYDESGTTFR-UHFFFAOYSA-N,32.7,113.0,HC-0122,"2,2,4,6,6-Pentamethylheptane",C12H26,full InChIKey + formula,retained for direct Y02 fitting,development,"Independently collected relative to the current Y01 and Y03 release columns; row-level direct experimental status, primary source, and measurement conditions remain unresolved unless explicitly documented in the reconciliation table."
Training set (n=213),126,"2,4,8-Trimethylnonane",C12H26,CC(C)CC(CCCC(C)C)C,PZXMOJBYRFSNJH-UHFFFAOYSA-N,35.43,259.0,HC-0270,"2,4,8-Trimethylnonane",C12H26,full InChIKey + formula,retained for direct Y02 fitting,development,"Independently collected relative to the current Y01 and Y03 release columns; row-level direct experimental status, primary source, and measurement conditions remain unresolved unless explicitly documented in the reconciliation table."
Training set (n=213),127,"2,5-Dimethyldecane",C12H26,CC(C)CCC(CCCCC)C,DQHKBYZSYRJBMD-UHFFFAOYSA-N,33.1,209.0,HC-0220,"2,5-Dimethyldecane",C12H26,full InChIKey + formula,retained for direct Y02 fitting,development,"Independently collected relative to the current Y01 and Y03 release columns; row-level direct experimental status, primary source, and measurement conditions remain unresolved unless explicitly documented in the reconciliation table."
Training set (n=213),128,3-Methyl-5-ethylnonane,C12H26,CC(CC)CC(CCCC)CC,GDUZVOIDJDZQBC-UHFFFAOYSA-N,33.1,218.0,HC-0229,5-Ethyl-3-methylnonane,C12H26,full InChIKey + formula,retained for direct Y02 fitting,development,"Independently collected relative to the current Y01 and Y03 release columns; row-level direct experimental status, primary source, and measurement conditions remain unresolved unless explicitly documented in the reconciliation table."
Training set (n=213),129,5-Methylundecane,C12H26,CC(CCCC)CCCCCC,QULNVKABFWNUCW-UHFFFAOYSA-N,33.12,219.0,HC-0230,5-Methylundecane,C12H26,full InChIKey + formula,retained for direct Y02 fitting,development,"Independently collected relative to the current Y01 and Y03 release columns; row-level direct experimental status, primary source, and measurement conditions remain unresolved unless explicitly documented in the reconciliation table."
Training set (n=213),130,"2,5-Dimethylundecane",C13H28,CC(C)CCC(CCCCCC)C,HGYKYVHHAJFANS-UHFFFAOYSA-N,33.32,211.0,HC-0222,"2,5-Dimethylundecane",C13H28,full InChIKey + formula,retained for direct Y02 fitting,development,"Independently collected relative to the current Y01 and Y03 release columns; row-level direct experimental status, primary source, and measurement conditions remain unresolved unless explicitly documented in the reconciliation table."
Training set (n=213),131,"2,2,3,5,5,6,6-Heptamethyl-3-heptene",C14H28,CC(C)(C(=CC(C(C)(C)C)(C)C)C)C,RVZGQICOUDJTHV-UHFFFAOYSA-N,33.5,244.0,HC-0255,"2,2,3,5,5,6,6-Heptamethyl-hept-3-ene",C14H28,full InChIKey + formula,retained for direct Y02 fitting,development,"Independently collected relative to the current Y01 and Y03 release columns; row-level direct experimental status, primary source, and measurement conditions remain unresolved unless explicitly documented in the reconciliation table."
Training set (n=213),134,2-Methyltetradecane,C15H32,CC(C)CCCCCCCCCCCC,KUVMKLCGXIYSNH-UHFFFAOYSA-N,33.81,213.0,HC-0224,2-Methyltetradecane,C15H32,full InChIKey + formula,retained for direct Y02 fitting,development,"Independently collected relative to the current Y01 and Y03 release columns; row-level direct experimental status, primary source, and measurement conditions remain unresolved unless explicitly documented in the reconciliation table."
Training set (n=213),136,2-Methylpentadecane,C16H34,CC(C)CCCCCCCCCCCCC,BANXPJUEBPWEOT-UHFFFAOYSA-N,34.02,190.0,HC-0201,2-Methylpentadecane,C16H34,full InChIKey + formula,retained for direct Y02 fitting,development,"Independently collected relative to the current Y01 and Y03 release columns; row-level direct experimental status, primary source, and measurement conditions remain unresolved unless explicitly documented in the reconciliation table."
Training set (n=213),138,"2,3-Dimethylpentadecane",C17H36,CC(C)C(CCCCCCCCCCCC)C,ZTPLUCDDNLWAIC-UHFFFAOYSA-N,34.49,257.0,HC-0268,"2,3-Dimethyl-pentadecane",C17H36,full InChIKey + formula,retained for direct Y02 fitting,development,"Independently collected relative to the current Y01 and Y03 release columns; row-level direct experimental status, primary source, and measurement conditions remain unresolved unless explicitly documented in the reconciliation table."
Training set (n=213),139,"7,8-Diethyltetradecane",C18H38,C(C)C(CCCCCC)C(CCCCCC)CC,GXQQCJBWQYZHOA-UHFFFAOYSA-N,35.14,264.0,HC-0275,"Tetradecane, 7,8-diethyl",C18H38,full InChIKey + formula,retained for direct Y02 fitting,development,"Independently collected relative to the current Y01 and Y03 release columns; row-level direct experimental status, primary source, and measurement conditions remain unresolved unless explicitly documented in the reconciliation table."
Training set (n=213),140,9-Methylheptadecane,C18H38,CC(CCCCCCCC)CCCCCCCC,LUUWKCSVACCBSJ-UHFFFAOYSA-N,34.53,222.0,HC-0233,9-Methylheptadecane,C18H38,full InChIKey + formula,retained for direct Y02 fitting,development,"Independently collected relative to the current Y01 and Y03 release columns; row-level direct experimental status, primary source, and measurement conditions remain unresolved unless explicitly documented in the reconciliation table."
Training set (n=213),141,"2,3-Dimethylheptadecane",C19H40,CC(C)C(CCCCCCCCCCCCCC)C,LNMKTLJTVALPBD-UHFFFAOYSA-N,34.78,258.0,HC-0269,"2,3-Dimethylheptadecane",C19H40,full InChIKey + formula,retained for direct Y02 fitting,development,"Independently collected relative to the current Y01 and Y03 release columns; row-level direct experimental status, primary source, and measurement conditions remain unresolved unless explicitly documented in the reconciliation table."
Training set (n=213),142,2-Methyloctadecane,C19H40,CC(C)CCCCCCCCCCCCCCCC,KVQVGSDBGJXNGV-UHFFFAOYSA-N,34.51,212.0,HC-0223,2-Methyloctadecane,C19H40,full InChIKey + formula,retained for direct Y02 fitting,development,"Independently collected relative to the current Y01 and Y03 release columns; row-level direct experimental status, primary source, and measurement conditions remain unresolved unless explicitly documented in the reconciliation table."
Training set (n=213),143,3-Ethyloctadecane,C20H42,C(C)C(CC)CCCCCCCCCCCCCCC,RFGDOQAMXMKEQV-UHFFFAOYSA-N,35.02,193.0,HC-0204,"Octadecane, 3-ethyl",C20H42,full InChIKey + formula,retained for direct Y02 fitting,development,"Independently collected relative to the current Y01 and Y03 release columns; row-level direct experimental status, primary source, and measurement conditions remain unresolved unless explicitly documented in the reconciliation table."
Training set (n=213),144,Cyclopentane,C5H10,C1CCCC1,RGSFGYAAUTVSQA-UHFFFAOYSA-N,33.2,36.0,HC-0042,Cyclopentane,C5H10,full InChIKey + formula,retained for direct Y02 fitting,development,"Independently collected relative to the current Y01 and Y03 release columns; row-level direct experimental status, primary source, and measurement conditions remain unresolved unless explicitly documented in the reconciliation table."
Training set (n=213),145,Cyclohexane,C6H12,C1CCCCC1,XDTMQSROBMDMFD-UHFFFAOYSA-N,36.33,34.0,HC-0040,Cyclohexane,C6H12,full InChIKey + formula,retained for direct Y02 fitting,development,"Independently collected relative to the current Y01 and Y03 release columns; row-level direct experimental status, primary source, and measurement conditions remain unresolved unless explicitly documented in the reconciliation table."
Training set (n=213),146,Methylcyclopentane,C6H12,CC1CCCC1,GDOPTJXRTPNYNR-UHFFFAOYSA-N,33.4,43.0,HC-0050,Methylcyclopentane,C6H12,full InChIKey + formula,retained for direct Y02 fitting,development,"Independently collected relative to the current Y01 and Y03 release columns; row-level direct experimental status, primary source, and measurement conditions remain unresolved unless explicitly documented in the reconciliation table."
Training set (n=213),147,Cycloheptane,C7H14,C1CCCCCC1,DMEGYFMYUHOHGS-UHFFFAOYSA-N,36.1,33.0,HC-0039,Cycloheptane,C7H14,full InChIKey + formula,retained for direct Y02 fitting,development,"Independently collected relative to the current Y01 and Y03 release columns; row-level direct experimental status, primary source, and measurement conditions remain unresolved unless explicitly documented in the reconciliation table."
Training set (n=213),148,Ethylcyclopentane,C7H14,C(C)C1CCCC1,IFTRQJLVEBNKJK-UHFFFAOYSA-N,34.0,40.0,HC-0046,Ethylcyclopentane,C7H14,full InChIKey + formula,retained for direct Y02 fitting,development,"Independently collected relative to the current Y01 and Y03 release columns; row-level direct experimental status, primary source, and measurement conditions remain unresolved unless explicitly documented in the reconciliation table."
Training set (n=213),149,Methylcyclohexane,C7H14,CC1CCCCC1,UAEPNZWRGJTJPN-UHFFFAOYSA-N,33.55,42.0,HC-0049,Methylcyclohexane,C7H14,full InChIKey + formula,retained for direct Y02 fitting,development,"Independently collected relative to the current Y01 and Y03 release columns; row-level direct experimental status, primary source, and measurement conditions remain unresolved unless explicitly documented in the reconciliation table."
Training set (n=213),150,"cis-1,3-Dimethylcyclopentane",C7H14,C[C@@H]1C[C@@H](CC1)C,XAZKFISIRYLAEE-KNVOCYPGSA-N,32.69,143.0,HC-0152,"cis-1,3-Dimethylcyclopentane",C7H14,full InChIKey + formula,retained for direct Y02 fitting,development,"Independently collected relative to the current Y01 and Y03 release columns; row-level direct experimental status, primary source, and measurement conditions remain unresolved unless explicitly documented in the reconciliation table."
Training set (n=213),151,Ethylcyclohexane,C8H16,C(C)C1CCCCC1,IIEWJVIFRVWJOD-UHFFFAOYSA-N,34.38,39.0,HC-0045,Ethylcyclohexane,C8H16,full InChIKey + formula,retained for direct Y02 fitting,development,"Independently collected relative to the current Y01 and Y03 release columns; row-level direct experimental status, primary source, and measurement conditions remain unresolved unless explicitly documented in the reconciliation table."
Training set (n=213),152,Isopropylcyclopentane,C8H16,C(C)(C)C1CCCC1,TVSBRLGQVHJIKT-UHFFFAOYSA-N,34.0,197.0,HC-0208,Isopropylcyclopentane,C8H16,full InChIKey + formula,retained for direct Y02 fitting,development,"Independently collected relative to the current Y01 and Y03 release columns; row-level direct experimental status, primary source, and measurement conditions remain unresolved unless explicitly documented in the reconciliation table."
Training set (n=213),153,"cis-1,2-Dimethylcyclohexane",C8H16,C[C@H]1[C@H](CCCC1)C,KVZJLSYJROEPSQ-OCAPTIKFSA-N,34.75,134.0,HC-0143,"1,2-Dimethylcyclohexane, cis-",C8H16,full InChIKey + formula,retained for direct Y02 fitting,development,"Independently collected relative to the current Y01 and Y03 release columns; row-level direct experimental status, primary source, and measurement conditions remain unresolved unless explicitly documented in the reconciliation table."
Training set (n=213),154,"cis-1,3-Dimethylcyclohexane",C8H16,C[C@@H]1C[C@@H](CCC1)C,SGVUHPSBDNVHKL-OCAPTIKFSA-N,33.4,136.0,HC-0145,"1,3-Dimethylcyclohexane, cis-",C8H16,full InChIKey + formula,retained for direct Y02 fitting,development,"Independently collected relative to the current Y01 and Y03 release columns; row-level direct experimental status, primary source, and measurement conditions remain unresolved unless explicitly documented in the reconciliation table."
Training set (n=213),155,Cyclooctane,C8H16,C1CCCCCCC1,WJTCGQSWYFHTAC-UHFFFAOYSA-N,36.5,35.0,HC-0041,Cyclooctane,C8H16,full InChIKey + formula,retained for direct Y02 fitting,development,"Independently collected relative to the current Y01 and Y03 release columns; row-level direct experimental status, primary source, and measurement conditions remain unresolved unless explicitly documented in the reconciliation table."
Training set (n=213),157,"1,2,4-Trimethylcyclohexane",C9H18,CC1C(CC(CC1)C)C,VCJPCEVERINRSG-UHFFFAOYSA-N,34.7,133.0,HC-0142,"1,2,4-Trimethylcyclohexane",C9H18,full InChIKey + formula,retained for direct Y02 fitting,development,"Independently collected relative to the current Y01 and Y03 release columns; row-level direct experimental status, primary source, and measurement conditions remain unresolved unless explicitly documented in the reconciliation table."
Training set (n=213),159,"1,3,5-Trimethylcyclohexane",C9H18,CC1CC(CC(C1)C)C,ODNRTOSCFYDTKF-UHFFFAOYSA-N,34.3,225.0,HC-0236,"1,3,5-Trimethylcyclohexane",C9H18,full InChIKey + formula,retained for direct Y02 fitting,development,"Independently collected relative to the current Y01 and Y03 release columns; row-level direct experimental status, primary source, and measurement conditions remain unresolved unless explicitly documented in the reconciliation table."
Training set (n=213),161,Isopropylcyclohexane,C9H18,C(C)(C)C1CCCCC1,GWESVXSMPKAFAS-UHFFFAOYSA-N,34.98,150.0,HC-0159,Isopropylcyclohexane,C9H18,full InChIKey + formula,retained for direct Y02 fitting,development,"Independently collected relative to the current Y01 and Y03 release columns; row-level direct experimental status, primary source, and measurement conditions remain unresolved unless explicitly documented in the reconciliation table."
Training set (n=213),162,n-Propylcyclohexane,C9H18,C(CC)C1CCCCC1,DEDZSLCZHWTGOR-UHFFFAOYSA-N,34.62,45.0,HC-0052,Propylcyclohexane,C9H18,full InChIKey + formula,retained for direct Y02 fitting,development,"Independently collected relative to the current Y01 and Y03 release columns; row-level direct experimental status, primary source, and measurement conditions remain unresolved unless explicitly documented in the reconciliation table."
Training set (n=213),164,"1,6-Dimethyl-1,5-cyclooctadiene",C10H16,CC1=CCCC=C(CC1)C,UKNFYLAGXMXTKA-UHFFFAOYSA-N,34.6,270.0,HC-0281,"1,6-Dimethyl-1,5-cyclooctadiene",C10H16,full InChIKey + formula,retained for direct Y02 fitting,development,"Independently collected relative to the current Y01 and Y03 release columns; row-level direct experimental status, primary source, and measurement conditions remain unresolved unless explicitly documented in the reconciliation table."
Training set (n=213),165,"1,1-Diethylcyclohexane",C10H20,C(C)C1(CCCCC1)CC,GCYUJISWSVALJD-UHFFFAOYSA-N,35.81,223.0,HC-0234,"1,1-Diethylcyclohexane",C10H20,full InChIKey + formula,retained for direct Y02 fitting,development,"Independently collected relative to the current Y01 and Y03 release columns; row-level direct experimental status, primary source, and measurement conditions remain unresolved unless explicitly documented in the reconciliation table."
Training set (n=213),166,"1,4-Dimethylcyclooctane",C10H20,CC1CCC(CCCC1)C,GUOSBMCHCJXBMH-UHFFFAOYSA-N,36.22,269.0,HC-0280,"1,4-Dimethylcyclooctane",C10H20,full InChIKey + formula,retained for direct Y02 fitting,development,"Independently collected relative to the current Y01 and Y03 release columns; row-level direct experimental status, primary source, and measurement conditions remain unresolved unless explicitly documented in the reconciliation table."
Training set (n=213),167,n-Butylcyclohexane,C10H20,C(CCC)C1CCCCC1,GGBJHURWWWLEQH-UHFFFAOYSA-N,34.87,32.0,HC-0038,Butylcyclohexane,C10H20,full InChIKey + formula,retained for direct Y02 fitting,development,"Independently collected relative to the current Y01 and Y03 release columns; row-level direct experimental status, primary source, and measurement conditions remain unresolved unless explicitly documented in the reconciliation table."
Training set (n=213),168,n-Pentylcyclopentane,C10H20,C(CCCC)C1CCCC1,HPQURZRDYMUHJI-UHFFFAOYSA-N,35.2,198.0,HC-0209,Pentylcyclopentane,C10H20,full InChIKey + formula,retained for direct Y02 fitting,development,"Independently collected relative to the current Y01 and Y03 release columns; row-level direct experimental status, primary source, and measurement conditions remain unresolved unless explicitly documented in the reconciliation table."
Training set (n=213),169,p-Menthane (1-methyl-4-isopropylcyclohexane),C10H20,C(C)(C)C1CCC(CC1)C,CFJYNSNXFXLKNS-UHFFFAOYSA-N,34.72,138.0,HC-0147,1-Methyl-4-isopropylcyclohexane,C10H20,full InChIKey + formula,retained for direct Y02 fitting,development,"Independently collected relative to the current Y01 and Y03 release columns; row-level direct experimental status, primary source, and measurement conditions remain unresolved unless explicitly documented in the reconciliation table."
Training set (n=213),170,tert-Butylcyclohexane,C10H20,C(C)(C)(C)C1CCCCC1,XTVMZZBLCLWBPM-UHFFFAOYSA-N,35.5,199.0,HC-0210,tert-Butylcyclohexane,C10H20,full InChIKey + formula,retained for direct Y02 fitting,development,"Independently collected relative to the current Y01 and Y03 release columns; row-level direct experimental status, primary source, and measurement conditions remain unresolved unless explicitly documented in the reconciliation table."
Training set (n=213),172,n-Pentylcyclohexane,C11H22,C(CCCC)C1CCCCC1,HLTMUYBTNSVOFY-UHFFFAOYSA-N,35.2,152.0,HC-0161,Pentylcyclohexane,C11H22,full InChIKey + formula,retained for direct Y02 fitting,development,"Independently collected relative to the current Y01 and Y03 release columns; row-level direct experimental status, primary source, and measurement conditions remain unresolved unless explicitly documented in the reconciliation table."
Training set (n=213),173,Cyclododecene,C12H22,C1=CCCCCCCCCCC1,HYPABJGVBDSCIT-UHFFFAOYSA-N,37.4,228.0,HC-0239,Cyclododecene (stereochemistry unspecified),C12H22,full InChIKey + formula,retained for direct Y02 fitting,development,"Independently collected relative to the current Y01 and Y03 release columns; row-level direct experimental status, primary source, and measurement conditions remain unresolved unless explicitly documented in the reconciliation table."
Training set (n=213),174,"1,3-Diisopropylcyclohexane",C12H24,C(C)(C)C1CC(CCC1)C(C)C,WDTCMYUFBNCSKK-UHFFFAOYSA-N,34.9,267.0,HC-0278,"1,3-Diisopropylcyclohexane",C12H24,full InChIKey + formula,retained for direct Y02 fitting,development,"Independently collected relative to the current Y01 and Y03 release columns; row-level direct experimental status, primary source, and measurement conditions remain unresolved unless explicitly documented in the reconciliation table."
Training set (n=213),175,"1,4-Diisopropylcyclohexane",C12H24,C(C)(C)C1CCC(CC1)C(C)C,GMUJGUXGVJZHSK-UHFFFAOYSA-N,34.6,226.0,HC-0237,"1,4-Diisopropylcyclohexane",C12H24,full InChIKey + formula,retained for direct Y02 fitting,development,"Independently collected relative to the current Y01 and Y03 release columns; row-level direct experimental status, primary source, and measurement conditions remain unresolved unless explicitly documented in the reconciliation table."
Training set (n=213),177,n-Heptylcyclohexane,C13H26,C(CCCCCC)C1CCCCC1,MSTLSCNJAHAQNU-UHFFFAOYSA-N,35.37,41.0,HC-0047,Heptylcyclohexane,C13H26,full InChIKey + formula,retained for direct Y02 fitting,development,"Independently collected relative to the current Y01 and Y03 release columns; row-level direct experimental status, primary source, and measurement conditions remain unresolved unless explicitly documented in the reconciliation table."
Training set (n=213),178,n-Octylcyclohexane,C14H28,C(CCCCCCC)C1CCCCC1,FBXWCEKQCVOOLT-UHFFFAOYSA-N,35.51,44.0,HC-0051,Octylcyclohexane,C14H28,full InChIKey + formula,retained for direct Y02 fitting,development,"Independently collected relative to the current Y01 and Y03 release columns; row-level direct experimental status, primary source, and measurement conditions remain unresolved unless explicitly documented in the reconciliation table."
Training set (n=213),179,"1,1,3-Trimethyl-4-pentylcyclohexane",C14H28,CC1(CC(C(CC1)CCCCC)C)C,XOZIUUUDLHIIHB-UHFFFAOYSA-N,37.8,265.0,HC-0276,"1,1,3-Trimethyl-4-pentylcyclohexane",C14H28,full InChIKey + formula,retained for direct Y02 fitting,development,"Independently collected relative to the current Y01 and Y03 release columns; row-level direct experimental status, primary source, and measurement conditions remain unresolved unless explicitly documented in the reconciliation table."
Training set (n=213),180,"1,1,5-Trimethyl-2-pentylcyclohexane",C14H28,CC1(C(CCC(C1)C)CCCCC)C,VMWFOEZDEWOKHJ-UHFFFAOYSA-N,34.96,266.0,HC-0277,"1,1,5-Trimethyl-2-pentylcyclohexane",C14H28,full InChIKey + formula,retained for direct Y02 fitting,development,"Independently collected relative to the current Y01 and Y03 release columns; row-level direct experimental status, primary source, and measurement conditions remain unresolved unless explicitly documented in the reconciliation table."
Training set (n=213),181,"1,3-Dipentylcyclopentane",C15H30,C(CCCC)C1CC(CC1)CCCCC,XFTLHJZZZATUQT-UHFFFAOYSA-N,35.8,268.0,HC-0279,"1,3-Dipentylcyclopentane",C15H30,full InChIKey + formula,retained for direct Y02 fitting,development,"Independently collected relative to the current Y01 and Y03 release columns; row-level direct experimental status, primary source, and measurement conditions remain unresolved unless explicitly documented in the reconciliation table."
Training set (n=213),183,n-Nonylcyclohexane,C15H30,C(CCCCCCCC)C1CCCCC1,CLMFECCMAVQYQA-UHFFFAOYSA-N,36.0,151.0,HC-0160,Nonylcyclohexane,C15H30,full InChIKey + formula,retained for direct Y02 fitting,development,"Independently collected relative to the current Y01 and Y03 release columns; row-level direct experimental status, primary source, and measurement conditions remain unresolved unless explicitly documented in the reconciliation table."
Training set (n=213),184,n-Decylcyclohexane,C16H32,C(CCCCCCCCC)C1CCCCC1,STWFZICHPLEOIC-UHFFFAOYSA-N,35.7,37.0,HC-0043,Decylcyclohexane,C16H32,full InChIKey + formula,retained for direct Y02 fitting,development,"Independently collected relative to the current Y01 and Y03 release columns; row-level direct experimental status, primary source, and measurement conditions remain unresolved unless explicitly documented in the reconciliation table."
Training set (n=213),185,n-Dodecylcyclohexane,C18H36,C(CCCCCCCCCCC)C1CCCCC1,BLRBGKYYWDBAQQ-UHFFFAOYSA-N,35.87,38.0,HC-0044,Dodecylcyclohexane,C18H36,full InChIKey + formula,retained for direct Y02 fitting,development,"Independently collected relative to the current Y01 and Y03 release columns; row-level direct experimental status, primary source, and measurement conditions remain unresolved unless explicitly documented in the reconciliation table."
Training set (n=213),186,Benzene,C6H6,C1=CC=CC=C1,UHOVQNZJYSORNB-UHFFFAOYSA-N,35.5,50.0,HC-0058,Benzene,C6H6,full InChIKey + formula,retained for direct Y02 fitting,development,"Independently collected relative to the current Y01 and Y03 release columns; row-level direct experimental status, primary source, and measurement conditions remain unresolved unless explicitly documented in the reconciliation table."
Training set (n=213),187,Toluene,C7H8,CC1=CC=CC=C1,YXFVVABEGXRONW-UHFFFAOYSA-N,35.32,67.0,HC-0075,Toluene,C7H8,full InChIKey + formula,retained for direct Y02 fitting,development,"Independently collected relative to the current Y01 and Y03 release columns; row-level direct experimental status, primary source, and measurement conditions remain unresolved unless explicitly documented in the reconciliation table."
Training set (n=213),188,Ethylbenzene,C8H10,C(C)C1=CC=CC=C1,YNQLUTRBYVCPMQ-UHFFFAOYSA-N,35.66,55.0,HC-0063,Ethylbenzene,C8H10,full InChIKey + formula,retained for direct Y02 fitting,development,"Independently collected relative to the current Y01 and Y03 release columns; row-level direct experimental status, primary source, and measurement conditions remain unresolved unless explicitly documented in the reconciliation table."
Training set (n=213),189,m-Xylene,C8H10,C1(=CC(=CC=C1)C)C,IVSZLXZYQVIEFR-UHFFFAOYSA-N,35.43,59.0,HC-0067,M-Xylene,C8H10,full InChIKey + formula,retained for direct Y02 fitting,development,"Independently collected relative to the current Y01 and Y03 release columns; row-level direct experimental status, primary source, and measurement conditions remain unresolved unless explicitly documented in the reconciliation table."
Training set (n=213),190,o-Xylene,C8H10,C=1(C(=CC=CC1)C)C,CTQNGGLPUBDAKN-UHFFFAOYSA-N,36.07,61.0,HC-0069,O-Xylene,C8H10,full InChIKey + formula,retained for direct Y02 fitting,development,"Independently collected relative to the current Y01 and Y03 release columns; row-level direct experimental status, primary source, and measurement conditions remain unresolved unless explicitly documented in the reconciliation table."
Training set (n=213),191,p-Xylene,C8H10,C1(=CC=C(C=C1)C)C,URLKBWYHVLBVBO-UHFFFAOYSA-N,34.7,63.0,HC-0071,P-Xylene,C8H10,full InChIKey + formula,retained for direct Y02 fitting,development,"Independently collected relative to the current Y01 and Y03 release columns; row-level direct experimental status, primary source, and measurement conditions remain unresolved unless explicitly documented in the reconciliation table."
Training set (n=213),193,"1,2,4-Trimethylbenzene",C9H12,CC1=C(C=C(C=C1)C)C,GWHJZXXIDMPWGX-UHFFFAOYSA-N,36.09,46.0,HC-0054,"1,2,4-Trimethylbenzene",C9H12,full InChIKey + formula,retained for direct Y02 fitting,development,"Independently collected relative to the current Y01 and Y03 release columns; row-level direct experimental status, primary source, and measurement conditions remain unresolved unless explicitly documented in the reconciliation table."
Training set (n=213),194,"1,3,5-Trimethylbenzene (mesitylene)",C9H12,C1(=CC(=CC(=C1)C)C)C,AUHZEENZYGFFBQ-UHFFFAOYSA-N,34.9,60.0,HC-0068,Mesitylene,C9H12,full InChIKey + formula,retained for direct Y02 fitting,development,"Independently collected relative to the current Y01 and Y03 release columns; row-level direct experimental status, primary source, and measurement conditions remain unresolved unless explicitly documented in the reconciliation table."
Training set (n=213),195,1-Ethyl-2-methylbenzene,C9H12,C(C)C1=C(C=CC=C1)C,HYFLWBNQFMXCPA-UHFFFAOYSA-N,36.42,48.0,HC-0056,1-Ethyl-2-Methylbenzene,C9H12,full InChIKey + formula,retained for direct Y02 fitting,development,"Independently collected relative to the current Y01 and Y03 release columns; row-level direct experimental status, primary source, and measurement conditions remain unresolved unless explicitly documented in the reconciliation table."
Training set (n=213),196,1-Ethyl-4-methylbenzene,C9H12,C(C)C1=CC=C(C=C1)C,JRLPEMVDPFPYPJ-UHFFFAOYSA-N,35.62,49.0,HC-0057,1-Ethyl-4-Methylbenzene,C9H12,full InChIKey + formula,retained for direct Y02 fitting,development,"Independently collected relative to the current Y01 and Y03 release columns; row-level direct experimental status, primary source, and measurement conditions remain unresolved unless explicitly documented in the reconciliation table."
Training set (n=213),197,Cumene (isopropylbenzene),C9H12,C(C)(C)C1=CC=CC=C1,RWGFKTVRMDUZSP-UHFFFAOYSA-N,35.69,52.0,HC-0060,Cumene,C9H12,full InChIKey + formula,retained for direct Y02 fitting,development,"Independently collected relative to the current Y01 and Y03 release columns; row-level direct experimental status, primary source, and measurement conditions remain unresolved unless explicitly documented in the reconciliation table."
Training set (n=213),198,n-Propylbenzene,C9H12,C(CC)C1=CC=CC=C1,ODLMAHJVESYWTB-UHFFFAOYSA-N,35.71,64.0,HC-0072,Propylbenzene,C9H12,full InChIKey + formula,retained for direct Y02 fitting,development,"Independently collected relative to the current Y01 and Y03 release columns; row-level direct experimental status, primary source, and measurement conditions remain unresolved unless explicitly documented in the reconciliation table."
Training set (n=213),199,1-Methyl-3-isopropylbenzene,C10H14,CC1=CC(=CC=C1)C(C)C,XCYJPXQACVEIOS-UHFFFAOYSA-N,35.76,58.0,HC-0066,M-Cymene,C10H14,full InChIKey + formula,retained for direct Y02 fitting,development,"Independently collected relative to the current Y01 and Y03 release columns; row-level direct experimental status, primary source, and measurement conditions remain unresolved unless explicitly documented in the reconciliation table."
Training set (n=213),200,1-Methyl-3-propylbenzene,C10H14,CC1=CC(=CC=C1)CCC,QUEBYVKXYIKVSO-UHFFFAOYSA-N,35.79,155.0,HC-0164,"Benzene, 1-methyl-3-propyl-",C10H14,full InChIKey + formula,retained for direct Y02 fitting,development,"Independently collected relative to the current Y01 and Y03 release columns; row-level direct experimental status, primary source, and measurement conditions remain unresolved unless explicitly documented in the reconciliation table."
Training set (n=213),201,n-Butylbenzene,C10H14,C(CCC)C1=CC=CC=C1,OCKPCBLVNKHBMX-UHFFFAOYSA-N,35.83,51.0,HC-0059,Butylbenzene,C10H14,full InChIKey + formula,retained for direct Y02 fitting,development,"Independently collected relative to the current Y01 and Y03 release columns; row-level direct experimental status, primary source, and measurement conditions remain unresolved unless explicitly documented in the reconciliation table."
Training set (n=213),202,p-Cymene (1-methyl-4-isopropylbenzene),C10H14,CC1=CC=C(C=C1)C(C)C,HFPZCAJZSCWRBC-UHFFFAOYSA-N,34.8,62.0,HC-0070,P-Cymene,C10H14,full InChIKey + formula,retained for direct Y02 fitting,development,"Independently collected relative to the current Y01 and Y03 release columns; row-level direct experimental status, primary source, and measurement conditions remain unresolved unless explicitly documented in the reconciliation table."
Training set (n=213),203,sec-Butylbenzene,C10H14,C(C)(CC)C1=CC=CC=C1,ZJMWRROPUADPEA-UHFFFAOYSA-N,35.89,65.0,HC-0073,Sec-Butylbenzene,C10H14,full InChIKey + formula,retained for direct Y02 fitting,development,"Independently collected relative to the current Y01 and Y03 release columns; row-level direct experimental status, primary source, and measurement conditions remain unresolved unless explicitly documented in the reconciliation table."
Training set (n=213),204,n-Pentylbenzene,C11H16,C(CCCC)C1=CC=CC=C1,PWATWSYOIIXYMA-UHFFFAOYSA-N,35.94,202.0,HC-0213,Pentylbenzene,C11H16,full InChIKey + formula,retained for direct Y02 fitting,development,"Independently collected relative to the current Y01 and Y03 release columns; row-level direct experimental status, primary source, and measurement conditions remain unresolved unless explicitly documented in the reconciliation table."
Training set (n=213),205,n-Hexylbenzene,C12H18,C(CCCCC)C1=CC=CC=C1,LTEQMZWBSYACLV-UHFFFAOYSA-N,36.04,158.0,HC-0167,Hexylbenzene,C12H18,full InChIKey + formula,retained for direct Y02 fitting,development,"Independently collected relative to the current Y01 and Y03 release columns; row-level direct experimental status, primary source, and measurement conditions remain unresolved unless explicitly documented in the reconciliation table."
Training set (n=213),206,n-Heptylbenzene,C13H20,C(CCCCCC)C1=CC=CC=C1,LBNXAWYDQUGHGX-UHFFFAOYSA-N,36.11,231.0,HC-0242,Heptylbenzene,C13H20,full InChIKey + formula,retained for direct Y02 fitting,development,"Independently collected relative to the current Y01 and Y03 release columns; row-level direct experimental status, primary source, and measurement conditions remain unresolved unless explicitly documented in the reconciliation table."
Training set (n=213),208,n-Octylbenzene,C14H22,C(CCCCCCC)C1=CC=CC=C1,CDKDZKXSXLNROY-UHFFFAOYSA-N,36.17,159.0,HC-0168,Octylbenzene,C14H22,full InChIKey + formula,retained for direct Y02 fitting,development,"Independently collected relative to the current Y01 and Y03 release columns; row-level direct experimental status, primary source, and measurement conditions remain unresolved unless explicitly documented in the reconciliation table."
Training set (n=213),209,"1,3,5-Triisopropylbenzene",C15H24,C(C)(C)C1=CC(=CC(=C1)C(C)C)C(C)C,VUMCUSHVMYIRMB-UHFFFAOYSA-N,33.6,200.0,HC-0211,"1,3,5-Triisopropylbenzene",C15H24,full InChIKey + formula,retained for direct Y02 fitting,development,"Independently collected relative to the current Y01 and Y03 release columns; row-level direct experimental status, primary source, and measurement conditions remain unresolved unless explicitly documented in the reconciliation table."
Training set (n=213),210,n-Nonylbenzene,C15H24,C(CCCCCCCC)C1=CC=CC=C1,LIXVMPBOGDCSRM-UHFFFAOYSA-N,33.9,233.0,HC-0244,n-Nonylbenzene,C15H24,full InChIKey + formula,retained for direct Y02 fitting,development,"Independently collected relative to the current Y01 and Y03 release columns; row-level direct experimental status, primary source, and measurement conditions remain unresolved unless explicitly documented in the reconciliation table."
Training set (n=213),211,n-Decylbenzene,C16H26,C(CCCCCCCCC)C1=CC=CC=C1,UZILCZKGXMQEQR-UHFFFAOYSA-N,36.28,54.0,HC-0062,Decylbenzene,C16H26,full InChIKey + formula,retained for direct Y02 fitting,development,"Independently collected relative to the current Y01 and Y03 release columns; row-level direct experimental status, primary source, and measurement conditions remain unresolved unless explicitly documented in the reconciliation table."
Training set (n=213),212,n-Undecylbenzene,C17H28,C(CCCCCCCCCC)C1=CC=CC=C1,XBEADGFTLHRJRB-UHFFFAOYSA-N,36.42,163.0,HC-0172,Undecylbenzene,C17H28,full InChIKey + formula,retained for direct Y02 fitting,development,"Independently collected relative to the current Y01 and Y03 release columns; row-level direct experimental status, primary source, and measurement conditions remain unresolved unless explicitly documented in the reconciliation table."
Training set (n=213),213,n-Dodecylbenzene,C18H30,C(CCCCCCCCCCC)C1=CC=CC=C1,KWKXNDCHNDYVRT-UHFFFAOYSA-N,36.4,156.0,HC-0165,Dodecylbenzene,C18H30,full InChIKey + formula,retained for direct Y02 fitting,development,"Independently collected relative to the current Y01 and Y03 release columns; row-level direct experimental status, primary source, and measurement conditions remain unresolved unless explicitly documented in the reconciliation table."
Training set (n=213),214,n-Tridecylbenzene,C19H32,C(CCCCCCCCCCCC)C1=CC=CC=C1,MCVUKOYZUCWLQQ-UHFFFAOYSA-N,36.46,162.0,HC-0171,Tridecylbenzene,C19H32,full InChIKey + formula,retained for direct Y02 fitting,development,"Independently collected relative to the current Y01 and Y03 release columns; row-level direct experimental status, primary source, and measurement conditions remain unresolved unless explicitly documented in the reconciliation table."
External validation (n=30),10,1-Methylnorbornane,C8H14,,,38.5,205.0,HC-0216,1-Methylnorbornane,C8H14,formula + normalized name,retained for direct Y02 fitting,development,"Independently collected relative to the current Y01 and Y03 release columns; row-level direct experimental status, primary source, and measurement conditions remain unresolved unless explicitly documented in the reconciliation table."
External validation (n=30),11,Bicyclo[3.2.1]octane,C8H14,,,38.9,252.0,HC-0263,Bicyclo(3.2.1)octane,C8H14,formula + normalized name,retained for direct Y02 fitting,development,"Independently collected relative to the current Y01 and Y03 release columns; row-level direct experimental status, primary source, and measurement conditions remain unresolved unless explicitly documented in the reconciliation table."
External validation (n=30),13,"1,1-Dimethylcyclohexane",C8H16,,,34.7,132.0,HC-0141,"1,1-Dimethylcyclohexane",C8H16,formula + normalized name,retained for direct Y02 fitting,development,"Independently collected relative to the current Y01 and Y03 release columns; row-level direct experimental status, primary source, and measurement conditions remain unresolved unless explicitly documented in the reconciliation table."
External validation (n=30),15,1-Methyl-3-propylcyclohexane,C10H20,,,35.4,227.0,HC-0238,1-Methyl-3-propylcyclohexane,C10H20,formula + normalized name,retained for direct Y02 fitting,development,"Independently collected relative to the current Y01 and Y03 release columns; row-level direct experimental status, primary source, and measurement conditions remain unresolved unless explicitly documented in the reconciliation table."
External validation (n=30),16,Butylcyclopentane,C9H18,,,34.6,142.0,HC-0151,Butylcyclopentane,C9H18,formula + normalized name,retained for direct Y02 fitting,development,"Independently collected relative to the current Y01 and Y03 release columns; row-level direct experimental status, primary source, and measurement conditions remain unresolved unless explicitly documented in the reconciliation table."
External validation (n=30),18,"2,3-Dimethylheptane",C9H20,,,32.9,207.0,HC-0218,"2,3-Dimethylheptane",C9H20,formula + normalized name,retained for direct Y02 fitting,development,"Independently collected relative to the current Y01 and Y03 release columns; row-level direct experimental status, primary source, and measurement conditions remain unresolved unless explicitly documented in the reconciliation table."
External validation (n=30),19,"3,4-Dimethyloctane",C10H22,,,33.5,262.0,HC-0273,"3,4-Dimethyloctane",C10H22,formula + normalized name,retained for direct Y02 fitting,development,"Independently collected relative to the current Y01 and Y03 release columns; row-level direct experimental status, primary source, and measurement conditions remain unresolved unless explicitly documented in the reconciliation table."
External validation (n=30),21,2-Methylnaphthalene,C11H10,,,45.8,171.0,HC-0182,2-Methylnaphthalene,C11H10,formula + normalized name,retained for direct Y02 fitting,development,"Independently collected relative to the current Y01 and Y03 release columns; row-level direct experimental status, primary source, and measurement conditions remain unresolved unless explicitly documented in the reconciliation table."
External validation (n=30),22,Cyclohexylbenzene,C12H16,,,41.0,53.0,HC-0061,Cyclohexylbenzene,C12H16,formula + normalized name,retained for direct Y02 fitting,development,"Independently collected relative to the current Y01 and Y03 release columns; row-level direct experimental status, primary source, and measurement conditions remain unresolved unless explicitly documented in the reconciliation table."
External validation (n=30),23,Cyclopentylbenzene,C11H14,,,40.4,230.0,HC-0241,Cyclopentylbenzene,C11H14,formula + normalized name,retained for direct Y02 fitting,development,"Independently collected relative to the current Y01 and Y03 release columns; row-level direct experimental status, primary source, and measurement conditions remain unresolved unless explicitly documented in the reconciliation table."
External validation (n=30),24,p-Diethylbenzene,C10H14,,,36.95,47.0,HC-0055,"1,4-Diethylbenzene",C10H14,explicit chemical-name synonym + formula,retained for direct Y02 fitting,development,"Independently collected relative to the current Y01 and Y03 release columns; row-level direct experimental status, primary source, and measurement conditions remain unresolved unless explicitly documented in the reconciliation table."
Training set (n=213),135,"2,6,10-Trimethyldodecane (farnesane)",C15H32,CCC(C)CCCC(C)CCCC(C)C,YFHFHLSMISYUAQ-UHFFFAOYSA-N,33.9,128.0,HC-0137,Farnesane,C15H32,full InChIKey + formula,excluded: conflicting legacy Y02 labels map to the same current record,not linked to current release,"Independently collected relative to the current Y01 and Y03 release columns; row-level direct experimental status, primary source, and measurement conditions remain unresolved unless explicitly documented in the reconciliation table."
External validation (n=30),17,Farnesane,C15H32,,,35.2,128.0,HC-0137,Farnesane,C15H32,formula + normalized name,excluded: conflicting legacy Y02 labels map to the same current record,not linked to current release,"Independently collected relative to the current Y01 and Y03 release columns; row-level direct experimental status, primary source, and measurement conditions remain unresolved unless explicitly documented in the reconciliation table."
Training set (n=213),3,Norbornadiene,C7H8,C12=CC=C(CC1)C2,UFLCUWLPQBPVQL-UHFFFAOYSA-N,38.5,,,,,,not present in current 300-record development table,not linked to current release,"Independently collected relative to the current Y01 and Y03 release columns; row-level direct experimental status, primary source, and measurement conditions remain unresolved unless explicitly documented in the reconciliation table."
Training set (n=213),7,Norbornane,C7H12,C12CCC(CC1)C2,UMRZSTCPUPJPOJ-UHFFFAOYSA-N,36.8,,,,,,not present in current 300-record development table,not linked to current release,"Independently collected relative to the current Y01 and Y03 release columns; row-level direct experimental status, primary source, and measurement conditions remain unresolved unless explicitly documented in the reconciliation table."
Training set (n=213),8,Ladderane (cis-[3]-ladderane),C8H12,,,42.3,,,,,,not present in current 300-record development table,not linked to current release,"Independently collected relative to the current Y01 and Y03 release columns; row-level direct experimental status, primary source, and measurement conditions remain unresolved unless explicitly documented in the reconciliation table."
Training set (n=213),14,Ethylnorbornene (fuel 31),C9H14,,,38.02,,,,,,not present in current 300-record development table,not linked to current release,"Independently collected relative to the current Y01 and Y03 release columns; row-level direct experimental status, primary source, and measurement conditions remain unresolved unless explicitly documented in the reconciliation table."
Training set (n=213),16,Ethylnorbornane (fuel 32),C9H16,,,37.19,,,,,,not present in current 300-record development table,not linked to current release,"Independently collected relative to the current Y01 and Y03 release columns; row-level direct experimental status, primary source, and measurement conditions remain unresolved unless explicitly documented in the reconciliation table."
Training set (n=213),17,Methyloctahydropentalene,C9H16,,,38.31,,,,,,not present in current 300-record development table,not linked to current release,"Independently collected relative to the current Y01 and Y03 release columns; row-level direct experimental status, primary source, and measurement conditions remain unresolved unless explicitly documented in the reconciliation table."
Training set (n=213),18,Octahydroindene (hydrindane),C9H16,C1CCC2CCCC2C1,BNRNAKTVFSZAFA-UHFFFAOYSA-N,38.1,,,,,,not present in current 300-record development table,not linked to current release,"Independently collected relative to the current Y01 and Y03 release columns; row-level direct experimental status, primary source, and measurement conditions remain unresolved unless explicitly documented in the reconciliation table."
Training set (n=213),22,Dimethylladderane,C10H16,,,34.12,,,,,,not present in current 300-record development table,not linked to current release,"Independently collected relative to the current Y01 and Y03 release columns; row-level direct experimental status, primary source, and measurement conditions remain unresolved unless explicitly documented in the reconciliation table."
Training set (n=213),24,Decahydronaphthalene (decalin),C10H18,C1CCCC2CCCCC12,NNBZCPXTIHJBJL-UHFFFAOYSA-N,37.5,,HC-0004,,,,retained as internal held-out Y02 response,internal_heldout_test,"Independently collected relative to the current Y01 and Y03 release columns; row-level direct experimental status, primary source, and measurement conditions remain unresolved unless explicitly documented in the reconciliation table."
Training set (n=213),26,Camphane / bornane (fuel 34),C10H18,C12(CCC(CC1)C2(C)C)C,BEWYHVAWEKZDPP-UHFFFAOYSA-N,36.81,,,,,,not present in current 300-record development table,not linked to current release,"Independently collected relative to the current Y01 and Y03 release columns; row-level direct experimental status, primary source, and measurement conditions remain unresolved unless explicitly documented in the reconciliation table."
Training set (n=213),29,cis-Decahydronaphthalene,C10H18,C1CCC[C@@H]2CCCC[C@H]12,NNBZCPXTIHJBJL-AOOOYVTPSA-N,38.38,,,,,,not present in current 300-record development table,not linked to current release,"Independently collected relative to the current Y01 and Y03 release columns; row-level direct experimental status, primary source, and measurement conditions remain unresolved unless explicitly documented in the reconciliation table."
Training set (n=213),30,cis-Pinane,C10H18,,,35.6,,,,,,not present in current 300-record development table,not linked to current release,"Independently collected relative to the current Y01 and Y03 release columns; row-level direct experimental status, primary source, and measurement conditions remain unresolved unless explicitly documented in the reconciliation table."
Training set (n=213),31,trans-Decahydronaphthalene,C10H18,C1CCC[C@@H]2CCCC[C@@H]12,NNBZCPXTIHJBJL-MGCOHNPYSA-N,37.16,,,,,,not present in current 300-record development table,not linked to current release,"Independently collected relative to the current Y01 and Y03 release columns; row-level direct experimental status, primary source, and measurement conditions remain unresolved unless explicitly documented in the reconciliation table."
Training set (n=213),32,trans-Pinane,C10H18,,,35.3,,,,,,not present in current 300-record development table,not linked to current release,"Independently collected relative to the current Y01 and Y03 release columns; row-level direct experimental status, primary source, and measurement conditions remain unresolved unless explicitly documented in the reconciliation table."
Training set (n=213),38,cis-3-Pinanone,C10H16O,C[C@H]1[C@@H]2C[C@@H](C2(C)C)CC1=O,MQPHVIPKLRXGDJ-RNJXMRFFSA-N,36.7,,,,,,not present in current 300-record development table,not linked to current release,"Independently collected relative to the current Y01 and Y03 release columns; row-level direct experimental status, primary source, and measurement conditions remain unresolved unless explicitly documented in the reconciliation table."
Training set (n=213),40,Dimethyloctahydroindene,C11H20,,,40.0,,,,,,not present in current 300-record development table,not linked to current release,"Independently collected relative to the current Y01 and Y03 release columns; row-level direct experimental status, primary source, and measurement conditions remain unresolved unless explicitly documented in the reconciliation table."
Training set (n=213),41,Guaiacol-furfuryl alcohol alkylation product,C10.9H21.8,,,34.84,,,,,,not present in current 300-record development table,not linked to current release,"Independently collected relative to the current Y01 and Y03 release columns; row-level direct experimental status, primary source, and measurement conditions remain unresolved unless explicitly documented in the reconciliation table."
Training set (n=213),42,cis-2-Pinanol,C10H18O,[C@H]12C(CC[C@H](C1(C)C)C2)(C)O,YYWZKGZIIKPPJZ-VLCSVPMDSA-N,36.6,,,,,,not present in current 300-record development table,not linked to current release,"Independently collected relative to the current Y01 and Y03 release columns; row-level direct experimental status, primary source, and measurement conditions remain unresolved unless explicitly documented in the reconciliation table."
Training set (n=213),44,"1,3-Dimethyladamantane",C12H20,CC12CC3(CC(CC(C1)C3)C2)C,CWNOIUTVJRWADX-UHFFFAOYSA-N,37.9,,HC-0174,,,,retained as internal held-out Y02 response,internal_heldout_test,"Independently collected relative to the current Y01 and Y03 release columns; row-level direct experimental status, primary source, and measurement conditions remain unresolved unless explicitly documented in the reconciliation table."
Training set (n=213),46,RJ-4 (methyl-bicyclohexane mixture),C12H20,,,39.1,,,,,,not present in current 300-record development table,not linked to current release,"Independently collected relative to the current Y01 and Y03 release columns; row-level direct experimental status, primary source, and measurement conditions remain unresolved unless explicitly documented in the reconciliation table."
Training set (n=213),47,"cis,cis,cis-Perhydroacenaphthene",C12H20,,,39.6,,,,,,not present in current 300-record development table,not linked to current release,"Independently collected relative to the current Y01 and Y03 release columns; row-level direct experimental status, primary source, and measurement conditions remain unresolved unless explicitly documented in the reconciliation table."
Training set (n=213),51,Alkyloctahydroindene,C12H22,,,37.1,,,,,,not present in current 300-record development table,not linked to current release,"Independently collected relative to the current Y01 and Y03 release columns; row-level direct experimental status, primary source, and measurement conditions remain unresolved unless explicitly documented in the reconciliation table."
Training set (n=213),52,Dimethyldecahydronaphthalene,C12H22,,,39.13,,,,,,not present in current 300-record development table,not linked to current release,"Independently collected relative to the current Y01 and Y03 release columns; row-level direct experimental status, primary source, and measurement conditions remain unresolved unless explicitly documented in the reconciliation table."
Training set (n=213),57,7-Methyldodecahydrocyclopenta[a]indene,C13H22,CC1C2CC3C(C2CCC1)CCC3,MGPRXJPJNMBZSK-UHFFFAOYSA-N,44.65,,,,,,not present in current 300-record development table,not linked to current release,"Independently collected relative to the current Y01 and Y03 release columns; row-level direct experimental status, primary source, and measurement conditions remain unresolved unless explicitly documented in the reconciliation table."
Training set (n=213),58,1-Butylnaphthalene,C14H16,C(CCC)C1=CC=CC2=CC=CC=C12,URGSMJLDEFDWNX-UHFFFAOYSA-N,39.86,,HC-0179,,,,retained as internal held-out Y02 response,internal_heldout_test,"Independently collected relative to the current Y01 and Y03 release columns; row-level direct experimental status, primary source, and measurement conditions remain unresolved unless explicitly documented in the reconciliation table."
Training set (n=213),60,Butyladamantane,C14H24,,,40.2,,,,,,not present in current 300-record development table,not linked to current release,"Independently collected relative to the current Y01 and Y03 release columns; row-level direct experimental status, primary source, and measurement conditions remain unresolved unless explicitly documented in the reconciliation table."
Training set (n=213),61,Tetradecahydroanthracene,C14H24,C1CCCC2CC3CCCCC3CC12,GVJFFQYXVOJXFI-UHFFFAOYSA-N,39.7,,,,,,not present in current 300-record development table,not linked to current release,"Independently collected relative to the current Y01 and Y03 release columns; row-level direct experimental status, primary source, and measurement conditions remain unresolved unless explicitly documented in the reconciliation table."
Training set (n=213),63,Polymethyl bicyclohexyl,C14H26,,,37.15,,,,,,not present in current 300-record development table,not linked to current release,"Independently collected relative to the current Y01 and Y03 release columns; row-level direct experimental status, primary source, and measurement conditions remain unresolved unless explicitly documented in the reconciliation table."
Training set (n=213),64,1-Pentylnaphthalene,C15H18,C(CCCC)C1=CC=CC2=CC=CC=C12,FDHDUXOBMHHFFJ-UHFFFAOYSA-N,39.27,,,,,,not present in current 300-record development table,not linked to current release,"Independently collected relative to the current Y01 and Y03 release columns; row-level direct experimental status, primary source, and measurement conditions remain unresolved unless explicitly documented in the reconciliation table."
Training set (n=213),65,C14 fused cyclic ketone,C14H16O,,,39.9,,,,,,not present in current 300-record development table,not linked to current release,"Independently collected relative to the current Y01 and Y03 release columns; row-level direct experimental status, primary source, and measurement conditions remain unresolved unless explicitly documented in the reconciliation table."
Training set (n=213),66,exo-Tetrahydrotricyclopentadiene,C15H22,,,43.7,,,,,,not present in current 300-record development table,not linked to current release,"Independently collected relative to the current Y01 and Y03 release columns; row-level direct experimental status, primary source, and measurement conditions remain unresolved unless explicitly documented in the reconciliation table."
Training set (n=213),67,"1,1':2',1""-Tercyclopentane",C15H24,,,40.2,,,,,,not present in current 300-record development table,not linked to current release,"Independently collected relative to the current Y01 and Y03 release columns; row-level direct experimental status, primary source, and measurement conditions remain unresolved unless explicitly documented in the reconciliation table."
Training set (n=213),68,Aromadendrene (fuel 28),C15H24,C[C@@H]1CC[C@@H]2[C@@H]1[C@H]3[C@H](C3(C)C)CCC2=C,ITYNGVSTWVVPIC-XVIXHAIJSA-N,39.19,,,,,,not present in current 300-record development table,not linked to current release,"Independently collected relative to the current Y01 and Y03 release columns; row-level direct experimental status, primary source, and measurement conditions remain unresolved unless explicitly documented in the reconciliation table."
Training set (n=213),69,α-Neocarene (fuel 14),C15H24,,,41.71,,,,,,not present in current 300-record development table,not linked to current release,"Independently collected relative to the current Y01 and Y03 release columns; row-level direct experimental status, primary source, and measurement conditions remain unresolved unless explicitly documented in the reconciliation table."
Training set (n=213),70,β-Caryophyllene (fuel 22),C15H24,C\C1=C/CCC(=C)[C@H]2CC(C)(C)[C@@H]2CC1,NPNUFJAVOOONJE-GFUGXAQUSA-N,39.88,,,,,,not present in current 300-record development table,not linked to current release,"Independently collected relative to the current Y01 and Y03 release columns; row-level direct experimental status, primary source, and measurement conditions remain unresolved unless explicitly documented in the reconciliation table."
Training set (n=213),71,γ-Neocarene (fuel 18),C15H24,,,41.07,,,,,,not present in current 300-record development table,not linked to current release,"Independently collected relative to the current Y01 and Y03 release columns; row-level direct experimental status, primary source, and measurement conditions remain unresolved unless explicitly documented in the reconciliation table."
Training set (n=213),73,C15 methyl dodecahydrocyclopenta[a]indene,C15H26,,,39.5,,,,,,not present in current 300-record development table,not linked to current release,"Independently collected relative to the current Y01 and Y03 release columns; row-level direct experimental status, primary source, and measurement conditions remain unresolved unless explicitly documented in the reconciliation table."
Training set (n=213),74,1-Pentyladamantane,C15H26,C(CCCC)C12CC3CC(CC(C1)C3)C2,CVGQRWVZZMXSHI-UHFFFAOYSA-N,38.99,,,,,,not present in current 300-record development table,not linked to current release,"Independently collected relative to the current Y01 and Y03 release columns; row-level direct experimental status, primary source, and measurement conditions remain unresolved unless explicitly documented in the reconciliation table."
Training set (n=213),75,Ethyl-bicyclohexylmethane,C15H28,,,37.27,,,,,,not present in current 300-record development table,not linked to current release,"Independently collected relative to the current Y01 and Y03 release columns; row-level direct experimental status, primary source, and measurement conditions remain unresolved unless explicitly documented in the reconciliation table."
Training set (n=213),76,Compound 1A (C14H18O2),C14H18O2,,,39.4,,,,,,not present in current 300-record development table,not linked to current release,"Independently collected relative to the current Y01 and Y03 release columns; row-level direct experimental status, primary source, and measurement conditions remain unresolved unless explicitly documented in the reconciliation table."
Training set (n=213),81,1-Octene,C8H16,C=CCCCCCC,KWKAKUADMBZCLK-UHFFFAOYSA-N,31.4,,HC-0001,,,,retained as internal held-out Y02 response,internal_heldout_test,"Independently collected relative to the current Y01 and Y03 release columns; row-level direct experimental status, primary source, and measurement conditions remain unresolved unless explicitly documented in the reconciliation table."
Training set (n=213),84,Di-n-butyl ether,C8H18O,C(CCC)OCCCC,DURPTKYDGMDSBL-UHFFFAOYSA-N,32.3,,,,,,not present in current 300-record development table,not linked to current release,"Independently collected relative to the current Y01 and Y03 release columns; row-level direct experimental status, primary source, and measurement conditions remain unresolved unless explicitly documented in the reconciliation table."
Training set (n=213),85,Decane,C10H22,CCCCCCCCCC,DIOQZVSQGTUSAI-UHFFFAOYSA-N,32.46,,HC-0022,,,,retained as internal held-out Y02 response,internal_heldout_test,"Independently collected relative to the current Y01 and Y03 release columns; row-level direct experimental status, primary source, and measurement conditions remain unresolved unless explicitly documented in the reconciliation table."
Training set (n=213),97,"2,2,3-Trimethylbutane",C7H16,CC(C)(C(C)C)C,ZISSAWUMDACLOM-UHFFFAOYSA-N,30.85,,HC-0007,,,,retained as internal held-out Y02 response,internal_heldout_test,"Independently collected relative to the current Y01 and Y03 release columns; row-level direct experimental status, primary source, and measurement conditions remain unresolved unless explicitly documented in the reconciliation table."
Training set (n=213),108,Branched C9 unsaturated ketone,C9H12O,,,36.9,,,,,,not present in current 300-record development table,not linked to current release,"Independently collected relative to the current Y01 and Y03 release columns; row-level direct experimental status, primary source, and measurement conditions remain unresolved unless explicitly documented in the reconciliation table."
Training set (n=213),109,Linear C9 unsaturated ketone,C9H12O,,,36.4,,,,,,not present in current 300-record development table,not linked to current release,"Independently collected relative to the current Y01 and Y03 release columns; row-level direct experimental status, primary source, and measurement conditions remain unresolved unless explicitly documented in the reconciliation table."
Training set (n=213),115,Branched C9 hydroxy ketone,C9H14O2,,,36.9,,,,,,not present in current 300-record development table,not linked to current release,"Independently collected relative to the current Y01 and Y03 release columns; row-level direct experimental status, primary source, and measurement conditions remain unresolved unless explicitly documented in the reconciliation table."
Training set (n=213),121,3-Ethyldecane,C12H26,C(C)C(CC)CCCCCCC,ZBDDVSBBCGZQDV-UHFFFAOYSA-N,33.54,,,,,,not present in current 300-record development table,not linked to current release,"Independently collected relative to the current Y01 and Y03 release columns; row-level direct experimental status, primary source, and measurement conditions remain unresolved unless explicitly documented in the reconciliation table."
Training set (n=213),123,"2,2,4,4,6,8,8-Heptamethylnonane (isocetane)",C12H26,,,32.2,,,,,,not present in current 300-record development table,not linked to current release,"Independently collected relative to the current Y01 and Y03 release columns; row-level direct experimental status, primary source, and measurement conditions remain unresolved unless explicitly documented in the reconciliation table."
Training set (n=213),132,"2,10-Dimethyl-6-undecanone",C13H26O,CC(C)CCCC(CCCC(C)C)=O,GEDUSQFJZAKUOH-UHFFFAOYSA-N,34.3,,,,,,not present in current 300-record development table,not linked to current release,"Independently collected relative to the current Y01 and Y03 release columns; row-level direct experimental status, primary source, and measurement conditions remain unresolved unless explicitly documented in the reconciliation table."
Training set (n=213),133,Ethyl decanoate,C12H24O2,C(CCCCCCCCC)(=O)OCC,RGXWDWUGBIJHDO-UHFFFAOYSA-N,33.3,,,,,,not present in current 300-record development table,not linked to current release,"Independently collected relative to the current Y01 and Y03 release columns; row-level direct experimental status, primary source, and measurement conditions remain unresolved unless explicitly documented in the reconciliation table."
Training set (n=213),137,Ethyl dodecanoate (ethyl laurate),C14H28O2,C(CCCCCCCCCCC)(=O)OCC,MMXKVMNBHPAILY-UHFFFAOYSA-N,33.5,,,,,,not present in current 300-record development table,not linked to current release,"Independently collected relative to the current Y01 and Y03 release columns; row-level direct experimental status, primary source, and measurement conditions remain unresolved unless explicitly documented in the reconciliation table."
Training set (n=213),156,"1,2,3-Trimethylcyclohexane (1α,2β,3α)",C9H18,,,34.28,,,,,,not present in current 300-record development table,not linked to current release,"Independently collected relative to the current Y01 and Y03 release columns; row-level direct experimental status, primary source, and measurement conditions remain unresolved unless explicitly documented in the reconciliation table."
Training set (n=213),158,"1,2,4-Trimethylcyclohexane (1α,2β,4β)",C9H18,,,33.7,,,,,,not present in current 300-record development table,not linked to current release,"Independently collected relative to the current Y01 and Y03 release columns; row-level direct experimental status, primary source, and measurement conditions remain unresolved unless explicitly documented in the reconciliation table."
Training set (n=213),160,"1,3-Diethylcyclopentane",C9H18,C(C)C1CC(CC1)CC,RUUVWUNHERVOAY-UHFFFAOYSA-N,34.7,,,,,,not present in current 300-record development table,not linked to current release,"Independently collected relative to the current Y01 and Y03 release columns; row-level direct experimental status, primary source, and measurement conditions remain unresolved unless explicitly documented in the reconciliation table."
Training set (n=213),163,2-Butyltetrahydrofuran,C8H16O,C(CCC)C1OCCC1,GBOMEIMCQWMHGB-UHFFFAOYSA-N,33.7,,,,,,not present in current 300-record development table,not linked to current release,"Independently collected relative to the current Y01 and Y03 release columns; row-level direct experimental status, primary source, and measurement conditions remain unresolved unless explicitly documented in the reconciliation table."
Training set (n=213),171,4-Isopropyl-1-methylcyclohexen-ol (terpinen-4-ol),C10H18O,CC1=CCC(C(C)C)(O)CC1,WRYLYDPHFGVWKC-UHFFFAOYSA-N,35.9,,,,,,not present in current 300-record development table,not linked to current release,"Independently collected relative to the current Y01 and Y03 release columns; row-level direct experimental status, primary source, and measurement conditions remain unresolved unless explicitly documented in the reconciliation table."
Training set (n=213),176,n-Hexylcyclohexane,C12H24,C(CCCCC)C1CCCCC1,QHWAQXOSHHKCFK-UHFFFAOYSA-N,35.21,,HC-0048,,,,retained as internal held-out Y02 response,internal_heldout_test,"Independently collected relative to the current Y01 and Y03 release columns; row-level direct experimental status, primary source, and measurement conditions remain unresolved unless explicitly documented in the reconciliation table."
Training set (n=213),182,"2-Hexyl-1,1,5-trimethylcyclohexane",C15H30,C(CCCCC)C1C(CC(CC1)C)(C)C,CPJMNTQTMNBTCC-UHFFFAOYSA-N,36.29,,,,,,not present in current 300-record development table,not linked to current release,"Independently collected relative to the current Y01 and Y03 release columns; row-level direct experimental status, primary source, and measurement conditions remain unresolved unless explicitly documented in the reconciliation table."
Training set (n=213),192,"1,2,3-Trimethylbenzene",C9H12,CC1=C(C(=CC=C1)C)C,FYGHSUNMUKGBRK-UHFFFAOYSA-N,36.88,,HC-0053,,,,retained as internal held-out Y02 response,internal_heldout_test,"Independently collected relative to the current Y01 and Y03 release columns; row-level direct experimental status, primary source, and measurement conditions remain unresolved unless explicitly documented in the reconciliation table."
Training set (n=213),207,tert-Pentylbenzene,C13H20,,,34.1,,,,,,not present in current 300-record development table,not linked to current release,"Independently collected relative to the current Y01 and Y03 release columns; row-level direct experimental status, primary source, and measurement conditions remain unresolved unless explicitly documented in the reconciliation table."
External validation (n=30),2,Tetrahydrotricyclopentadiene,C15H22,,,42.3,,,,,,not present in current 300-record development table,not linked to current release,"Independently collected relative to the current Y01 and Y03 release columns; row-level direct experimental status, primary source, and measurement conditions remain unresolved unless explicitly documented in the reconciliation table."
External validation (n=30),3,Diamantane,C14H20,,,51.18,,,,,,not present in current 300-record development table,not linked to current release,"Independently collected relative to the current Y01 and Y03 release columns; row-level direct experimental status, primary source, and measurement conditions remain unresolved unless explicitly documented in the reconciliation table."
External validation (n=30),4,2-Methyladamantane,C11H18,,,38.77,,,,,,not present in current 300-record development table,not linked to current release,"Independently collected relative to the current Y01 and Y03 release columns; row-level direct experimental status, primary source, and measurement conditions remain unresolved unless explicitly documented in the reconciliation table."
External validation (n=30),5,Adamantane,C10H16,,,45.7,,,,,,not present in current 300-record development table,not linked to current release,"Independently collected relative to the current Y01 and Y03 release columns; row-level direct experimental status, primary source, and measurement conditions remain unresolved unless explicitly documented in the reconciliation table."
External validation (n=30),6,alpha-Pinane,C10H18,,,37.7,,,,,,not present in current 300-record development table,not linked to current release,"Independently collected relative to the current Y01 and Y03 release columns; row-level direct experimental status, primary source, and measurement conditions remain unresolved unless explicitly documented in the reconciliation table."
External validation (n=30),7,beta-Pinane,C10H18,,,37.6,,,,,,not present in current 300-record development table,not linked to current release,"Independently collected relative to the current Y01 and Y03 release columns; row-level direct experimental status, primary source, and measurement conditions remain unresolved unless explicitly documented in the reconciliation table."
External validation (n=30),8,Camphene,C10H16,,,37.4,,,,,,not present in current 300-record development table,not linked to current release,"Independently collected relative to the current Y01 and Y03 release columns; row-level direct experimental status, primary source, and measurement conditions remain unresolved unless explicitly documented in the reconciliation table."
External validation (n=30),9,Limonane,C10H20,,,37.2,,,,,,not present in current 300-record development table,not linked to current release,"Independently collected relative to the current Y01 and Y03 release columns; row-level direct experimental status, primary source, and measurement conditions remain unresolved unless explicitly documented in the reconciliation table."
External validation (n=30),12,"Tricyclo[3.3.0.0(3,7)]octane",C8H12,,,41.6,,,,,,not present in current 300-record development table,not linked to current release,"Independently collected relative to the current Y01 and Y03 release columns; row-level direct experimental status, primary source, and measurement conditions remain unresolved unless explicitly documented in the reconciliation table."
External validation (n=30),14,"trans-1,4-Dimethylcyclohexane",C8H16,,,34.5,,,,,,not present in current 300-record development table,not linked to current release,"Independently collected relative to the current Y01 and Y03 release columns; row-level direct experimental status, primary source, and measurement conditions remain unresolved unless explicitly documented in the reconciliation table."
External validation (n=30),20,Naphthalene,C10H8,,,48.1,,,,,,not present in current 300-record development table,not linked to current release,"Independently collected relative to the current Y01 and Y03 release columns; row-level direct experimental status, primary source, and measurement conditions remain unresolved unless explicitly documented in the reconciliation table."
External validation (n=30),25,Diethylnaphthalene,C14H16,,,43.5,,,,,,not present in current 300-record development table,not linked to current release,"Independently collected relative to the current Y01 and Y03 release columns; row-level direct experimental status, primary source, and measurement conditions remain unresolved unless explicitly documented in the reconciliation table."
External validation (n=30),26,Pentacyclododecane,C12H18,,,43.9,,,,,,not present in current 300-record development table,not linked to current release,"Independently collected relative to the current Y01 and Y03 release columns; row-level direct experimental status, primary source, and measurement conditions remain unresolved unless explicitly documented in the reconciliation table."
External validation (n=30),27,Dihydrodinorbornadiene,C11H16,,,41.7,,,,,,not present in current 300-record development table,not linked to current release,"Independently collected relative to the current Y01 and Y03 release columns; row-level direct experimental status, primary source, and measurement conditions remain unresolved unless explicitly documented in the reconciliation table."
External validation (n=30),28,1-Ethylbicyclohexane,C14H26,,,38.8,,,,,,not present in current 300-record development table,not linked to current release,"Independently collected relative to the current Y01 and Y03 release columns; row-level direct experimental status, primary source, and measurement conditions remain unresolved unless explicitly documented in the reconciliation table."
External validation (n=30),29,Longifolane,C15H24,,,39.7,,,,,,not present in current 300-record development table,not linked to current release,"Independently collected relative to the current Y01 and Y03 release columns; row-level direct experimental status, primary source, and measurement conditions remain unresolved unless explicitly documented in the reconciliation table."
External validation (n=30),30,Squalane,C30H62,,,36.0,,,,,,not present in current 300-record development table,not linked to current release,"Independently collected relative to the current Y01 and Y03 release columns; row-level direct experimental status, primary source, and measurement conditions remain unresolved unless explicitly documented in the reconciliation table."
External validation (n=30),31,Cyclopentanone,C5H8O,,,34.4,,,,,,not present in current 300-record development table,not linked to current release,"Independently collected relative to the current Y01 and Y03 release columns; row-level direct experimental status, primary source, and measurement conditions remain unresolved unless explicitly documented in the reconciliation table."
