record_id,partition,molecule_name,molecular_formula,inchikey,canonical_smiles,Y02,legacy_sheet,legacy_row,legacy_name,legacy_formula,legacy_smiles,legacy_inchikey,match_method,legacy_record_number,legacy_reference_id,legacy_primary_reference,legacy_full_citation,legacy_reference_verification_status,legacy_property_provenance_status,release_reference_id,source_claim_boundary
HC-0003,development,Bicyclohexyl,C12H22,WVIIMZNLDWSIRH-UHFFFAOYSA-N,C1CCC(C2CCCCC2)CC1,38.11,Training set (n=213),49,Bicyclohexyl,C12H22,C1(CCCCC1)C1CCCCC1,WVIIMZNLDWSIRH-UHFFFAOYSA-N,full InChIKey + formula,48,REF003,https://doi.org/10.1007/s12209-020-00273-5,"Wang, X.; Jia, T.; Pan, L.; Liu, Q.; Fang, Y.; Zou, J.-J.; Zhang, X. Review on the Relationship Between Liquid Aerospace Fuel Composition and Their Physicochemical Properties. Transactions of Tianjin University 2021, 27(2), 87–109. https://doi.org/10.1007/s12209-020-00273-5",Verified: DOI and citation metadata,"Pending: original source, table/page, measurement conditions, raw units, and conversion status must be verified for each property value.",REF-0493,"Independently collected relative to the current Y01 and Y03 release columns; row-level direct experimental status, primary source, and measurement conditions remain unresolved unless explicitly documented in the reconciliation table."
HC-0005,development,Pinane,C10H18,XOKSLPVRUOBDEW-UHFFFAOYSA-N,CC1CCC2CC1C2(C)C,37.2,Training set (n=213),27,Pinane,C10H18,C12C(CCC(C1(C)C)C2)C,XOKSLPVRUOBDEW-UHFFFAOYSA-N,full InChIKey + formula,26,REF007,https://doi.org/10.1021/ef301608z,"Meylemans, H. A.; Baldwin, L. C.; Harvey, B. G. Low-Temperature Properties of Renewable High-Density Fuel Blends. Energy & Fuels 2013, 27(2), 883–888. https://doi.org/10.1021/ef301608z",Verified: WOS-to-DOI mapping and citation metadata,"Pending: original source, table/page, measurement conditions, raw units, and conversion status must be verified for each property value.",REF-0493,"Independently collected relative to the current Y01 and Y03 release columns; row-level direct experimental status, primary source, and measurement conditions remain unresolved unless explicitly documented in the reconciliation table."
HC-0008,development,"2,2,4-Trimethylpentane",C8H18,NHTMVDHEPJAVLT-UHFFFAOYSA-N,CC(C)CC(C)(C)C,30.8,Training set (n=213),101,"2,2,4-Trimethylpentane (isooctane)",C8H18,C(C)(C)CC(C)(C)C,NHTMVDHEPJAVLT-UHFFFAOYSA-N,full InChIKey + formula,100,REF024,DOI pending verification,Full citation pending independent verification,Pending: WOS-to-DOI mapping not independently verified,"Pending: original source, table/page, measurement conditions, raw units, and conversion status must be verified for each property value.",REF-0493,"Independently collected relative to the current Y01 and Y03 release columns; row-level direct experimental status, primary source, and measurement conditions remain unresolved unless explicitly documented in the reconciliation table."
HC-0009,development,"2,2,5-Trimethylhexane",C9H20,HHOSMYBYIHNXNO-UHFFFAOYSA-N,CC(C)CCC(C)(C)C,31.42,Training set (n=213),105,"2,2,5-Trimethylhexane",C9H20,CC(C)(CCC(C)C)C,HHOSMYBYIHNXNO-UHFFFAOYSA-N,full InChIKey + formula,104,REF005,https://doi.org/10.1016/j.fuel.2026.139108,"Watanasiri, S.; Paulechka, E.; Muzny, C.; Dutta, A. Evaluation of Methods and Improvement of Predictions for Specification Properties of Petroleum-Based and Alternative Aviation Fuels. Fuel 2026, 423, 139108. https://doi.org/10.1016/j.fuel.2026.139108",Verified: DOI and citation metadata,"Pending: original source, table/page, measurement conditions, raw units, and conversion status must be verified for each property value.",REF-0493,"Independently collected relative to the current Y01 and Y03 release columns; row-level direct experimental status, primary source, and measurement conditions remain unresolved unless explicitly documented in the reconciliation table."
HC-0013,development,"2,4-Dimethylpentane",C7H16,BZHMBWZPUJHVEE-UHFFFAOYSA-N,CC(C)CC(C)C,31.0,Training set (n=213),98,"2,4-Dimethylpentane",C7H16,CC(C)CC(C)C,BZHMBWZPUJHVEE-UHFFFAOYSA-N,full InChIKey + formula,97,REF015,DOI pending verification,Full citation pending independent verification,Pending: WOS-to-DOI mapping not independently verified,"Pending: original source, table/page, measurement conditions, raw units, and conversion status must be verified for each property value.",REF-0493,"Independently collected relative to the current Y01 and Y03 release columns; row-level direct experimental status, primary source, and measurement conditions remain unresolved unless explicitly documented in the reconciliation table."
HC-0014,development,2-Methylheptane,C8H18,JVSWJIKNEAIKJW-UHFFFAOYSA-N,CCCCCC(C)C,31.1,Training set (n=213),103,2-Methylheptane,C8H18,CC(C)CCCCC,JVSWJIKNEAIKJW-UHFFFAOYSA-N,full InChIKey + formula,102,REF025,DOI pending verification,Full citation pending independent verification,Pending: WOS-to-DOI mapping not independently verified,"Pending: original source, table/page, measurement conditions, raw units, and conversion status must be verified for each property value.",REF-0493,"Independently collected relative to the current Y01 and Y03 release columns; row-level direct experimental status, primary source, and measurement conditions remain unresolved unless explicitly documented in the reconciliation table."
HC-0015,development,2-Methylhexane,C7H16,GXDHCNNESPLIKD-UHFFFAOYSA-N,CCCCC(C)C,31.2,Training set (n=213),99,2-Methylhexane,C7H16,CC(C)CCCC,GXDHCNNESPLIKD-UHFFFAOYSA-N,full InChIKey + formula,98,REF015,DOI pending verification,Full citation pending independent verification,Pending: WOS-to-DOI mapping not independently verified,"Pending: original source, table/page, measurement conditions, raw units, and conversion status must be verified for each property value.",REF-0493,"Independently collected relative to the current Y01 and Y03 release columns; row-level direct experimental status, primary source, and measurement conditions remain unresolved unless explicitly documented in the reconciliation table."
HC-0016,development,2-Methylnonane,C10H22,SGVYKUFIHHTIFL-UHFFFAOYSA-N,CCCCCCCC(C)C,32.3,Training set (n=213),110,2-Methylnonane,C10H22,CC(C)CCCCCCC,SGVYKUFIHHTIFL-UHFFFAOYSA-N,full InChIKey + formula,109,REF005,https://doi.org/10.1016/j.fuel.2026.139108,"Watanasiri, S.; Paulechka, E.; Muzny, C.; Dutta, A. Evaluation of Methods and Improvement of Predictions for Specification Properties of Petroleum-Based and Alternative Aviation Fuels. Fuel 2026, 423, 139108. https://doi.org/10.1016/j.fuel.2026.139108",Verified: DOI and citation metadata,"Pending: original source, table/page, measurement conditions, raw units, and conversion status must be verified for each property value.",REF-0493,"Independently collected relative to the current Y01 and Y03 release columns; row-level direct experimental status, primary source, and measurement conditions remain unresolved unless explicitly documented in the reconciliation table."
HC-0017,development,2-Methylpentane,C6H14,AFABGHUZZDYHJO-UHFFFAOYSA-N,CCCC(C)C,29.3,Training set (n=213),96,2-Methylpentane,C6H14,CC(C)CCC,AFABGHUZZDYHJO-UHFFFAOYSA-N,full InChIKey + formula,95,REF024,DOI pending verification,Full citation pending independent verification,Pending: WOS-to-DOI mapping not independently verified,"Pending: original source, table/page, measurement conditions, raw units, and conversion status must be verified for each property value.",REF-0493,"Independently collected relative to the current Y01 and Y03 release columns; row-level direct experimental status, primary source, and measurement conditions remain unresolved unless explicitly documented in the reconciliation table."
HC-0018,development,3-Methylheptane,C8H18,LAIUFBWHERIJIH-UHFFFAOYSA-N,CCCCC(C)CC,31.52,Training set (n=213),104,3-Methylheptane,C8H18,CC(CC)CCCC,LAIUFBWHERIJIH-UHFFFAOYSA-N,full InChIKey + formula,103,REF005,https://doi.org/10.1016/j.fuel.2026.139108,"Watanasiri, S.; Paulechka, E.; Muzny, C.; Dutta, A. Evaluation of Methods and Improvement of Predictions for Specification Properties of Petroleum-Based and Alternative Aviation Fuels. Fuel 2026, 423, 139108. https://doi.org/10.1016/j.fuel.2026.139108",Verified: DOI and citation metadata,"Pending: original source, table/page, measurement conditions, raw units, and conversion status must be verified for each property value.",REF-0493,"Independently collected relative to the current Y01 and Y03 release columns; row-level direct experimental status, primary source, and measurement conditions remain unresolved unless explicitly documented in the reconciliation table."
HC-0023,development,Dodecane,C12H26,SNRUBQQJIBEYMU-UHFFFAOYSA-N,CCCCCCCCCCCC,33.2,Training set (n=213),87,Dodecane,C12H26,CCCCCCCCCCCC,SNRUBQQJIBEYMU-UHFFFAOYSA-N,full InChIKey + formula,86,REF005,https://doi.org/10.1016/j.fuel.2026.139108,"Watanasiri, S.; Paulechka, E.; Muzny, C.; Dutta, A. Evaluation of Methods and Improvement of Predictions for Specification Properties of Petroleum-Based and Alternative Aviation Fuels. Fuel 2026, 423, 139108. https://doi.org/10.1016/j.fuel.2026.139108",Verified: DOI and citation metadata,"Pending: original source, table/page, measurement conditions, raw units, and conversion status must be verified for each property value.",REF-0493,"Independently collected relative to the current Y01 and Y03 release columns; row-level direct experimental status, primary source, and measurement conditions remain unresolved unless explicitly documented in the reconciliation table."
HC-0024,development,Eicosane,C20H42,CBFCDTFDPHXCNY-UHFFFAOYSA-N,CCCCCCCCCCCCCCCCCCCC,34.76,Training set (n=213),95,Eicosane,C20H42,CCCCCCCCCCCCCCCCCCCC,CBFCDTFDPHXCNY-UHFFFAOYSA-N,full InChIKey + formula,94,REF005,https://doi.org/10.1016/j.fuel.2026.139108,"Watanasiri, S.; Paulechka, E.; Muzny, C.; Dutta, A. Evaluation of Methods and Improvement of Predictions for Specification Properties of Petroleum-Based and Alternative Aviation Fuels. Fuel 2026, 423, 139108. https://doi.org/10.1016/j.fuel.2026.139108",Verified: DOI and citation metadata,"Pending: original source, table/page, measurement conditions, raw units, and conversion status must be verified for each property value.",REF-0493,"Independently collected relative to the current Y01 and Y03 release columns; row-level direct experimental status, primary source, and measurement conditions remain unresolved unless explicitly documented in the reconciliation table."
HC-0025,development,Heptadecane,C17H36,NDJKXXJCMXVBJW-UHFFFAOYSA-N,CCCCCCCCCCCCCCCCC,34.31,Training set (n=213),92,Heptadecane,C17H36,CCCCCCCCCCCCCCCCC,NDJKXXJCMXVBJW-UHFFFAOYSA-N,full InChIKey + formula,91,REF005,https://doi.org/10.1016/j.fuel.2026.139108,"Watanasiri, S.; Paulechka, E.; Muzny, C.; Dutta, A. Evaluation of Methods and Improvement of Predictions for Specification Properties of Petroleum-Based and Alternative Aviation Fuels. Fuel 2026, 423, 139108. https://doi.org/10.1016/j.fuel.2026.139108",Verified: DOI and citation metadata,"Pending: original source, table/page, measurement conditions, raw units, and conversion status must be verified for each property value.",REF-0493,"Independently collected relative to the current Y01 and Y03 release columns; row-level direct experimental status, primary source, and measurement conditions remain unresolved unless explicitly documented in the reconciliation table."
HC-0026,development,Heptane,C7H16,IMNFDUFMRHMDMM-UHFFFAOYSA-N,CCCCCCC,30.66,Training set (n=213),80,Heptane,C7H16,CCCCCCC,IMNFDUFMRHMDMM-UHFFFAOYSA-N,full InChIKey + formula,79,REF005,https://doi.org/10.1016/j.fuel.2026.139108,"Watanasiri, S.; Paulechka, E.; Muzny, C.; Dutta, A. Evaluation of Methods and Improvement of Predictions for Specification Properties of Petroleum-Based and Alternative Aviation Fuels. Fuel 2026, 423, 139108. https://doi.org/10.1016/j.fuel.2026.139108",Verified: DOI and citation metadata,"Pending: original source, table/page, measurement conditions, raw units, and conversion status must be verified for each property value.",REF-0493,"Independently collected relative to the current Y01 and Y03 release columns; row-level direct experimental status, primary source, and measurement conditions remain unresolved unless explicitly documented in the reconciliation table."
HC-0027,development,Hexadecane,C16H34,DCAYPVUWAIABOU-UHFFFAOYSA-N,CCCCCCCCCCCCCCCC,34.14,Training set (n=213),91,Hexadecane,C16H34,CCCCCCCCCCCCCCCC,DCAYPVUWAIABOU-UHFFFAOYSA-N,full InChIKey + formula,90,REF005,https://doi.org/10.1016/j.fuel.2026.139108,"Watanasiri, S.; Paulechka, E.; Muzny, C.; Dutta, A. Evaluation of Methods and Improvement of Predictions for Specification Properties of Petroleum-Based and Alternative Aviation Fuels. Fuel 2026, 423, 139108. https://doi.org/10.1016/j.fuel.2026.139108",Verified: DOI and citation metadata,"Pending: original source, table/page, measurement conditions, raw units, and conversion status must be verified for each property value.",REF-0493,"Independently collected relative to the current Y01 and Y03 release columns; row-level direct experimental status, primary source, and measurement conditions remain unresolved unless explicitly documented in the reconciliation table."
HC-0028,development,Hexane,C6H14,VLKZOEOYAKHREP-UHFFFAOYSA-N,CCCCCC,29.6,Training set (n=213),79,Hexane,C6H14,CCCCCC,VLKZOEOYAKHREP-UHFFFAOYSA-N,full InChIKey + formula,78,REF021,DOI pending verification,Full citation pending independent verification,Pending: WOS-to-DOI mapping not independently verified,"Pending: original source, table/page, measurement conditions, raw units, and conversion status must be verified for each property value.",REF-0493,"Independently collected relative to the current Y01 and Y03 release columns; row-level direct experimental status, primary source, and measurement conditions remain unresolved unless explicitly documented in the reconciliation table."
HC-0029,development,Nonadecane,C19H40,LQERIDTXQFOHKA-UHFFFAOYSA-N,CCCCCCCCCCCCCCCCCCC,34.57,Training set (n=213),94,Nonadecane,C19H40,CCCCCCCCCCCCCCCCCCC,LQERIDTXQFOHKA-UHFFFAOYSA-N,full InChIKey + formula,93,REF005,https://doi.org/10.1016/j.fuel.2026.139108,"Watanasiri, S.; Paulechka, E.; Muzny, C.; Dutta, A. Evaluation of Methods and Improvement of Predictions for Specification Properties of Petroleum-Based and Alternative Aviation Fuels. Fuel 2026, 423, 139108. https://doi.org/10.1016/j.fuel.2026.139108",Verified: DOI and citation metadata,"Pending: original source, table/page, measurement conditions, raw units, and conversion status must be verified for each property value.",REF-0493,"Independently collected relative to the current Y01 and Y03 release columns; row-level direct experimental status, primary source, and measurement conditions remain unresolved unless explicitly documented in the reconciliation table."
HC-0030,development,Nonane,C9H20,BKIMMITUMNQMOS-UHFFFAOYSA-N,CCCCCCCCC,31.99,Training set (n=213),83,Nonane,C9H20,CCCCCCCCC,BKIMMITUMNQMOS-UHFFFAOYSA-N,full InChIKey + formula,82,REF005,https://doi.org/10.1016/j.fuel.2026.139108,"Watanasiri, S.; Paulechka, E.; Muzny, C.; Dutta, A. Evaluation of Methods and Improvement of Predictions for Specification Properties of Petroleum-Based and Alternative Aviation Fuels. Fuel 2026, 423, 139108. https://doi.org/10.1016/j.fuel.2026.139108",Verified: DOI and citation metadata,"Pending: original source, table/page, measurement conditions, raw units, and conversion status must be verified for each property value.",REF-0493,"Independently collected relative to the current Y01 and Y03 release columns; row-level direct experimental status, primary source, and measurement conditions remain unresolved unless explicitly documented in the reconciliation table."
HC-0031,development,Octadecane,C18H38,RZJRJXONCZWCBN-UHFFFAOYSA-N,CCCCCCCCCCCCCCCCCC,34.45,Training set (n=213),93,Octadecane,C18H38,CCCCCCCCCCCCCCCCCC,RZJRJXONCZWCBN-UHFFFAOYSA-N,full InChIKey + formula,92,REF005,https://doi.org/10.1016/j.fuel.2026.139108,"Watanasiri, S.; Paulechka, E.; Muzny, C.; Dutta, A. Evaluation of Methods and Improvement of Predictions for Specification Properties of Petroleum-Based and Alternative Aviation Fuels. Fuel 2026, 423, 139108. https://doi.org/10.1016/j.fuel.2026.139108",Verified: DOI and citation metadata,"Pending: original source, table/page, measurement conditions, raw units, and conversion status must be verified for each property value.",REF-0493,"Independently collected relative to the current Y01 and Y03 release columns; row-level direct experimental status, primary source, and measurement conditions remain unresolved unless explicitly documented in the reconciliation table."
HC-0032,development,Octane,C8H18,TVMXDCGIABBOFY-UHFFFAOYSA-N,CCCCCCCC,31.39,Training set (n=213),82,Octane,C8H18,CCCCCCCC,TVMXDCGIABBOFY-UHFFFAOYSA-N,full InChIKey + formula,81,REF005,https://doi.org/10.1016/j.fuel.2026.139108,"Watanasiri, S.; Paulechka, E.; Muzny, C.; Dutta, A. Evaluation of Methods and Improvement of Predictions for Specification Properties of Petroleum-Based and Alternative Aviation Fuels. Fuel 2026, 423, 139108. https://doi.org/10.1016/j.fuel.2026.139108",Verified: DOI and citation metadata,"Pending: original source, table/page, measurement conditions, raw units, and conversion status must be verified for each property value.",REF-0493,"Independently collected relative to the current Y01 and Y03 release columns; row-level direct experimental status, primary source, and measurement conditions remain unresolved unless explicitly documented in the reconciliation table."
HC-0033,development,Pentadecane,C15H32,YCOZIPAWZNQLMR-UHFFFAOYSA-N,CCCCCCCCCCCCCCC,33.94,Training set (n=213),90,Pentadecane,C15H32,CCCCCCCCCCCCCCC,YCOZIPAWZNQLMR-UHFFFAOYSA-N,full InChIKey + formula,89,REF005,https://doi.org/10.1016/j.fuel.2026.139108,"Watanasiri, S.; Paulechka, E.; Muzny, C.; Dutta, A. Evaluation of Methods and Improvement of Predictions for Specification Properties of Petroleum-Based and Alternative Aviation Fuels. Fuel 2026, 423, 139108. https://doi.org/10.1016/j.fuel.2026.139108",Verified: DOI and citation metadata,"Pending: original source, table/page, measurement conditions, raw units, and conversion status must be verified for each property value.",REF-0493,"Independently collected relative to the current Y01 and Y03 release columns; row-level direct experimental status, primary source, and measurement conditions remain unresolved unless explicitly documented in the reconciliation table."
HC-0035,development,Tetradecane,C14H30,BGHCVCJVXZWKCC-UHFFFAOYSA-N,CCCCCCCCCCCCCC,33.74,Training set (n=213),89,Tetradecane,C14H30,CCCCCCCCCCCCCC,BGHCVCJVXZWKCC-UHFFFAOYSA-N,full InChIKey + formula,88,REF005,https://doi.org/10.1016/j.fuel.2026.139108,"Watanasiri, S.; Paulechka, E.; Muzny, C.; Dutta, A. Evaluation of Methods and Improvement of Predictions for Specification Properties of Petroleum-Based and Alternative Aviation Fuels. Fuel 2026, 423, 139108. https://doi.org/10.1016/j.fuel.2026.139108",Verified: DOI and citation metadata,"Pending: original source, table/page, measurement conditions, raw units, and conversion status must be verified for each property value.",REF-0493,"Independently collected relative to the current Y01 and Y03 release columns; row-level direct experimental status, primary source, and measurement conditions remain unresolved unless explicitly documented in the reconciliation table."
HC-0036,development,Tridecane,C13H28,IIYFAKIEWZDVMP-UHFFFAOYSA-N,CCCCCCCCCCCCC,33.48,Training set (n=213),88,Tridecane,C13H28,CCCCCCCCCCCCC,IIYFAKIEWZDVMP-UHFFFAOYSA-N,full InChIKey + formula,87,REF005,https://doi.org/10.1016/j.fuel.2026.139108,"Watanasiri, S.; Paulechka, E.; Muzny, C.; Dutta, A. Evaluation of Methods and Improvement of Predictions for Specification Properties of Petroleum-Based and Alternative Aviation Fuels. Fuel 2026, 423, 139108. https://doi.org/10.1016/j.fuel.2026.139108",Verified: DOI and citation metadata,"Pending: original source, table/page, measurement conditions, raw units, and conversion status must be verified for each property value.",REF-0493,"Independently collected relative to the current Y01 and Y03 release columns; row-level direct experimental status, primary source, and measurement conditions remain unresolved unless explicitly documented in the reconciliation table."
HC-0037,development,Undecane,C11H24,RSJKGSCJYJTIGS-UHFFFAOYSA-N,CCCCCCCCCCC,32.86,Training set (n=213),86,Undecane,C11H24,CCCCCCCCCCC,RSJKGSCJYJTIGS-UHFFFAOYSA-N,full InChIKey + formula,85,REF005,https://doi.org/10.1016/j.fuel.2026.139108,"Watanasiri, S.; Paulechka, E.; Muzny, C.; Dutta, A. Evaluation of Methods and Improvement of Predictions for Specification Properties of Petroleum-Based and Alternative Aviation Fuels. Fuel 2026, 423, 139108. https://doi.org/10.1016/j.fuel.2026.139108",Verified: DOI and citation metadata,"Pending: original source, table/page, measurement conditions, raw units, and conversion status must be verified for each property value.",REF-0493,"Independently collected relative to the current Y01 and Y03 release columns; row-level direct experimental status, primary source, and measurement conditions remain unresolved unless explicitly documented in the reconciliation table."
HC-0038,development,Butylcyclohexane,C10H20,GGBJHURWWWLEQH-UHFFFAOYSA-N,CCCCC1CCCCC1,34.87,Training set (n=213),167,n-Butylcyclohexane,C10H20,C(CCC)C1CCCCC1,GGBJHURWWWLEQH-UHFFFAOYSA-N,full InChIKey + formula,166,REF005,https://doi.org/10.1016/j.fuel.2026.139108,"Watanasiri, S.; Paulechka, E.; Muzny, C.; Dutta, A. Evaluation of Methods and Improvement of Predictions for Specification Properties of Petroleum-Based and Alternative Aviation Fuels. Fuel 2026, 423, 139108. https://doi.org/10.1016/j.fuel.2026.139108",Verified: DOI and citation metadata,"Pending: original source, table/page, measurement conditions, raw units, and conversion status must be verified for each property value.",REF-0493,"Independently collected relative to the current Y01 and Y03 release columns; row-level direct experimental status, primary source, and measurement conditions remain unresolved unless explicitly documented in the reconciliation table."
HC-0039,development,Cycloheptane,C7H14,DMEGYFMYUHOHGS-UHFFFAOYSA-N,C1CCCCCC1,36.1,Training set (n=213),147,Cycloheptane,C7H14,C1CCCCCC1,DMEGYFMYUHOHGS-UHFFFAOYSA-N,full InChIKey + formula,146,REF036,DOI pending verification,Full citation pending independent verification,Pending: WOS-to-DOI mapping not independently verified,"Pending: original source, table/page, measurement conditions, raw units, and conversion status must be verified for each property value.",REF-0493,"Independently collected relative to the current Y01 and Y03 release columns; row-level direct experimental status, primary source, and measurement conditions remain unresolved unless explicitly documented in the reconciliation table."
HC-0040,development,Cyclohexane,C6H12,XDTMQSROBMDMFD-UHFFFAOYSA-N,C1CCCCC1,36.33,Training set (n=213),145,Cyclohexane,C6H12,C1CCCCC1,XDTMQSROBMDMFD-UHFFFAOYSA-N,full InChIKey + formula,144,REF037,DOI pending verification,Full citation pending independent verification,Pending: WOS-to-DOI mapping not independently verified,"Pending: original source, table/page, measurement conditions, raw units, and conversion status must be verified for each property value.",REF-0493,"Independently collected relative to the current Y01 and Y03 release columns; row-level direct experimental status, primary source, and measurement conditions remain unresolved unless explicitly documented in the reconciliation table."
HC-0041,development,Cyclooctane,C8H16,WJTCGQSWYFHTAC-UHFFFAOYSA-N,C1CCCCCCC1,36.5,Training set (n=213),155,Cyclooctane,C8H16,C1CCCCCCC1,WJTCGQSWYFHTAC-UHFFFAOYSA-N,full InChIKey + formula,154,REF024,DOI pending verification,Full citation pending independent verification,Pending: WOS-to-DOI mapping not independently verified,"Pending: original source, table/page, measurement conditions, raw units, and conversion status must be verified for each property value.",REF-0493,"Independently collected relative to the current Y01 and Y03 release columns; row-level direct experimental status, primary source, and measurement conditions remain unresolved unless explicitly documented in the reconciliation table."
HC-0042,development,Cyclopentane,C5H10,RGSFGYAAUTVSQA-UHFFFAOYSA-N,C1CCCC1,33.2,Training set (n=213),144,Cyclopentane,C5H10,C1CCCC1,RGSFGYAAUTVSQA-UHFFFAOYSA-N,full InChIKey + formula,143,REF036,DOI pending verification,Full citation pending independent verification,Pending: WOS-to-DOI mapping not independently verified,"Pending: original source, table/page, measurement conditions, raw units, and conversion status must be verified for each property value.",REF-0493,"Independently collected relative to the current Y01 and Y03 release columns; row-level direct experimental status, primary source, and measurement conditions remain unresolved unless explicitly documented in the reconciliation table."
HC-0043,development,Decylcyclohexane,C16H32,STWFZICHPLEOIC-UHFFFAOYSA-N,CCCCCCCCCCC1CCCCC1,35.7,Training set (n=213),184,n-Decylcyclohexane,C16H32,C(CCCCCCCCC)C1CCCCC1,STWFZICHPLEOIC-UHFFFAOYSA-N,full InChIKey + formula,183,REF005,https://doi.org/10.1016/j.fuel.2026.139108,"Watanasiri, S.; Paulechka, E.; Muzny, C.; Dutta, A. Evaluation of Methods and Improvement of Predictions for Specification Properties of Petroleum-Based and Alternative Aviation Fuels. Fuel 2026, 423, 139108. https://doi.org/10.1016/j.fuel.2026.139108",Verified: DOI and citation metadata,"Pending: original source, table/page, measurement conditions, raw units, and conversion status must be verified for each property value.",REF-0493,"Independently collected relative to the current Y01 and Y03 release columns; row-level direct experimental status, primary source, and measurement conditions remain unresolved unless explicitly documented in the reconciliation table."
HC-0044,development,Dodecylcyclohexane,C18H36,BLRBGKYYWDBAQQ-UHFFFAOYSA-N,CCCCCCCCCCCCC1CCCCC1,35.87,Training set (n=213),185,n-Dodecylcyclohexane,C18H36,C(CCCCCCCCCCC)C1CCCCC1,BLRBGKYYWDBAQQ-UHFFFAOYSA-N,full InChIKey + formula,184,REF005,https://doi.org/10.1016/j.fuel.2026.139108,"Watanasiri, S.; Paulechka, E.; Muzny, C.; Dutta, A. Evaluation of Methods and Improvement of Predictions for Specification Properties of Petroleum-Based and Alternative Aviation Fuels. Fuel 2026, 423, 139108. https://doi.org/10.1016/j.fuel.2026.139108",Verified: DOI and citation metadata,"Pending: original source, table/page, measurement conditions, raw units, and conversion status must be verified for each property value.",REF-0493,"Independently collected relative to the current Y01 and Y03 release columns; row-level direct experimental status, primary source, and measurement conditions remain unresolved unless explicitly documented in the reconciliation table."
HC-0045,development,Ethylcyclohexane,C8H16,IIEWJVIFRVWJOD-UHFFFAOYSA-N,CCC1CCCCC1,34.38,Training set (n=213),151,Ethylcyclohexane,C8H16,C(C)C1CCCCC1,IIEWJVIFRVWJOD-UHFFFAOYSA-N,full InChIKey + formula,150,REF005,https://doi.org/10.1016/j.fuel.2026.139108,"Watanasiri, S.; Paulechka, E.; Muzny, C.; Dutta, A. Evaluation of Methods and Improvement of Predictions for Specification Properties of Petroleum-Based and Alternative Aviation Fuels. Fuel 2026, 423, 139108. https://doi.org/10.1016/j.fuel.2026.139108",Verified: DOI and citation metadata,"Pending: original source, table/page, measurement conditions, raw units, and conversion status must be verified for each property value.",REF-0493,"Independently collected relative to the current Y01 and Y03 release columns; row-level direct experimental status, primary source, and measurement conditions remain unresolved unless explicitly documented in the reconciliation table."
HC-0046,development,Ethylcyclopentane,C7H14,IFTRQJLVEBNKJK-UHFFFAOYSA-N,CCC1CCCC1,34.0,Training set (n=213),148,Ethylcyclopentane,C7H14,C(C)C1CCCC1,IFTRQJLVEBNKJK-UHFFFAOYSA-N,full InChIKey + formula,147,REF011,DOI pending verification,Full citation pending independent verification,Pending: WOS-to-DOI mapping not independently verified,"Pending: original source, table/page, measurement conditions, raw units, and conversion status must be verified for each property value.",REF-0493,"Independently collected relative to the current Y01 and Y03 release columns; row-level direct experimental status, primary source, and measurement conditions remain unresolved unless explicitly documented in the reconciliation table."
HC-0047,development,Heptylcyclohexane,C13H26,MSTLSCNJAHAQNU-UHFFFAOYSA-N,CCCCCCCC1CCCCC1,35.37,Training set (n=213),177,n-Heptylcyclohexane,C13H26,C(CCCCCC)C1CCCCC1,MSTLSCNJAHAQNU-UHFFFAOYSA-N,full InChIKey + formula,176,REF005,https://doi.org/10.1016/j.fuel.2026.139108,"Watanasiri, S.; Paulechka, E.; Muzny, C.; Dutta, A. Evaluation of Methods and Improvement of Predictions for Specification Properties of Petroleum-Based and Alternative Aviation Fuels. Fuel 2026, 423, 139108. https://doi.org/10.1016/j.fuel.2026.139108",Verified: DOI and citation metadata,"Pending: original source, table/page, measurement conditions, raw units, and conversion status must be verified for each property value.",REF-0493,"Independently collected relative to the current Y01 and Y03 release columns; row-level direct experimental status, primary source, and measurement conditions remain unresolved unless explicitly documented in the reconciliation table."
HC-0049,development,Methylcyclohexane,C7H14,UAEPNZWRGJTJPN-UHFFFAOYSA-N,CC1CCCCC1,33.55,Training set (n=213),149,Methylcyclohexane,C7H14,CC1CCCCC1,UAEPNZWRGJTJPN-UHFFFAOYSA-N,full InChIKey + formula,148,REF005,https://doi.org/10.1016/j.fuel.2026.139108,"Watanasiri, S.; Paulechka, E.; Muzny, C.; Dutta, A. Evaluation of Methods and Improvement of Predictions for Specification Properties of Petroleum-Based and Alternative Aviation Fuels. Fuel 2026, 423, 139108. https://doi.org/10.1016/j.fuel.2026.139108",Verified: DOI and citation metadata,"Pending: original source, table/page, measurement conditions, raw units, and conversion status must be verified for each property value.",REF-0493,"Independently collected relative to the current Y01 and Y03 release columns; row-level direct experimental status, primary source, and measurement conditions remain unresolved unless explicitly documented in the reconciliation table."
HC-0050,development,Methylcyclopentane,C6H12,GDOPTJXRTPNYNR-UHFFFAOYSA-N,CC1CCCC1,33.4,Training set (n=213),146,Methylcyclopentane,C6H12,CC1CCCC1,GDOPTJXRTPNYNR-UHFFFAOYSA-N,full InChIKey + formula,145,REF015,DOI pending verification,Full citation pending independent verification,Pending: WOS-to-DOI mapping not independently verified,"Pending: original source, table/page, measurement conditions, raw units, and conversion status must be verified for each property value.",REF-0493,"Independently collected relative to the current Y01 and Y03 release columns; row-level direct experimental status, primary source, and measurement conditions remain unresolved unless explicitly documented in the reconciliation table."
HC-0051,development,Octylcyclohexane,C14H28,FBXWCEKQCVOOLT-UHFFFAOYSA-N,CCCCCCCCC1CCCCC1,35.51,Training set (n=213),178,n-Octylcyclohexane,C14H28,C(CCCCCCC)C1CCCCC1,FBXWCEKQCVOOLT-UHFFFAOYSA-N,full InChIKey + formula,177,REF005,https://doi.org/10.1016/j.fuel.2026.139108,"Watanasiri, S.; Paulechka, E.; Muzny, C.; Dutta, A. Evaluation of Methods and Improvement of Predictions for Specification Properties of Petroleum-Based and Alternative Aviation Fuels. Fuel 2026, 423, 139108. https://doi.org/10.1016/j.fuel.2026.139108",Verified: DOI and citation metadata,"Pending: original source, table/page, measurement conditions, raw units, and conversion status must be verified for each property value.",REF-0493,"Independently collected relative to the current Y01 and Y03 release columns; row-level direct experimental status, primary source, and measurement conditions remain unresolved unless explicitly documented in the reconciliation table."
HC-0052,development,Propylcyclohexane,C9H18,DEDZSLCZHWTGOR-UHFFFAOYSA-N,CCCC1CCCCC1,34.62,Training set (n=213),162,n-Propylcyclohexane,C9H18,C(CC)C1CCCCC1,DEDZSLCZHWTGOR-UHFFFAOYSA-N,full InChIKey + formula,161,REF005,https://doi.org/10.1016/j.fuel.2026.139108,"Watanasiri, S.; Paulechka, E.; Muzny, C.; Dutta, A. Evaluation of Methods and Improvement of Predictions for Specification Properties of Petroleum-Based and Alternative Aviation Fuels. Fuel 2026, 423, 139108. https://doi.org/10.1016/j.fuel.2026.139108",Verified: DOI and citation metadata,"Pending: original source, table/page, measurement conditions, raw units, and conversion status must be verified for each property value.",REF-0493,"Independently collected relative to the current Y01 and Y03 release columns; row-level direct experimental status, primary source, and measurement conditions remain unresolved unless explicitly documented in the reconciliation table."
HC-0054,development,"1,2,4-Trimethylbenzene",C9H12,GWHJZXXIDMPWGX-UHFFFAOYSA-N,Cc1ccc(C)c(C)c1,36.09,Training set (n=213),193,"1,2,4-Trimethylbenzene",C9H12,CC1=C(C=C(C=C1)C)C,GWHJZXXIDMPWGX-UHFFFAOYSA-N,full InChIKey + formula,192,REF005,https://doi.org/10.1016/j.fuel.2026.139108,"Watanasiri, S.; Paulechka, E.; Muzny, C.; Dutta, A. Evaluation of Methods and Improvement of Predictions for Specification Properties of Petroleum-Based and Alternative Aviation Fuels. Fuel 2026, 423, 139108. https://doi.org/10.1016/j.fuel.2026.139108",Verified: DOI and citation metadata,"Pending: original source, table/page, measurement conditions, raw units, and conversion status must be verified for each property value.",REF-0493,"Independently collected relative to the current Y01 and Y03 release columns; row-level direct experimental status, primary source, and measurement conditions remain unresolved unless explicitly documented in the reconciliation table."
HC-0055,development,"1,4-Diethylbenzene",C10H14,DSNHSQKRULAAEI-UHFFFAOYSA-N,CCc1ccc(CC)cc1,36.95,External validation (n=30),24,p-Diethylbenzene,C10H14,,,explicit chemical-name synonym + formula,23,,,,No property-level primary citation was retained in the legacy external-validation sheet.,unresolved,REF-0493,"Independently collected relative to the current Y01 and Y03 release columns; row-level direct experimental status, primary source, and measurement conditions remain unresolved unless explicitly documented in the reconciliation table."
HC-0056,development,1-Ethyl-2-Methylbenzene,C9H12,HYFLWBNQFMXCPA-UHFFFAOYSA-N,CCc1ccccc1C,36.42,Training set (n=213),195,1-Ethyl-2-methylbenzene,C9H12,C(C)C1=C(C=CC=C1)C,HYFLWBNQFMXCPA-UHFFFAOYSA-N,full InChIKey + formula,194,REF005,https://doi.org/10.1016/j.fuel.2026.139108,"Watanasiri, S.; Paulechka, E.; Muzny, C.; Dutta, A. Evaluation of Methods and Improvement of Predictions for Specification Properties of Petroleum-Based and Alternative Aviation Fuels. Fuel 2026, 423, 139108. https://doi.org/10.1016/j.fuel.2026.139108",Verified: DOI and citation metadata,"Pending: original source, table/page, measurement conditions, raw units, and conversion status must be verified for each property value.",REF-0493,"Independently collected relative to the current Y01 and Y03 release columns; row-level direct experimental status, primary source, and measurement conditions remain unresolved unless explicitly documented in the reconciliation table."
HC-0057,development,1-Ethyl-4-Methylbenzene,C9H12,JRLPEMVDPFPYPJ-UHFFFAOYSA-N,CCc1ccc(C)cc1,35.62,Training set (n=213),196,1-Ethyl-4-methylbenzene,C9H12,C(C)C1=CC=C(C=C1)C,JRLPEMVDPFPYPJ-UHFFFAOYSA-N,full InChIKey + formula,195,REF005,https://doi.org/10.1016/j.fuel.2026.139108,"Watanasiri, S.; Paulechka, E.; Muzny, C.; Dutta, A. Evaluation of Methods and Improvement of Predictions for Specification Properties of Petroleum-Based and Alternative Aviation Fuels. Fuel 2026, 423, 139108. https://doi.org/10.1016/j.fuel.2026.139108",Verified: DOI and citation metadata,"Pending: original source, table/page, measurement conditions, raw units, and conversion status must be verified for each property value.",REF-0493,"Independently collected relative to the current Y01 and Y03 release columns; row-level direct experimental status, primary source, and measurement conditions remain unresolved unless explicitly documented in the reconciliation table."
HC-0058,development,Benzene,C6H6,UHOVQNZJYSORNB-UHFFFAOYSA-N,c1ccccc1,35.5,Training set (n=213),186,Benzene,C6H6,C1=CC=CC=C1,UHOVQNZJYSORNB-UHFFFAOYSA-N,full InChIKey + formula,185,REF005,https://doi.org/10.1016/j.fuel.2026.139108,"Watanasiri, S.; Paulechka, E.; Muzny, C.; Dutta, A. Evaluation of Methods and Improvement of Predictions for Specification Properties of Petroleum-Based and Alternative Aviation Fuels. Fuel 2026, 423, 139108. https://doi.org/10.1016/j.fuel.2026.139108",Verified: DOI and citation metadata,"Pending: original source, table/page, measurement conditions, raw units, and conversion status must be verified for each property value.",REF-0493,"Independently collected relative to the current Y01 and Y03 release columns; row-level direct experimental status, primary source, and measurement conditions remain unresolved unless explicitly documented in the reconciliation table."
HC-0059,development,Butylbenzene,C10H14,OCKPCBLVNKHBMX-UHFFFAOYSA-N,CCCCc1ccccc1,35.83,Training set (n=213),201,n-Butylbenzene,C10H14,C(CCC)C1=CC=CC=C1,OCKPCBLVNKHBMX-UHFFFAOYSA-N,full InChIKey + formula,200,REF005,https://doi.org/10.1016/j.fuel.2026.139108,"Watanasiri, S.; Paulechka, E.; Muzny, C.; Dutta, A. Evaluation of Methods and Improvement of Predictions for Specification Properties of Petroleum-Based and Alternative Aviation Fuels. Fuel 2026, 423, 139108. https://doi.org/10.1016/j.fuel.2026.139108",Verified: DOI and citation metadata,"Pending: original source, table/page, measurement conditions, raw units, and conversion status must be verified for each property value.",REF-0493,"Independently collected relative to the current Y01 and Y03 release columns; row-level direct experimental status, primary source, and measurement conditions remain unresolved unless explicitly documented in the reconciliation table."
HC-0060,development,Cumene,C9H12,RWGFKTVRMDUZSP-UHFFFAOYSA-N,CC(C)c1ccccc1,35.69,Training set (n=213),197,Cumene (isopropylbenzene),C9H12,C(C)(C)C1=CC=CC=C1,RWGFKTVRMDUZSP-UHFFFAOYSA-N,full InChIKey + formula,196,REF005,https://doi.org/10.1016/j.fuel.2026.139108,"Watanasiri, S.; Paulechka, E.; Muzny, C.; Dutta, A. Evaluation of Methods and Improvement of Predictions for Specification Properties of Petroleum-Based and Alternative Aviation Fuels. Fuel 2026, 423, 139108. https://doi.org/10.1016/j.fuel.2026.139108",Verified: DOI and citation metadata,"Pending: original source, table/page, measurement conditions, raw units, and conversion status must be verified for each property value.",REF-0493,"Independently collected relative to the current Y01 and Y03 release columns; row-level direct experimental status, primary source, and measurement conditions remain unresolved unless explicitly documented in the reconciliation table."
HC-0061,development,Cyclohexylbenzene,C12H16,IGARGHRYKHJQSM-UHFFFAOYSA-N,c1ccc(C2CCCCC2)cc1,41.0,External validation (n=30),22,Cyclohexylbenzene,C12H16,,,formula + normalized name,21,,,,No property-level primary citation was retained in the legacy external-validation sheet.,unresolved,REF-0493,"Independently collected relative to the current Y01 and Y03 release columns; row-level direct experimental status, primary source, and measurement conditions remain unresolved unless explicitly documented in the reconciliation table."
HC-0062,development,Decylbenzene,C16H26,UZILCZKGXMQEQR-UHFFFAOYSA-N,CCCCCCCCCCc1ccccc1,36.28,Training set (n=213),211,n-Decylbenzene,C16H26,C(CCCCCCCCC)C1=CC=CC=C1,UZILCZKGXMQEQR-UHFFFAOYSA-N,full InChIKey + formula,210,REF005,https://doi.org/10.1016/j.fuel.2026.139108,"Watanasiri, S.; Paulechka, E.; Muzny, C.; Dutta, A. Evaluation of Methods and Improvement of Predictions for Specification Properties of Petroleum-Based and Alternative Aviation Fuels. Fuel 2026, 423, 139108. https://doi.org/10.1016/j.fuel.2026.139108",Verified: DOI and citation metadata,"Pending: original source, table/page, measurement conditions, raw units, and conversion status must be verified for each property value.",REF-0493,"Independently collected relative to the current Y01 and Y03 release columns; row-level direct experimental status, primary source, and measurement conditions remain unresolved unless explicitly documented in the reconciliation table."
HC-0063,development,Ethylbenzene,C8H10,YNQLUTRBYVCPMQ-UHFFFAOYSA-N,CCc1ccccc1,35.66,Training set (n=213),188,Ethylbenzene,C8H10,C(C)C1=CC=CC=C1,YNQLUTRBYVCPMQ-UHFFFAOYSA-N,full InChIKey + formula,187,REF005,https://doi.org/10.1016/j.fuel.2026.139108,"Watanasiri, S.; Paulechka, E.; Muzny, C.; Dutta, A. Evaluation of Methods and Improvement of Predictions for Specification Properties of Petroleum-Based and Alternative Aviation Fuels. Fuel 2026, 423, 139108. https://doi.org/10.1016/j.fuel.2026.139108",Verified: DOI and citation metadata,"Pending: original source, table/page, measurement conditions, raw units, and conversion status must be verified for each property value.",REF-0493,"Independently collected relative to the current Y01 and Y03 release columns; row-level direct experimental status, primary source, and measurement conditions remain unresolved unless explicitly documented in the reconciliation table."
HC-0064,development,Indane,C9H10,PQNFLJBBNBOBRQ-UHFFFAOYSA-N,c1ccc2c(c1)CCC2,38.89,Training set (n=213),12,"Indane (2,3-dihydro-1H-indene)",C9H10,C1CCC2=CC=CC=C12,PQNFLJBBNBOBRQ-UHFFFAOYSA-N,full InChIKey + formula,11,REF005,https://doi.org/10.1016/j.fuel.2026.139108,"Watanasiri, S.; Paulechka, E.; Muzny, C.; Dutta, A. Evaluation of Methods and Improvement of Predictions for Specification Properties of Petroleum-Based and Alternative Aviation Fuels. Fuel 2026, 423, 139108. https://doi.org/10.1016/j.fuel.2026.139108",Verified: DOI and citation metadata,"Pending: original source, table/page, measurement conditions, raw units, and conversion status must be verified for each property value.",REF-0493,"Independently collected relative to the current Y01 and Y03 release columns; row-level direct experimental status, primary source, and measurement conditions remain unresolved unless explicitly documented in the reconciliation table."
HC-0065,development,Indene,C9H8,YBYIRNPNPLQARY-UHFFFAOYSA-N,C1=Cc2ccccc2C1,39.76,Training set (n=213),11,1H-Indene,C9H8,C1C=CC2=CC=CC=C12,YBYIRNPNPLQARY-UHFFFAOYSA-N,full InChIKey + formula,10,REF005,https://doi.org/10.1016/j.fuel.2026.139108,"Watanasiri, S.; Paulechka, E.; Muzny, C.; Dutta, A. Evaluation of Methods and Improvement of Predictions for Specification Properties of Petroleum-Based and Alternative Aviation Fuels. Fuel 2026, 423, 139108. https://doi.org/10.1016/j.fuel.2026.139108",Verified: DOI and citation metadata,"Pending: original source, table/page, measurement conditions, raw units, and conversion status must be verified for each property value.",REF-0493,"Independently collected relative to the current Y01 and Y03 release columns; row-level direct experimental status, primary source, and measurement conditions remain unresolved unless explicitly documented in the reconciliation table."
HC-0066,development,M-Cymene,C10H14,XCYJPXQACVEIOS-UHFFFAOYSA-N,Cc1cccc(C(C)C)c1,35.76,Training set (n=213),199,1-Methyl-3-isopropylbenzene,C10H14,CC1=CC(=CC=C1)C(C)C,XCYJPXQACVEIOS-UHFFFAOYSA-N,full InChIKey + formula,198,REF005,https://doi.org/10.1016/j.fuel.2026.139108,"Watanasiri, S.; Paulechka, E.; Muzny, C.; Dutta, A. Evaluation of Methods and Improvement of Predictions for Specification Properties of Petroleum-Based and Alternative Aviation Fuels. Fuel 2026, 423, 139108. https://doi.org/10.1016/j.fuel.2026.139108",Verified: DOI and citation metadata,"Pending: original source, table/page, measurement conditions, raw units, and conversion status must be verified for each property value.",REF-0493,"Independently collected relative to the current Y01 and Y03 release columns; row-level direct experimental status, primary source, and measurement conditions remain unresolved unless explicitly documented in the reconciliation table."
HC-0067,development,M-Xylene,C8H10,IVSZLXZYQVIEFR-UHFFFAOYSA-N,Cc1cccc(C)c1,35.43,Training set (n=213),189,m-Xylene,C8H10,C1(=CC(=CC=C1)C)C,IVSZLXZYQVIEFR-UHFFFAOYSA-N,full InChIKey + formula,188,REF005,https://doi.org/10.1016/j.fuel.2026.139108,"Watanasiri, S.; Paulechka, E.; Muzny, C.; Dutta, A. Evaluation of Methods and Improvement of Predictions for Specification Properties of Petroleum-Based and Alternative Aviation Fuels. Fuel 2026, 423, 139108. https://doi.org/10.1016/j.fuel.2026.139108",Verified: DOI and citation metadata,"Pending: original source, table/page, measurement conditions, raw units, and conversion status must be verified for each property value.",REF-0493,"Independently collected relative to the current Y01 and Y03 release columns; row-level direct experimental status, primary source, and measurement conditions remain unresolved unless explicitly documented in the reconciliation table."
HC-0068,development,Mesitylene,C9H12,AUHZEENZYGFFBQ-UHFFFAOYSA-N,Cc1cc(C)cc(C)c1,34.9,Training set (n=213),194,"1,3,5-Trimethylbenzene (mesitylene)",C9H12,C1(=CC(=CC(=C1)C)C)C,AUHZEENZYGFFBQ-UHFFFAOYSA-N,full InChIKey + formula,193,REF041,DOI pending verification,Full citation pending independent verification,Pending: WOS-to-DOI mapping not independently verified,"Pending: original source, table/page, measurement conditions, raw units, and conversion status must be verified for each property value.",REF-0493,"Independently collected relative to the current Y01 and Y03 release columns; row-level direct experimental status, primary source, and measurement conditions remain unresolved unless explicitly documented in the reconciliation table."
HC-0069,development,O-Xylene,C8H10,CTQNGGLPUBDAKN-UHFFFAOYSA-N,Cc1ccccc1C,36.07,Training set (n=213),190,o-Xylene,C8H10,C=1(C(=CC=CC1)C)C,CTQNGGLPUBDAKN-UHFFFAOYSA-N,full InChIKey + formula,189,REF005,https://doi.org/10.1016/j.fuel.2026.139108,"Watanasiri, S.; Paulechka, E.; Muzny, C.; Dutta, A. Evaluation of Methods and Improvement of Predictions for Specification Properties of Petroleum-Based and Alternative Aviation Fuels. Fuel 2026, 423, 139108. https://doi.org/10.1016/j.fuel.2026.139108",Verified: DOI and citation metadata,"Pending: original source, table/page, measurement conditions, raw units, and conversion status must be verified for each property value.",REF-0493,"Independently collected relative to the current Y01 and Y03 release columns; row-level direct experimental status, primary source, and measurement conditions remain unresolved unless explicitly documented in the reconciliation table."
HC-0070,development,P-Cymene,C10H14,HFPZCAJZSCWRBC-UHFFFAOYSA-N,Cc1ccc(C(C)C)cc1,34.8,Training set (n=213),202,p-Cymene (1-methyl-4-isopropylbenzene),C10H14,CC1=CC=C(C=C1)C(C)C,HFPZCAJZSCWRBC-UHFFFAOYSA-N,full InChIKey + formula,201,REF022,DOI pending verification,Full citation pending independent verification,Pending: WOS-to-DOI mapping not independently verified,"Pending: original source, table/page, measurement conditions, raw units, and conversion status must be verified for each property value.",REF-0493,"Independently collected relative to the current Y01 and Y03 release columns; row-level direct experimental status, primary source, and measurement conditions remain unresolved unless explicitly documented in the reconciliation table."
HC-0071,development,P-Xylene,C8H10,URLKBWYHVLBVBO-UHFFFAOYSA-N,Cc1ccc(C)cc1,34.7,Training set (n=213),191,p-Xylene,C8H10,C1(=CC=C(C=C1)C)C,URLKBWYHVLBVBO-UHFFFAOYSA-N,full InChIKey + formula,190,REF015,DOI pending verification,Full citation pending independent verification,Pending: WOS-to-DOI mapping not independently verified,"Pending: original source, table/page, measurement conditions, raw units, and conversion status must be verified for each property value.",REF-0493,"Independently collected relative to the current Y01 and Y03 release columns; row-level direct experimental status, primary source, and measurement conditions remain unresolved unless explicitly documented in the reconciliation table."
HC-0072,development,Propylbenzene,C9H12,ODLMAHJVESYWTB-UHFFFAOYSA-N,CCCc1ccccc1,35.71,Training set (n=213),198,n-Propylbenzene,C9H12,C(CC)C1=CC=CC=C1,ODLMAHJVESYWTB-UHFFFAOYSA-N,full InChIKey + formula,197,REF005,https://doi.org/10.1016/j.fuel.2026.139108,"Watanasiri, S.; Paulechka, E.; Muzny, C.; Dutta, A. Evaluation of Methods and Improvement of Predictions for Specification Properties of Petroleum-Based and Alternative Aviation Fuels. Fuel 2026, 423, 139108. https://doi.org/10.1016/j.fuel.2026.139108",Verified: DOI and citation metadata,"Pending: original source, table/page, measurement conditions, raw units, and conversion status must be verified for each property value.",REF-0493,"Independently collected relative to the current Y01 and Y03 release columns; row-level direct experimental status, primary source, and measurement conditions remain unresolved unless explicitly documented in the reconciliation table."
HC-0073,development,Sec-Butylbenzene,C10H14,ZJMWRROPUADPEA-UHFFFAOYSA-N,CCC(C)c1ccccc1,35.89,Training set (n=213),203,sec-Butylbenzene,C10H14,C(C)(CC)C1=CC=CC=C1,ZJMWRROPUADPEA-UHFFFAOYSA-N,full InChIKey + formula,202,REF005,https://doi.org/10.1016/j.fuel.2026.139108,"Watanasiri, S.; Paulechka, E.; Muzny, C.; Dutta, A. Evaluation of Methods and Improvement of Predictions for Specification Properties of Petroleum-Based and Alternative Aviation Fuels. Fuel 2026, 423, 139108. https://doi.org/10.1016/j.fuel.2026.139108",Verified: DOI and citation metadata,"Pending: original source, table/page, measurement conditions, raw units, and conversion status must be verified for each property value.",REF-0493,"Independently collected relative to the current Y01 and Y03 release columns; row-level direct experimental status, primary source, and measurement conditions remain unresolved unless explicitly documented in the reconciliation table."
HC-0074,development,Tetralin,C10H12,CXWXQJXEFPUFDZ-UHFFFAOYSA-N,c1ccc2c(c1)CCCC2,39.43,Training set (n=213),19,Tetralin,C10H12,C1CCCC2=CC=CC=C12,CXWXQJXEFPUFDZ-UHFFFAOYSA-N,full InChIKey + formula,18,REF005,https://doi.org/10.1016/j.fuel.2026.139108,"Watanasiri, S.; Paulechka, E.; Muzny, C.; Dutta, A. Evaluation of Methods and Improvement of Predictions for Specification Properties of Petroleum-Based and Alternative Aviation Fuels. Fuel 2026, 423, 139108. https://doi.org/10.1016/j.fuel.2026.139108",Verified: DOI and citation metadata,"Pending: original source, table/page, measurement conditions, raw units, and conversion status must be verified for each property value.",REF-0493,"Independently collected relative to the current Y01 and Y03 release columns; row-level direct experimental status, primary source, and measurement conditions remain unresolved unless explicitly documented in the reconciliation table."
HC-0075,development,Toluene,C7H8,YXFVVABEGXRONW-UHFFFAOYSA-N,Cc1ccccc1,35.32,Training set (n=213),187,Toluene,C7H8,CC1=CC=CC=C1,YXFVVABEGXRONW-UHFFFAOYSA-N,full InChIKey + formula,186,REF005,https://doi.org/10.1016/j.fuel.2026.139108,"Watanasiri, S.; Paulechka, E.; Muzny, C.; Dutta, A. Evaluation of Methods and Improvement of Predictions for Specification Properties of Petroleum-Based and Alternative Aviation Fuels. Fuel 2026, 423, 139108. https://doi.org/10.1016/j.fuel.2026.139108",Verified: DOI and citation metadata,"Pending: original source, table/page, measurement conditions, raw units, and conversion status must be verified for each property value.",REF-0493,"Independently collected relative to the current Y01 and Y03 release columns; row-level direct experimental status, primary source, and measurement conditions remain unresolved unless explicitly documented in the reconciliation table."
HC-0076,development,1-Methylnaphthalene,C11H10,QPUYECUOLPXSFR-UHFFFAOYSA-N,Cc1cccc2ccccc12,40.29,Training set (n=213),33,1-Methylnaphthalene,C11H10,CC1=CC=CC2=CC=CC=C12,QPUYECUOLPXSFR-UHFFFAOYSA-N,full InChIKey + formula,32,REF005,https://doi.org/10.1016/j.fuel.2026.139108,"Watanasiri, S.; Paulechka, E.; Muzny, C.; Dutta, A. Evaluation of Methods and Improvement of Predictions for Specification Properties of Petroleum-Based and Alternative Aviation Fuels. Fuel 2026, 423, 139108. https://doi.org/10.1016/j.fuel.2026.139108",Verified: DOI and citation metadata,"Pending: original source, table/page, measurement conditions, raw units, and conversion status must be verified for each property value.",REF-0493,"Independently collected relative to the current Y01 and Y03 release columns; row-level direct experimental status, primary source, and measurement conditions remain unresolved unless explicitly documented in the reconciliation table."
HC-0077,development,Diphenylmethane,C13H12,CZZYITDELCSZES-UHFFFAOYSA-N,c1ccc(Cc2ccccc2)cc1,39.7,Training set (n=213),53,Diphenylmethane,C13H12,C1(=CC=CC=C1)CC1=CC=CC=C1,CZZYITDELCSZES-UHFFFAOYSA-N,full InChIKey + formula,52,REF015,DOI pending verification,Full citation pending independent verification,Pending: WOS-to-DOI mapping not independently verified,"Pending: original source, table/page, measurement conditions, raw units, and conversion status must be verified for each property value.",REF-0493,"Independently collected relative to the current Y01 and Y03 release columns; row-level direct experimental status, primary source, and measurement conditions remain unresolved unless explicitly documented in the reconciliation table."
HC-0107,development,"1,2-Dicyclohexylethane",C14H26,IBLVSWYGUFGDMF-UHFFFAOYSA-N,C1CCC(CCC2CCCCC2)CC1,37.67,Training set (n=213),62,"1,2-Dicyclohexylethane",C14H26,C1(CCCCC1)CCC1CCCCC1,IBLVSWYGUFGDMF-UHFFFAOYSA-N,full InChIKey + formula,61,REF005,https://doi.org/10.1016/j.fuel.2026.139108,"Watanasiri, S.; Paulechka, E.; Muzny, C.; Dutta, A. Evaluation of Methods and Improvement of Predictions for Specification Properties of Petroleum-Based and Alternative Aviation Fuels. Fuel 2026, 423, 139108. https://doi.org/10.1016/j.fuel.2026.139108",Verified: DOI and citation metadata,"Pending: original source, table/page, measurement conditions, raw units, and conversion status must be verified for each property value.",REF-0493,"Independently collected relative to the current Y01 and Y03 release columns; row-level direct experimental status, primary source, and measurement conditions remain unresolved unless explicitly documented in the reconciliation table."
HC-0116,development,Dicyclopentyl,C10H18,MAWOHFOSAIXURX-UHFFFAOYSA-N,C1CCC(C2CCCC2)C1,37.0,Training set (n=213),23,"1,1'-Bicyclopentyl",C10H18,C1(CCCC1)C1CCCC1,MAWOHFOSAIXURX-UHFFFAOYSA-N,full InChIKey + formula,22,REF003,https://doi.org/10.1007/s12209-020-00273-5,"Wang, X.; Jia, T.; Pan, L.; Liu, Q.; Fang, Y.; Zou, J.-J.; Zhang, X. Review on the Relationship Between Liquid Aerospace Fuel Composition and Their Physicochemical Properties. Transactions of Tianjin University 2021, 27(2), 87–109. https://doi.org/10.1007/s12209-020-00273-5",Verified: DOI and citation metadata,"Pending: original source, table/page, measurement conditions, raw units, and conversion status must be verified for each property value.",REF-0493,"Independently collected relative to the current Y01 and Y03 release columns; row-level direct experimental status, primary source, and measurement conditions remain unresolved unless explicitly documented in the reconciliation table."
HC-0117,development,"rel-(3aR,7aS)-Octahydro-1H-indene",C9H16,BNRNAKTVFSZAFA-DTORHVGOSA-N,C1CCC2CCCC2C1,37.92,Training set (n=213),15,cis-Octahydro-1H-indene (cis-hydrindane),C9H16,C1CC[C@@H]2CCCC[C@H]12,BNRNAKTVFSZAFA-DTORHVGOSA-N,full InChIKey + formula,14,REF005,https://doi.org/10.1016/j.fuel.2026.139108,"Watanasiri, S.; Paulechka, E.; Muzny, C.; Dutta, A. Evaluation of Methods and Improvement of Predictions for Specification Properties of Petroleum-Based and Alternative Aviation Fuels. Fuel 2026, 423, 139108. https://doi.org/10.1016/j.fuel.2026.139108",Verified: DOI and citation metadata,"Pending: original source, table/page, measurement conditions, raw units, and conversion status must be verified for each property value.",REF-0493,"Independently collected relative to the current Y01 and Y03 release columns; row-level direct experimental status, primary source, and measurement conditions remain unresolved unless explicitly documented in the reconciliation table."
HC-0118,development,Thujane,C10H18,GCTNBVHDRFKLLK-UHFFFAOYSA-N,CC1CCC2(C(C)C)CC12,35.05,Training set (n=213),28,Sabinane (thujane),C10H18,C12(CCC(C1C2)C)C(C)C,GCTNBVHDRFKLLK-UHFFFAOYSA-N,full InChIKey + formula,27,REF008,DOI pending verification,Full citation pending independent verification,Pending: WOS-to-DOI mapping not independently verified,"Pending: original source, table/page, measurement conditions, raw units, and conversion status must be verified for each property value.",REF-0493,"Independently collected relative to the current Y01 and Y03 release columns; row-level direct experimental status, primary source, and measurement conditions remain unresolved unless explicitly documented in the reconciliation table."
HC-0121,development,"2,2,4,4-Tetramethylpentane",C9H20,GUMULFRCHLJNDY-UHFFFAOYSA-N,CC(C)(C)CC(C)(C)C,31.3,Training set (n=213),107,"2,2,4,4-Tetramethylpentane",C9H20,CC(C)(CC(C)(C)C)C,GUMULFRCHLJNDY-UHFFFAOYSA-N,full InChIKey + formula,106,REF015,DOI pending verification,Full citation pending independent verification,Pending: WOS-to-DOI mapping not independently verified,"Pending: original source, table/page, measurement conditions, raw units, and conversion status must be verified for each property value.",REF-0493,"Independently collected relative to the current Y01 and Y03 release columns; row-level direct experimental status, primary source, and measurement conditions remain unresolved unless explicitly documented in the reconciliation table."
HC-0122,development,"2,2,4,6,6-Pentamethylheptane",C12H26,VKPSKYDESGTTFR-UHFFFAOYSA-N,CC(CC(C)(C)C)CC(C)(C)C,32.7,Training set (n=213),125,"2,2,4,6,6-Pentamethylheptane",C12H26,CC(C)(CC(CC(C)(C)C)C)C,VKPSKYDESGTTFR-UHFFFAOYSA-N,full InChIKey + formula,124,REF029,DOI pending verification,Full citation pending independent verification,Pending: WOS-to-DOI mapping not independently verified,"Pending: original source, table/page, measurement conditions, raw units, and conversion status must be verified for each property value.",REF-0493,"Independently collected relative to the current Y01 and Y03 release columns; row-level direct experimental status, primary source, and measurement conditions remain unresolved unless explicitly documented in the reconciliation table."
HC-0123,development,"2,3,3-Trimethylpentane",C8H18,OKVWYBALHQFVFP-UHFFFAOYSA-N,CCC(C)(C)C(C)C,32.4,Training set (n=213),102,"2,3,3-Trimethylpentane",C8H18,CC(C)C(CC)(C)C,OKVWYBALHQFVFP-UHFFFAOYSA-N,full InChIKey + formula,101,REF005,https://doi.org/10.1016/j.fuel.2026.139108,"Watanasiri, S.; Paulechka, E.; Muzny, C.; Dutta, A. Evaluation of Methods and Improvement of Predictions for Specification Properties of Petroleum-Based and Alternative Aviation Fuels. Fuel 2026, 423, 139108. https://doi.org/10.1016/j.fuel.2026.139108",Verified: DOI and citation metadata,"Pending: original source, table/page, measurement conditions, raw units, and conversion status must be verified for each property value.",REF-0493,"Independently collected relative to the current Y01 and Y03 release columns; row-level direct experimental status, primary source, and measurement conditions remain unresolved unless explicitly documented in the reconciliation table."
HC-0126,development,"2,6-Dimethyloctane",C10H22,ZALHPSXXQIPKTQ-UHFFFAOYSA-N,CCC(C)CCCC(C)C,32.26,Training set (n=213),113,"2,6-Dimethyloctane",C10H22,CC(C)CCCC(CC)C,ZALHPSXXQIPKTQ-UHFFFAOYSA-N,full InChIKey + formula,112,REF008,DOI pending verification,Full citation pending independent verification,Pending: WOS-to-DOI mapping not independently verified,"Pending: original source, table/page, measurement conditions, raw units, and conversion status must be verified for each property value.",REF-0493,"Independently collected relative to the current Y01 and Y03 release columns; row-level direct experimental status, primary source, and measurement conditions remain unresolved unless explicitly documented in the reconciliation table."
HC-0128,development,"2,7-Dimethyloctane",C10H22,KEVMYFLMMDUPJE-UHFFFAOYSA-N,CC(C)CCCCC(C)C,32.18,Training set (n=213),114,"2,7-Dimethyloctane",C10H22,CC(C)CCCCC(C)C,KEVMYFLMMDUPJE-UHFFFAOYSA-N,full InChIKey + formula,113,REF026,DOI pending verification,Full citation pending independent verification,Pending: WOS-to-DOI mapping not independently verified,"Pending: original source, table/page, measurement conditions, raw units, and conversion status must be verified for each property value.",REF-0493,"Independently collected relative to the current Y01 and Y03 release columns; row-level direct experimental status, primary source, and measurement conditions remain unresolved unless explicitly documented in the reconciliation table."
HC-0130,development,2-Methyloctane,C9H20,ZUBZATZOEPUUQF-UHFFFAOYSA-N,CCCCCCC(C)C,31.83,Training set (n=213),106,2-Methyloctane,C9H20,CC(C)CCCCCC,ZUBZATZOEPUUQF-UHFFFAOYSA-N,full InChIKey + formula,105,REF005,https://doi.org/10.1016/j.fuel.2026.139108,"Watanasiri, S.; Paulechka, E.; Muzny, C.; Dutta, A. Evaluation of Methods and Improvement of Predictions for Specification Properties of Petroleum-Based and Alternative Aviation Fuels. Fuel 2026, 423, 139108. https://doi.org/10.1016/j.fuel.2026.139108",Verified: DOI and citation metadata,"Pending: original source, table/page, measurement conditions, raw units, and conversion status must be verified for each property value.",REF-0493,"Independently collected relative to the current Y01 and Y03 release columns; row-level direct experimental status, primary source, and measurement conditions remain unresolved unless explicitly documented in the reconciliation table."
HC-0133,development,3-Ethylpentane,C7H16,AORMDLNPRGXHHL-UHFFFAOYSA-N,CCC(CC)CC,31.32,Training set (n=213),100,3-Ethylpentane,C7H16,C(C)C(CC)CC,AORMDLNPRGXHHL-UHFFFAOYSA-N,full InChIKey + formula,99,REF005,https://doi.org/10.1016/j.fuel.2026.139108,"Watanasiri, S.; Paulechka, E.; Muzny, C.; Dutta, A. Evaluation of Methods and Improvement of Predictions for Specification Properties of Petroleum-Based and Alternative Aviation Fuels. Fuel 2026, 423, 139108. https://doi.org/10.1016/j.fuel.2026.139108",Verified: DOI and citation metadata,"Pending: original source, table/page, measurement conditions, raw units, and conversion status must be verified for each property value.",REF-0493,"Independently collected relative to the current Y01 and Y03 release columns; row-level direct experimental status, primary source, and measurement conditions remain unresolved unless explicitly documented in the reconciliation table."
HC-0134,development,3-Methylnonane,C10H22,PLZDDPSCZHRBOY-UHFFFAOYSA-N,CCCCCCC(C)CC,32.59,Training set (n=213),111,3-Methylnonane,C10H22,CC(CC)CCCCCC,PLZDDPSCZHRBOY-UHFFFAOYSA-N,full InChIKey + formula,110,REF005,https://doi.org/10.1016/j.fuel.2026.139108,"Watanasiri, S.; Paulechka, E.; Muzny, C.; Dutta, A. Evaluation of Methods and Improvement of Predictions for Specification Properties of Petroleum-Based and Alternative Aviation Fuels. Fuel 2026, 423, 139108. https://doi.org/10.1016/j.fuel.2026.139108",Verified: DOI and citation metadata,"Pending: original source, table/page, measurement conditions, raw units, and conversion status must be verified for each property value.",REF-0493,"Independently collected relative to the current Y01 and Y03 release columns; row-level direct experimental status, primary source, and measurement conditions remain unresolved unless explicitly documented in the reconciliation table."
HC-0141,development,"1,1-Dimethylcyclohexane",C8H16,QEGNUYASOUJEHD-UHFFFAOYSA-N,CC1(C)CCCCC1,34.7,External validation (n=30),13,"1,1-Dimethylcyclohexane",C8H16,,,formula + normalized name,12,,,,No property-level primary citation was retained in the legacy external-validation sheet.,unresolved,REF-0493,"Independently collected relative to the current Y01 and Y03 release columns; row-level direct experimental status, primary source, and measurement conditions remain unresolved unless explicitly documented in the reconciliation table."
HC-0142,development,"1,2,4-Trimethylcyclohexane",C9H18,VCJPCEVERINRSG-UHFFFAOYSA-N,CC1CCC(C)C(C)C1,34.7,Training set (n=213),157,"1,2,4-Trimethylcyclohexane",C9H18,CC1C(CC(CC1)C)C,VCJPCEVERINRSG-UHFFFAOYSA-N,full InChIKey + formula,156,REF022,DOI pending verification,Full citation pending independent verification,Pending: WOS-to-DOI mapping not independently verified,"Pending: original source, table/page, measurement conditions, raw units, and conversion status must be verified for each property value.",REF-0493,"Independently collected relative to the current Y01 and Y03 release columns; row-level direct experimental status, primary source, and measurement conditions remain unresolved unless explicitly documented in the reconciliation table."
HC-0143,development,"1,2-Dimethylcyclohexane, cis-",C8H16,KVZJLSYJROEPSQ-OCAPTIKFSA-N,CC1CCCCC1C,34.75,Training set (n=213),153,"cis-1,2-Dimethylcyclohexane",C8H16,C[C@H]1[C@H](CCCC1)C,KVZJLSYJROEPSQ-OCAPTIKFSA-N,full InChIKey + formula,152,REF005,https://doi.org/10.1016/j.fuel.2026.139108,"Watanasiri, S.; Paulechka, E.; Muzny, C.; Dutta, A. Evaluation of Methods and Improvement of Predictions for Specification Properties of Petroleum-Based and Alternative Aviation Fuels. Fuel 2026, 423, 139108. https://doi.org/10.1016/j.fuel.2026.139108",Verified: DOI and citation metadata,"Pending: original source, table/page, measurement conditions, raw units, and conversion status must be verified for each property value.",REF-0493,"Independently collected relative to the current Y01 and Y03 release columns; row-level direct experimental status, primary source, and measurement conditions remain unresolved unless explicitly documented in the reconciliation table."
HC-0145,development,"1,3-Dimethylcyclohexane, cis-",C8H16,SGVUHPSBDNVHKL-OCAPTIKFSA-N,CC1CCCC(C)C1,33.4,Training set (n=213),154,"cis-1,3-Dimethylcyclohexane",C8H16,C[C@@H]1C[C@@H](CCC1)C,SGVUHPSBDNVHKL-OCAPTIKFSA-N,full InChIKey + formula,153,REF005,https://doi.org/10.1016/j.fuel.2026.139108,"Watanasiri, S.; Paulechka, E.; Muzny, C.; Dutta, A. Evaluation of Methods and Improvement of Predictions for Specification Properties of Petroleum-Based and Alternative Aviation Fuels. Fuel 2026, 423, 139108. https://doi.org/10.1016/j.fuel.2026.139108",Verified: DOI and citation metadata,"Pending: original source, table/page, measurement conditions, raw units, and conversion status must be verified for each property value.",REF-0493,"Independently collected relative to the current Y01 and Y03 release columns; row-level direct experimental status, primary source, and measurement conditions remain unresolved unless explicitly documented in the reconciliation table."
HC-0147,development,1-Methyl-4-isopropylcyclohexane,C10H20,CFJYNSNXFXLKNS-UHFFFAOYSA-N,CC1CCC(C(C)C)CC1,34.72,Training set (n=213),169,p-Menthane (1-methyl-4-isopropylcyclohexane),C10H20,C(C)(C)C1CCC(CC1)C,CFJYNSNXFXLKNS-UHFFFAOYSA-N,full InChIKey + formula,168,REF008,DOI pending verification,Full citation pending independent verification,Pending: WOS-to-DOI mapping not independently verified,"Pending: original source, table/page, measurement conditions, raw units, and conversion status must be verified for each property value.",REF-0493,"Independently collected relative to the current Y01 and Y03 release columns; row-level direct experimental status, primary source, and measurement conditions remain unresolved unless explicitly documented in the reconciliation table."
HC-0151,development,Butylcyclopentane,C9H18,ZAGHKONXGGSVDV-UHFFFAOYSA-N,CCCCC1CCCC1,34.6,External validation (n=30),16,Butylcyclopentane,C9H18,,,formula + normalized name,15,,,,No property-level primary citation was retained in the legacy external-validation sheet.,unresolved,REF-0493,"Independently collected relative to the current Y01 and Y03 release columns; row-level direct experimental status, primary source, and measurement conditions remain unresolved unless explicitly documented in the reconciliation table."
HC-0152,development,"cis-1,3-Dimethylcyclopentane",C7H14,XAZKFISIRYLAEE-KNVOCYPGSA-N,CC1CCC(C)C1,32.69,Training set (n=213),150,"cis-1,3-Dimethylcyclopentane",C7H14,C[C@@H]1C[C@@H](CC1)C,XAZKFISIRYLAEE-KNVOCYPGSA-N,full InChIKey + formula,149,REF005,https://doi.org/10.1016/j.fuel.2026.139108,"Watanasiri, S.; Paulechka, E.; Muzny, C.; Dutta, A. Evaluation of Methods and Improvement of Predictions for Specification Properties of Petroleum-Based and Alternative Aviation Fuels. Fuel 2026, 423, 139108. https://doi.org/10.1016/j.fuel.2026.139108",Verified: DOI and citation metadata,"Pending: original source, table/page, measurement conditions, raw units, and conversion status must be verified for each property value.",REF-0493,"Independently collected relative to the current Y01 and Y03 release columns; row-level direct experimental status, primary source, and measurement conditions remain unresolved unless explicitly documented in the reconciliation table."
HC-0159,development,Isopropylcyclohexane,C9H18,GWESVXSMPKAFAS-UHFFFAOYSA-N,CC(C)C1CCCCC1,34.98,Training set (n=213),161,Isopropylcyclohexane,C9H18,C(C)(C)C1CCCCC1,GWESVXSMPKAFAS-UHFFFAOYSA-N,full InChIKey + formula,160,REF005,https://doi.org/10.1016/j.fuel.2026.139108,"Watanasiri, S.; Paulechka, E.; Muzny, C.; Dutta, A. Evaluation of Methods and Improvement of Predictions for Specification Properties of Petroleum-Based and Alternative Aviation Fuels. Fuel 2026, 423, 139108. https://doi.org/10.1016/j.fuel.2026.139108",Verified: DOI and citation metadata,"Pending: original source, table/page, measurement conditions, raw units, and conversion status must be verified for each property value.",REF-0493,"Independently collected relative to the current Y01 and Y03 release columns; row-level direct experimental status, primary source, and measurement conditions remain unresolved unless explicitly documented in the reconciliation table."
HC-0160,development,Nonylcyclohexane,C15H30,CLMFECCMAVQYQA-UHFFFAOYSA-N,CCCCCCCCCC1CCCCC1,36.0,Training set (n=213),183,n-Nonylcyclohexane,C15H30,C(CCCCCCCC)C1CCCCC1,CLMFECCMAVQYQA-UHFFFAOYSA-N,full InChIKey + formula,182,REF015,DOI pending verification,Full citation pending independent verification,Pending: WOS-to-DOI mapping not independently verified,"Pending: original source, table/page, measurement conditions, raw units, and conversion status must be verified for each property value.",REF-0493,"Independently collected relative to the current Y01 and Y03 release columns; row-level direct experimental status, primary source, and measurement conditions remain unresolved unless explicitly documented in the reconciliation table."
HC-0161,development,Pentylcyclohexane,C11H22,HLTMUYBTNSVOFY-UHFFFAOYSA-N,CCCCCC1CCCCC1,35.2,Training set (n=213),172,n-Pentylcyclohexane,C11H22,C(CCCC)C1CCCCC1,HLTMUYBTNSVOFY-UHFFFAOYSA-N,full InChIKey + formula,171,REF015,DOI pending verification,Full citation pending independent verification,Pending: WOS-to-DOI mapping not independently verified,"Pending: original source, table/page, measurement conditions, raw units, and conversion status must be verified for each property value.",REF-0493,"Independently collected relative to the current Y01 and Y03 release columns; row-level direct experimental status, primary source, and measurement conditions remain unresolved unless explicitly documented in the reconciliation table."
HC-0162,development,"5-Methyl-1,2,3,4-tetrahydronaphthalene",C11H14,YXOVIGZJPGLNGM-UHFFFAOYSA-N,Cc1cccc2c1CCCC2,39.75,Training set (n=213),35,5-Methyltetralin,C11H14,CC1=C2CCCCC2=CC=C1,YXOVIGZJPGLNGM-UHFFFAOYSA-N,full InChIKey + formula,34,REF005,https://doi.org/10.1016/j.fuel.2026.139108,"Watanasiri, S.; Paulechka, E.; Muzny, C.; Dutta, A. Evaluation of Methods and Improvement of Predictions for Specification Properties of Petroleum-Based and Alternative Aviation Fuels. Fuel 2026, 423, 139108. https://doi.org/10.1016/j.fuel.2026.139108",Verified: DOI and citation metadata,"Pending: original source, table/page, measurement conditions, raw units, and conversion status must be verified for each property value.",REF-0493,"Independently collected relative to the current Y01 and Y03 release columns; row-level direct experimental status, primary source, and measurement conditions remain unresolved unless explicitly documented in the reconciliation table."
HC-0164,development,"Benzene, 1-methyl-3-propyl-",C10H14,QUEBYVKXYIKVSO-UHFFFAOYSA-N,CCCc1cccc(C)c1,35.79,Training set (n=213),200,1-Methyl-3-propylbenzene,C10H14,CC1=CC(=CC=C1)CCC,QUEBYVKXYIKVSO-UHFFFAOYSA-N,full InChIKey + formula,199,REF005,https://doi.org/10.1016/j.fuel.2026.139108,"Watanasiri, S.; Paulechka, E.; Muzny, C.; Dutta, A. Evaluation of Methods and Improvement of Predictions for Specification Properties of Petroleum-Based and Alternative Aviation Fuels. Fuel 2026, 423, 139108. https://doi.org/10.1016/j.fuel.2026.139108",Verified: DOI and citation metadata,"Pending: original source, table/page, measurement conditions, raw units, and conversion status must be verified for each property value.",REF-0493,"Independently collected relative to the current Y01 and Y03 release columns; row-level direct experimental status, primary source, and measurement conditions remain unresolved unless explicitly documented in the reconciliation table."
HC-0165,development,Dodecylbenzene,C18H30,KWKXNDCHNDYVRT-UHFFFAOYSA-N,CCCCCCCCCCCCc1ccccc1,36.4,Training set (n=213),213,n-Dodecylbenzene,C18H30,C(CCCCCCCCCCC)C1=CC=CC=C1,KWKXNDCHNDYVRT-UHFFFAOYSA-N,full InChIKey + formula,212,REF005,https://doi.org/10.1016/j.fuel.2026.139108,"Watanasiri, S.; Paulechka, E.; Muzny, C.; Dutta, A. Evaluation of Methods and Improvement of Predictions for Specification Properties of Petroleum-Based and Alternative Aviation Fuels. Fuel 2026, 423, 139108. https://doi.org/10.1016/j.fuel.2026.139108",Verified: DOI and citation metadata,"Pending: original source, table/page, measurement conditions, raw units, and conversion status must be verified for each property value.",REF-0493,"Independently collected relative to the current Y01 and Y03 release columns; row-level direct experimental status, primary source, and measurement conditions remain unresolved unless explicitly documented in the reconciliation table."
HC-0167,development,Hexylbenzene,C12H18,LTEQMZWBSYACLV-UHFFFAOYSA-N,CCCCCCc1ccccc1,36.04,Training set (n=213),205,n-Hexylbenzene,C12H18,C(CCCCC)C1=CC=CC=C1,LTEQMZWBSYACLV-UHFFFAOYSA-N,full InChIKey + formula,204,REF005,https://doi.org/10.1016/j.fuel.2026.139108,"Watanasiri, S.; Paulechka, E.; Muzny, C.; Dutta, A. Evaluation of Methods and Improvement of Predictions for Specification Properties of Petroleum-Based and Alternative Aviation Fuels. Fuel 2026, 423, 139108. https://doi.org/10.1016/j.fuel.2026.139108",Verified: DOI and citation metadata,"Pending: original source, table/page, measurement conditions, raw units, and conversion status must be verified for each property value.",REF-0493,"Independently collected relative to the current Y01 and Y03 release columns; row-level direct experimental status, primary source, and measurement conditions remain unresolved unless explicitly documented in the reconciliation table."
HC-0168,development,Octylbenzene,C14H22,CDKDZKXSXLNROY-UHFFFAOYSA-N,CCCCCCCCc1ccccc1,36.17,Training set (n=213),208,n-Octylbenzene,C14H22,C(CCCCCCC)C1=CC=CC=C1,CDKDZKXSXLNROY-UHFFFAOYSA-N,full InChIKey + formula,207,REF005,https://doi.org/10.1016/j.fuel.2026.139108,"Watanasiri, S.; Paulechka, E.; Muzny, C.; Dutta, A. Evaluation of Methods and Improvement of Predictions for Specification Properties of Petroleum-Based and Alternative Aviation Fuels. Fuel 2026, 423, 139108. https://doi.org/10.1016/j.fuel.2026.139108",Verified: DOI and citation metadata,"Pending: original source, table/page, measurement conditions, raw units, and conversion status must be verified for each property value.",REF-0493,"Independently collected relative to the current Y01 and Y03 release columns; row-level direct experimental status, primary source, and measurement conditions remain unresolved unless explicitly documented in the reconciliation table."
HC-0171,development,Tridecylbenzene,C19H32,MCVUKOYZUCWLQQ-UHFFFAOYSA-N,CCCCCCCCCCCCCc1ccccc1,36.46,Training set (n=213),214,n-Tridecylbenzene,C19H32,C(CCCCCCCCCCCC)C1=CC=CC=C1,MCVUKOYZUCWLQQ-UHFFFAOYSA-N,full InChIKey + formula,213,REF005,https://doi.org/10.1016/j.fuel.2026.139108,"Watanasiri, S.; Paulechka, E.; Muzny, C.; Dutta, A. Evaluation of Methods and Improvement of Predictions for Specification Properties of Petroleum-Based and Alternative Aviation Fuels. Fuel 2026, 423, 139108. https://doi.org/10.1016/j.fuel.2026.139108",Verified: DOI and citation metadata,"Pending: original source, table/page, measurement conditions, raw units, and conversion status must be verified for each property value.",REF-0493,"Independently collected relative to the current Y01 and Y03 release columns; row-level direct experimental status, primary source, and measurement conditions remain unresolved unless explicitly documented in the reconciliation table."
HC-0172,development,Undecylbenzene,C17H28,XBEADGFTLHRJRB-UHFFFAOYSA-N,CCCCCCCCCCCc1ccccc1,36.42,Training set (n=213),212,n-Undecylbenzene,C17H28,C(CCCCCCCCCC)C1=CC=CC=C1,XBEADGFTLHRJRB-UHFFFAOYSA-N,full InChIKey + formula,211,REF005,https://doi.org/10.1016/j.fuel.2026.139108,"Watanasiri, S.; Paulechka, E.; Muzny, C.; Dutta, A. Evaluation of Methods and Improvement of Predictions for Specification Properties of Petroleum-Based and Alternative Aviation Fuels. Fuel 2026, 423, 139108. https://doi.org/10.1016/j.fuel.2026.139108",Verified: DOI and citation metadata,"Pending: original source, table/page, measurement conditions, raw units, and conversion status must be verified for each property value.",REF-0493,"Independently collected relative to the current Y01 and Y03 release columns; row-level direct experimental status, primary source, and measurement conditions remain unresolved unless explicitly documented in the reconciliation table."
HC-0176,development,Dicyclopentadiene,C10H12,HECLRDQVFMWTQS-UHFFFAOYSA-N,C1=CC2C3C=CC(C3)C2C1,43.28,Training set (n=213),20,Dicyclopentadiene (fuel 11),C10H12,C1C=CC2C3CC(C=C3)C12,HECLRDQVFMWTQS-UHFFFAOYSA-N,full InChIKey + formula,19,REF001,DOI pending verification,Full citation pending independent verification,Pending: WOS-to-DOI mapping not independently verified,"Pending: original source, table/page, measurement conditions, raw units, and conversion status must be verified for each property value.",REF-0493,"Independently collected relative to the current Y01 and Y03 release columns; row-level direct experimental status, primary source, and measurement conditions remain unresolved unless explicitly documented in the reconciliation table."
HC-0180,development,1-Ethylnaphthalene,C12H12,ZMXIYERNXPIYFR-UHFFFAOYSA-N,CCc1cccc2ccccc12,40.18,Training set (n=213),43,1-Ethylnaphthalene,C12H12,C(C)C1=CC=CC2=CC=CC=C12,ZMXIYERNXPIYFR-UHFFFAOYSA-N,full InChIKey + formula,42,REF005,https://doi.org/10.1016/j.fuel.2026.139108,"Watanasiri, S.; Paulechka, E.; Muzny, C.; Dutta, A. Evaluation of Methods and Improvement of Predictions for Specification Properties of Petroleum-Based and Alternative Aviation Fuels. Fuel 2026, 423, 139108. https://doi.org/10.1016/j.fuel.2026.139108",Verified: DOI and citation metadata,"Pending: original source, table/page, measurement conditions, raw units, and conversion status must be verified for each property value.",REF-0493,"Independently collected relative to the current Y01 and Y03 release columns; row-level direct experimental status, primary source, and measurement conditions remain unresolved unless explicitly documented in the reconciliation table."
HC-0181,development,1-Propylnaphthalene,C13H14,HMAMGXMFMCAOPV-UHFFFAOYSA-N,CCCc1cccc2ccccc12,39.76,Training set (n=213),54,1-Propylnaphthalene,C13H14,C(CC)C1=CC=CC2=CC=CC=C12,HMAMGXMFMCAOPV-UHFFFAOYSA-N,full InChIKey + formula,53,REF005,https://doi.org/10.1016/j.fuel.2026.139108,"Watanasiri, S.; Paulechka, E.; Muzny, C.; Dutta, A. Evaluation of Methods and Improvement of Predictions for Specification Properties of Petroleum-Based and Alternative Aviation Fuels. Fuel 2026, 423, 139108. https://doi.org/10.1016/j.fuel.2026.139108",Verified: DOI and citation metadata,"Pending: original source, table/page, measurement conditions, raw units, and conversion status must be verified for each property value.",REF-0493,"Independently collected relative to the current Y01 and Y03 release columns; row-level direct experimental status, primary source, and measurement conditions remain unresolved unless explicitly documented in the reconciliation table."
HC-0182,development,2-Methylnaphthalene,C11H10,QIMMUPPBPVKWKM-UHFFFAOYSA-N,Cc1ccc2ccccc2c1,45.8,External validation (n=30),21,2-Methylnaphthalene,C11H10,,,formula + normalized name,20,,,,No property-level primary citation was retained in the legacy external-validation sheet.,unresolved,REF-0493,"Independently collected relative to the current Y01 and Y03 release columns; row-level direct experimental status, primary source, and measurement conditions remain unresolved unless explicitly documented in the reconciliation table."
HC-0194,development,Cyclopentylcyclohexane,C11H20,WVABZRMBCQFXBK-UHFFFAOYSA-N,C1CCC(C2CCCC2)CC1,38.0,Training set (n=213),39,Cyclopentylcyclohexane,C11H20,C1(CCCC1)C1CCCCC1,WVABZRMBCQFXBK-UHFFFAOYSA-N,full InChIKey + formula,38,REF011,DOI pending verification,Full citation pending independent verification,Pending: WOS-to-DOI mapping not independently verified,"Pending: original source, table/page, measurement conditions, raw units, and conversion status must be verified for each property value.",REF-0493,"Independently collected relative to the current Y01 and Y03 release columns; row-level direct experimental status, primary source, and measurement conditions remain unresolved unless explicitly documented in the reconciliation table."
HC-0195,development,Spiro(4.5)decane,C10H18,CTDQAGUNKPRERK-UHFFFAOYSA-N,C1CCC2(CC1)CCCC2,37.17,Training set (n=213),25,Spiro[4.5]decane,C10H18,C1CCCC12CCCCC2,CTDQAGUNKPRERK-UHFFFAOYSA-N,full InChIKey + formula,24,REF003,https://doi.org/10.1007/s12209-020-00273-5,"Wang, X.; Jia, T.; Pan, L.; Liu, Q.; Fang, Y.; Zou, J.-J.; Zhang, X. Review on the Relationship Between Liquid Aerospace Fuel Composition and Their Physicochemical Properties. Transactions of Tianjin University 2021, 27(2), 87–109. https://doi.org/10.1007/s12209-020-00273-5",Verified: DOI and citation metadata,"Pending: original source, table/page, measurement conditions, raw units, and conversion status must be verified for each property value.",REF-0493,"Independently collected relative to the current Y01 and Y03 release columns; row-level direct experimental status, primary source, and measurement conditions remain unresolved unless explicitly documented in the reconciliation table."
HC-0201,development,2-Methylpentadecane,C16H34,BANXPJUEBPWEOT-UHFFFAOYSA-N,CCCCCCCCCCCCCC(C)C,34.02,Training set (n=213),136,2-Methylpentadecane,C16H34,CC(C)CCCCCCCCCCCCC,BANXPJUEBPWEOT-UHFFFAOYSA-N,full InChIKey + formula,135,REF005,https://doi.org/10.1016/j.fuel.2026.139108,"Watanasiri, S.; Paulechka, E.; Muzny, C.; Dutta, A. Evaluation of Methods and Improvement of Predictions for Specification Properties of Petroleum-Based and Alternative Aviation Fuels. Fuel 2026, 423, 139108. https://doi.org/10.1016/j.fuel.2026.139108",Verified: DOI and citation metadata,"Pending: original source, table/page, measurement conditions, raw units, and conversion status must be verified for each property value.",REF-0493,"Independently collected relative to the current Y01 and Y03 release columns; row-level direct experimental status, primary source, and measurement conditions remain unresolved unless explicitly documented in the reconciliation table."
HC-0203,development,"4,5-Diethyloctane",C12H26,XRVCHXCONYJHLU-UHFFFAOYSA-N,CCCC(CC)C(CC)CCC,34.04,Training set (n=213),122,"4,5-Diethyloctane",C12H26,C(C)C(CCC)C(CCC)CC,XRVCHXCONYJHLU-UHFFFAOYSA-N,full InChIKey + formula,121,REF005,https://doi.org/10.1016/j.fuel.2026.139108,"Watanasiri, S.; Paulechka, E.; Muzny, C.; Dutta, A. Evaluation of Methods and Improvement of Predictions for Specification Properties of Petroleum-Based and Alternative Aviation Fuels. Fuel 2026, 423, 139108. https://doi.org/10.1016/j.fuel.2026.139108",Verified: DOI and citation metadata,"Pending: original source, table/page, measurement conditions, raw units, and conversion status must be verified for each property value.",REF-0493,"Independently collected relative to the current Y01 and Y03 release columns; row-level direct experimental status, primary source, and measurement conditions remain unresolved unless explicitly documented in the reconciliation table."
HC-0204,development,"Octadecane, 3-ethyl",C20H42,RFGDOQAMXMKEQV-UHFFFAOYSA-N,CCCCCCCCCCCCCCCC(CC)CC,35.02,Training set (n=213),143,3-Ethyloctadecane,C20H42,C(C)C(CC)CCCCCCCCCCCCCCC,RFGDOQAMXMKEQV-UHFFFAOYSA-N,full InChIKey + formula,142,REF005,https://doi.org/10.1016/j.fuel.2026.139108,"Watanasiri, S.; Paulechka, E.; Muzny, C.; Dutta, A. Evaluation of Methods and Improvement of Predictions for Specification Properties of Petroleum-Based and Alternative Aviation Fuels. Fuel 2026, 423, 139108. https://doi.org/10.1016/j.fuel.2026.139108",Verified: DOI and citation metadata,"Pending: original source, table/page, measurement conditions, raw units, and conversion status must be verified for each property value.",REF-0493,"Independently collected relative to the current Y01 and Y03 release columns; row-level direct experimental status, primary source, and measurement conditions remain unresolved unless explicitly documented in the reconciliation table."
HC-0208,development,Isopropylcyclopentane,C8H16,TVSBRLGQVHJIKT-UHFFFAOYSA-N,CC(C)C1CCCC1,34.0,Training set (n=213),152,Isopropylcyclopentane,C8H16,C(C)(C)C1CCCC1,TVSBRLGQVHJIKT-UHFFFAOYSA-N,full InChIKey + formula,151,REF005,https://doi.org/10.1016/j.fuel.2026.139108,"Watanasiri, S.; Paulechka, E.; Muzny, C.; Dutta, A. Evaluation of Methods and Improvement of Predictions for Specification Properties of Petroleum-Based and Alternative Aviation Fuels. Fuel 2026, 423, 139108. https://doi.org/10.1016/j.fuel.2026.139108",Verified: DOI and citation metadata,"Pending: original source, table/page, measurement conditions, raw units, and conversion status must be verified for each property value.",REF-0493,"Independently collected relative to the current Y01 and Y03 release columns; row-level direct experimental status, primary source, and measurement conditions remain unresolved unless explicitly documented in the reconciliation table."
HC-0209,development,Pentylcyclopentane,C10H20,HPQURZRDYMUHJI-UHFFFAOYSA-N,CCCCCC1CCCC1,35.2,Training set (n=213),168,n-Pentylcyclopentane,C10H20,C(CCCC)C1CCCC1,HPQURZRDYMUHJI-UHFFFAOYSA-N,full InChIKey + formula,167,REF040,DOI pending verification,Full citation pending independent verification,Pending: WOS-to-DOI mapping not independently verified,"Pending: original source, table/page, measurement conditions, raw units, and conversion status must be verified for each property value.",REF-0493,"Independently collected relative to the current Y01 and Y03 release columns; row-level direct experimental status, primary source, and measurement conditions remain unresolved unless explicitly documented in the reconciliation table."
HC-0210,development,tert-Butylcyclohexane,C10H20,XTVMZZBLCLWBPM-UHFFFAOYSA-N,CC(C)(C)C1CCCCC1,35.5,Training set (n=213),170,tert-Butylcyclohexane,C10H20,C(C)(C)(C)C1CCCCC1,XTVMZZBLCLWBPM-UHFFFAOYSA-N,full InChIKey + formula,169,REF015,DOI pending verification,Full citation pending independent verification,Pending: WOS-to-DOI mapping not independently verified,"Pending: original source, table/page, measurement conditions, raw units, and conversion status must be verified for each property value.",REF-0493,"Independently collected relative to the current Y01 and Y03 release columns; row-level direct experimental status, primary source, and measurement conditions remain unresolved unless explicitly documented in the reconciliation table."
HC-0211,development,"1,3,5-Triisopropylbenzene",C15H24,VUMCUSHVMYIRMB-UHFFFAOYSA-N,CC(C)c1cc(C(C)C)cc(C(C)C)c1,33.6,Training set (n=213),209,"1,3,5-Triisopropylbenzene",C15H24,C(C)(C)C1=CC(=CC(=C1)C(C)C)C(C)C,VUMCUSHVMYIRMB-UHFFFAOYSA-N,full InChIKey + formula,208,REF015,DOI pending verification,Full citation pending independent verification,Pending: WOS-to-DOI mapping not independently verified,"Pending: original source, table/page, measurement conditions, raw units, and conversion status must be verified for each property value.",REF-0493,"Independently collected relative to the current Y01 and Y03 release columns; row-level direct experimental status, primary source, and measurement conditions remain unresolved unless explicitly documented in the reconciliation table."
HC-0212,development,"4,7-Dimethylindan",C11H14,IWHKMCQFAMHMSX-UHFFFAOYSA-N,Cc1ccc(C)c2c1CCC2,38.86,Training set (n=213),34,"4,7-Dimethylindane",C11H14,CC1=C2CCCC2=C(C=C1)C,IWHKMCQFAMHMSX-UHFFFAOYSA-N,full InChIKey + formula,33,REF005,https://doi.org/10.1016/j.fuel.2026.139108,"Watanasiri, S.; Paulechka, E.; Muzny, C.; Dutta, A. Evaluation of Methods and Improvement of Predictions for Specification Properties of Petroleum-Based and Alternative Aviation Fuels. Fuel 2026, 423, 139108. https://doi.org/10.1016/j.fuel.2026.139108",Verified: DOI and citation metadata,"Pending: original source, table/page, measurement conditions, raw units, and conversion status must be verified for each property value.",REF-0493,"Independently collected relative to the current Y01 and Y03 release columns; row-level direct experimental status, primary source, and measurement conditions remain unresolved unless explicitly documented in the reconciliation table."
HC-0213,development,Pentylbenzene,C11H16,PWATWSYOIIXYMA-UHFFFAOYSA-N,CCCCCc1ccccc1,35.94,Training set (n=213),204,n-Pentylbenzene,C11H16,C(CCCC)C1=CC=CC=C1,PWATWSYOIIXYMA-UHFFFAOYSA-N,full InChIKey + formula,203,REF005,https://doi.org/10.1016/j.fuel.2026.139108,"Watanasiri, S.; Paulechka, E.; Muzny, C.; Dutta, A. Evaluation of Methods and Improvement of Predictions for Specification Properties of Petroleum-Based and Alternative Aviation Fuels. Fuel 2026, 423, 139108. https://doi.org/10.1016/j.fuel.2026.139108",Verified: DOI and citation metadata,"Pending: original source, table/page, measurement conditions, raw units, and conversion status must be verified for each property value.",REF-0493,"Independently collected relative to the current Y01 and Y03 release columns; row-level direct experimental status, primary source, and measurement conditions remain unresolved unless explicitly documented in the reconciliation table."
HC-0216,development,1-Methylnorbornane,C8H14,UTPHVTOEOCZQJU-UHFFFAOYSA-N,CC12CCC(CC1)C2,38.5,External validation (n=30),10,1-Methylnorbornane,C8H14,,,formula + normalized name,9,,,,No property-level primary citation was retained in the legacy external-validation sheet.,unresolved,REF-0493,"Independently collected relative to the current Y01 and Y03 release columns; row-level direct experimental status, primary source, and measurement conditions remain unresolved unless explicitly documented in the reconciliation table."
HC-0217,development,Spiro[5.6]dodecane,C12H22,ZDNANLAHKKNCTC-UHFFFAOYSA-N,C1CCCC2(CC1)CCCCC2,38.41,Training set (n=213),50,Spiro[5.6]dodecane,C12H22,C1CCCCC12CCCCCC2,ZDNANLAHKKNCTC-UHFFFAOYSA-N,full InChIKey + formula,49,REF003,https://doi.org/10.1007/s12209-020-00273-5,"Wang, X.; Jia, T.; Pan, L.; Liu, Q.; Fang, Y.; Zou, J.-J.; Zhang, X. Review on the Relationship Between Liquid Aerospace Fuel Composition and Their Physicochemical Properties. Transactions of Tianjin University 2021, 27(2), 87–109. https://doi.org/10.1007/s12209-020-00273-5",Verified: DOI and citation metadata,"Pending: original source, table/page, measurement conditions, raw units, and conversion status must be verified for each property value.",REF-0493,"Independently collected relative to the current Y01 and Y03 release columns; row-level direct experimental status, primary source, and measurement conditions remain unresolved unless explicitly documented in the reconciliation table."
HC-0218,development,"2,3-Dimethylheptane",C9H20,WBRFDUJXCLCKPX-UHFFFAOYSA-N,CCCCC(C)C(C)C,32.9,External validation (n=30),18,"2,3-Dimethylheptane",C9H20,,,formula + normalized name,17,,,,No property-level primary citation was retained in the legacy external-validation sheet.,unresolved,REF-0493,"Independently collected relative to the current Y01 and Y03 release columns; row-level direct experimental status, primary source, and measurement conditions remain unresolved unless explicitly documented in the reconciliation table."
HC-0219,development,"2,3-Dimethylnonane",C11H24,IGJRNTLDWLTHCQ-UHFFFAOYSA-N,CCCCCCC(C)C(C)C,33.15,Training set (n=213),119,"2,3-Dimethylnonane",C11H24,CC(C)C(CCCCCC)C,IGJRNTLDWLTHCQ-UHFFFAOYSA-N,full InChIKey + formula,118,REF005,https://doi.org/10.1016/j.fuel.2026.139108,"Watanasiri, S.; Paulechka, E.; Muzny, C.; Dutta, A. Evaluation of Methods and Improvement of Predictions for Specification Properties of Petroleum-Based and Alternative Aviation Fuels. Fuel 2026, 423, 139108. https://doi.org/10.1016/j.fuel.2026.139108",Verified: DOI and citation metadata,"Pending: original source, table/page, measurement conditions, raw units, and conversion status must be verified for each property value.",REF-0493,"Independently collected relative to the current Y01 and Y03 release columns; row-level direct experimental status, primary source, and measurement conditions remain unresolved unless explicitly documented in the reconciliation table."
HC-0220,development,"2,5-Dimethyldecane",C12H26,DQHKBYZSYRJBMD-UHFFFAOYSA-N,CCCCCC(C)CCC(C)C,33.1,Training set (n=213),127,"2,5-Dimethyldecane",C12H26,CC(C)CCC(CCCCC)C,DQHKBYZSYRJBMD-UHFFFAOYSA-N,full InChIKey + formula,126,REF026,DOI pending verification,Full citation pending independent verification,Pending: WOS-to-DOI mapping not independently verified,"Pending: original source, table/page, measurement conditions, raw units, and conversion status must be verified for each property value.",REF-0493,"Independently collected relative to the current Y01 and Y03 release columns; row-level direct experimental status, primary source, and measurement conditions remain unresolved unless explicitly documented in the reconciliation table."
HC-0221,development,"2,5-Dimethyloctane",C10H22,HOAAQUNESXYFDT-UHFFFAOYSA-N,CCCC(C)CCC(C)C,32.22,Training set (n=213),112,"2,5-Dimethyloctane",C10H22,CC(C)CCC(CCC)C,HOAAQUNESXYFDT-UHFFFAOYSA-N,full InChIKey + formula,111,REF026,DOI pending verification,Full citation pending independent verification,Pending: WOS-to-DOI mapping not independently verified,"Pending: original source, table/page, measurement conditions, raw units, and conversion status must be verified for each property value.",REF-0493,"Independently collected relative to the current Y01 and Y03 release columns; row-level direct experimental status, primary source, and measurement conditions remain unresolved unless explicitly documented in the reconciliation table."
HC-0222,development,"2,5-Dimethylundecane",C13H28,HGYKYVHHAJFANS-UHFFFAOYSA-N,CCCCCCC(C)CCC(C)C,33.32,Training set (n=213),130,"2,5-Dimethylundecane",C13H28,CC(C)CCC(CCCCCC)C,HGYKYVHHAJFANS-UHFFFAOYSA-N,full InChIKey + formula,129,REF026,DOI pending verification,Full citation pending independent verification,Pending: WOS-to-DOI mapping not independently verified,"Pending: original source, table/page, measurement conditions, raw units, and conversion status must be verified for each property value.",REF-0493,"Independently collected relative to the current Y01 and Y03 release columns; row-level direct experimental status, primary source, and measurement conditions remain unresolved unless explicitly documented in the reconciliation table."
HC-0223,development,2-Methyloctadecane,C19H40,KVQVGSDBGJXNGV-UHFFFAOYSA-N,CCCCCCCCCCCCCCCCC(C)C,34.51,Training set (n=213),142,2-Methyloctadecane,C19H40,CC(C)CCCCCCCCCCCCCCCC,KVQVGSDBGJXNGV-UHFFFAOYSA-N,full InChIKey + formula,141,REF005,https://doi.org/10.1016/j.fuel.2026.139108,"Watanasiri, S.; Paulechka, E.; Muzny, C.; Dutta, A. Evaluation of Methods and Improvement of Predictions for Specification Properties of Petroleum-Based and Alternative Aviation Fuels. Fuel 2026, 423, 139108. https://doi.org/10.1016/j.fuel.2026.139108",Verified: DOI and citation metadata,"Pending: original source, table/page, measurement conditions, raw units, and conversion status must be verified for each property value.",REF-0493,"Independently collected relative to the current Y01 and Y03 release columns; row-level direct experimental status, primary source, and measurement conditions remain unresolved unless explicitly documented in the reconciliation table."
HC-0224,development,2-Methyltetradecane,C15H32,KUVMKLCGXIYSNH-UHFFFAOYSA-N,CCCCCCCCCCCCC(C)C,33.81,Training set (n=213),134,2-Methyltetradecane,C15H32,CC(C)CCCCCCCCCCCC,KUVMKLCGXIYSNH-UHFFFAOYSA-N,full InChIKey + formula,133,REF005,https://doi.org/10.1016/j.fuel.2026.139108,"Watanasiri, S.; Paulechka, E.; Muzny, C.; Dutta, A. Evaluation of Methods and Improvement of Predictions for Specification Properties of Petroleum-Based and Alternative Aviation Fuels. Fuel 2026, 423, 139108. https://doi.org/10.1016/j.fuel.2026.139108",Verified: DOI and citation metadata,"Pending: original source, table/page, measurement conditions, raw units, and conversion status must be verified for each property value.",REF-0493,"Independently collected relative to the current Y01 and Y03 release columns; row-level direct experimental status, primary source, and measurement conditions remain unresolved unless explicitly documented in the reconciliation table."
HC-0229,development,5-Ethyl-3-methylnonane,C12H26,GDUZVOIDJDZQBC-UHFFFAOYSA-N,CCCCC(CC)CC(C)CC,33.1,Training set (n=213),128,3-Methyl-5-ethylnonane,C12H26,CC(CC)CC(CCCC)CC,GDUZVOIDJDZQBC-UHFFFAOYSA-N,full InChIKey + formula,127,REF031,DOI pending verification,Full citation pending independent verification,Pending: WOS-to-DOI mapping not independently verified,"Pending: original source, table/page, measurement conditions, raw units, and conversion status must be verified for each property value.",REF-0493,"Independently collected relative to the current Y01 and Y03 release columns; row-level direct experimental status, primary source, and measurement conditions remain unresolved unless explicitly documented in the reconciliation table."
HC-0230,development,5-Methylundecane,C12H26,QULNVKABFWNUCW-UHFFFAOYSA-N,CCCCCCC(C)CCCC,33.12,Training set (n=213),129,5-Methylundecane,C12H26,CC(CCCC)CCCCCC,QULNVKABFWNUCW-UHFFFAOYSA-N,full InChIKey + formula,128,REF008,DOI pending verification,Full citation pending independent verification,Pending: WOS-to-DOI mapping not independently verified,"Pending: original source, table/page, measurement conditions, raw units, and conversion status must be verified for each property value.",REF-0493,"Independently collected relative to the current Y01 and Y03 release columns; row-level direct experimental status, primary source, and measurement conditions remain unresolved unless explicitly documented in the reconciliation table."
HC-0233,development,9-Methylheptadecane,C18H38,LUUWKCSVACCBSJ-UHFFFAOYSA-N,CCCCCCCCC(C)CCCCCCCC,34.53,Training set (n=213),140,9-Methylheptadecane,C18H38,CC(CCCCCCCC)CCCCCCCC,LUUWKCSVACCBSJ-UHFFFAOYSA-N,full InChIKey + formula,139,REF005,https://doi.org/10.1016/j.fuel.2026.139108,"Watanasiri, S.; Paulechka, E.; Muzny, C.; Dutta, A. Evaluation of Methods and Improvement of Predictions for Specification Properties of Petroleum-Based and Alternative Aviation Fuels. Fuel 2026, 423, 139108. https://doi.org/10.1016/j.fuel.2026.139108",Verified: DOI and citation metadata,"Pending: original source, table/page, measurement conditions, raw units, and conversion status must be verified for each property value.",REF-0493,"Independently collected relative to the current Y01 and Y03 release columns; row-level direct experimental status, primary source, and measurement conditions remain unresolved unless explicitly documented in the reconciliation table."
HC-0234,development,"1,1-Diethylcyclohexane",C10H20,GCYUJISWSVALJD-UHFFFAOYSA-N,CCC1(CC)CCCCC1,35.81,Training set (n=213),165,"1,1-Diethylcyclohexane",C10H20,C(C)C1(CCCCC1)CC,GCYUJISWSVALJD-UHFFFAOYSA-N,full InChIKey + formula,164,REF004,DOI pending verification,Full citation pending independent verification,Pending: WOS-to-DOI mapping not independently verified,"Pending: original source, table/page, measurement conditions, raw units, and conversion status must be verified for each property value.",REF-0493,"Independently collected relative to the current Y01 and Y03 release columns; row-level direct experimental status, primary source, and measurement conditions remain unresolved unless explicitly documented in the reconciliation table."
HC-0236,development,"1,3,5-Trimethylcyclohexane",C9H18,ODNRTOSCFYDTKF-UHFFFAOYSA-N,CC1CC(C)CC(C)C1,34.3,Training set (n=213),159,"1,3,5-Trimethylcyclohexane",C9H18,CC1CC(CC(C1)C)C,ODNRTOSCFYDTKF-UHFFFAOYSA-N,full InChIKey + formula,158,REF015,DOI pending verification,Full citation pending independent verification,Pending: WOS-to-DOI mapping not independently verified,"Pending: original source, table/page, measurement conditions, raw units, and conversion status must be verified for each property value.",REF-0493,"Independently collected relative to the current Y01 and Y03 release columns; row-level direct experimental status, primary source, and measurement conditions remain unresolved unless explicitly documented in the reconciliation table."
HC-0237,development,"1,4-Diisopropylcyclohexane",C12H24,GMUJGUXGVJZHSK-UHFFFAOYSA-N,CC(C)C1CCC(C(C)C)CC1,34.6,Training set (n=213),175,"1,4-Diisopropylcyclohexane",C12H24,C(C)(C)C1CCC(CC1)C(C)C,GMUJGUXGVJZHSK-UHFFFAOYSA-N,full InChIKey + formula,174,REF016,DOI pending verification,Full citation pending independent verification,Pending: WOS-to-DOI mapping not independently verified,"Pending: original source, table/page, measurement conditions, raw units, and conversion status must be verified for each property value.",REF-0493,"Independently collected relative to the current Y01 and Y03 release columns; row-level direct experimental status, primary source, and measurement conditions remain unresolved unless explicitly documented in the reconciliation table."
HC-0238,development,1-Methyl-3-propylcyclohexane,C10H20,HFHJBWYDQAWSIA-UHFFFAOYSA-N,CCCC1CCCC(C)C1,35.4,External validation (n=30),15,1-Methyl-3-propylcyclohexane,C10H20,,,formula + normalized name,14,,,,No property-level primary citation was retained in the legacy external-validation sheet.,unresolved,REF-0493,"Independently collected relative to the current Y01 and Y03 release columns; row-level direct experimental status, primary source, and measurement conditions remain unresolved unless explicitly documented in the reconciliation table."
HC-0239,development,Cyclododecene (stereochemistry unspecified),C12H22,HYPABJGVBDSCIT-UHFFFAOYSA-N,C1=CCCCCCCCCCC1,37.4,Training set (n=213),173,Cyclododecene,C12H22,C1=CCCCCCCCCCC1,HYPABJGVBDSCIT-UHFFFAOYSA-N,full InChIKey + formula,172,REF024,DOI pending verification,Full citation pending independent verification,Pending: WOS-to-DOI mapping not independently verified,"Pending: original source, table/page, measurement conditions, raw units, and conversion status must be verified for each property value.",REF-0493,"Independently collected relative to the current Y01 and Y03 release columns; row-level direct experimental status, primary source, and measurement conditions remain unresolved unless explicitly documented in the reconciliation table."
HC-0241,development,Cyclopentylbenzene,C11H14,VDIHFNQRHGYISG-UHFFFAOYSA-N,c1ccc(C2CCCC2)cc1,40.4,External validation (n=30),23,Cyclopentylbenzene,C11H14,,,formula + normalized name,22,,,,No property-level primary citation was retained in the legacy external-validation sheet.,unresolved,REF-0493,"Independently collected relative to the current Y01 and Y03 release columns; row-level direct experimental status, primary source, and measurement conditions remain unresolved unless explicitly documented in the reconciliation table."
HC-0242,development,Heptylbenzene,C13H20,LBNXAWYDQUGHGX-UHFFFAOYSA-N,CCCCCCCc1ccccc1,36.11,Training set (n=213),206,n-Heptylbenzene,C13H20,C(CCCCCC)C1=CC=CC=C1,LBNXAWYDQUGHGX-UHFFFAOYSA-N,full InChIKey + formula,205,REF005,https://doi.org/10.1016/j.fuel.2026.139108,"Watanasiri, S.; Paulechka, E.; Muzny, C.; Dutta, A. Evaluation of Methods and Improvement of Predictions for Specification Properties of Petroleum-Based and Alternative Aviation Fuels. Fuel 2026, 423, 139108. https://doi.org/10.1016/j.fuel.2026.139108",Verified: DOI and citation metadata,"Pending: original source, table/page, measurement conditions, raw units, and conversion status must be verified for each property value.",REF-0493,"Independently collected relative to the current Y01 and Y03 release columns; row-level direct experimental status, primary source, and measurement conditions remain unresolved unless explicitly documented in the reconciliation table."
HC-0244,development,n-Nonylbenzene,C15H24,LIXVMPBOGDCSRM-UHFFFAOYSA-N,CCCCCCCCCc1ccccc1,33.9,Training set (n=213),210,n-Nonylbenzene,C15H24,C(CCCCCCCC)C1=CC=CC=C1,LIXVMPBOGDCSRM-UHFFFAOYSA-N,full InChIKey + formula,209,REF015,DOI pending verification,Full citation pending independent verification,Pending: WOS-to-DOI mapping not independently verified,"Pending: original source, table/page, measurement conditions, raw units, and conversion status must be verified for each property value.",REF-0493,"Independently collected relative to the current Y01 and Y03 release columns; row-level direct experimental status, primary source, and measurement conditions remain unresolved unless explicitly documented in the reconciliation table."
HC-0246,development,1-Ethyladamantane,C12H20,LXTHCCWEYOKFSR-UHFFFAOYSA-N,CCC12CC3CC(CC(C3)C1)C2,40.2,Training set (n=213),45,1-Ethyladamantane,C12H20,C(C)C12CC3CC(CC(C1)C3)C2,LXTHCCWEYOKFSR-UHFFFAOYSA-N,full InChIKey + formula,44,REF013,DOI pending verification,Full citation pending independent verification,Pending: WOS-to-DOI mapping not independently verified,"Pending: original source, table/page, measurement conditions, raw units, and conversion status must be verified for each property value.",REF-0493,"Independently collected relative to the current Y01 and Y03 release columns; row-level direct experimental status, primary source, and measurement conditions remain unresolved unless explicitly documented in the reconciliation table."
HC-0249,development,exo-Tetrahydrodicyclopentadiene,C10H16,LPSXSORODABQKT-FIRGSJFUSA-N,C1CC2C3CCC(C3)C2C1,39.39,Training set (n=213),21,JP-10 (exo-tetrahydrodicyclopentadiene),C10H16,C1C[C@H]2[C@@H]3CC[C@@H](C3)[C@H]2C1,LPSXSORODABQKT-FIRGSJFUSA-N,full InChIKey + formula,20,REF003,https://doi.org/10.1007/s12209-020-00273-5,"Wang, X.; Jia, T.; Pan, L.; Liu, Q.; Fang, Y.; Zou, J.-J.; Zhang, X. Review on the Relationship Between Liquid Aerospace Fuel Composition and Their Physicochemical Properties. Transactions of Tianjin University 2021, 27(2), 87–109. https://doi.org/10.1007/s12209-020-00273-5",Verified: DOI and citation metadata,"Pending: original source, table/page, measurement conditions, raw units, and conversion status must be verified for each property value.",REF-0493,"Independently collected relative to the current Y01 and Y03 release columns; row-level direct experimental status, primary source, and measurement conditions remain unresolved unless explicitly documented in the reconciliation table."
HC-0250,development,Perhydrofluorene,C13H22,OLWAZOBRCQWWDB-UHFFFAOYSA-N,C1CCC2C(C1)CC1CCCCC12,40.1,Training set (n=213),56,Perhydrofluorene (tetradecahydrofluorene),C13H22,C1CCCC2C3CCCCC3CC12,OLWAZOBRCQWWDB-UHFFFAOYSA-N,full InChIKey + formula,55,REF003,https://doi.org/10.1007/s12209-020-00273-5,"Wang, X.; Jia, T.; Pan, L.; Liu, Q.; Fang, Y.; Zou, J.-J.; Zhang, X. Review on the Relationship Between Liquid Aerospace Fuel Composition and Their Physicochemical Properties. Transactions of Tianjin University 2021, 27(2), 87–109. https://doi.org/10.1007/s12209-020-00273-5",Verified: DOI and citation metadata,"Pending: original source, table/page, measurement conditions, raw units, and conversion status must be verified for each property value.",REF-0493,"Independently collected relative to the current Y01 and Y03 release columns; row-level direct experimental status, primary source, and measurement conditions remain unresolved unless explicitly documented in the reconciliation table."
HC-0252,development,"Tricyclo(2.2.1.02,6)heptane",C7H10,BYBGSCXPMGPLFP-UHFFFAOYSA-N,C1C2CC3C1C3C2,40.0,Training set (n=213),5,[2.2.1]Propellane,C7H10,C12C3CC(CC31)C2,BYBGSCXPMGPLFP-UHFFFAOYSA-N,full InChIKey + formula,4,REF002,DOI pending verification,Full citation pending independent verification,Pending: WOS-to-DOI mapping not independently verified,"Pending: original source, table/page, measurement conditions, raw units, and conversion status must be verified for each property value.",REF-0493,"Independently collected relative to the current Y01 and Y03 release columns; row-level direct experimental status, primary source, and measurement conditions remain unresolved unless explicitly documented in the reconciliation table."
HC-0253,development,"Tricyclo(4.1.0.02,4)-heptane",C7H10,XIIJQOYMVIJNEP-UHFFFAOYSA-N,C1C2CC2C2CC12,37.62,Training set (n=213),6,"Tricyclo[4.1.0.0^{2,4}]heptane",C7H10,C12C3CC3CC2C1,XIIJQOYMVIJNEP-UHFFFAOYSA-N,full InChIKey + formula,5,REF003,https://doi.org/10.1007/s12209-020-00273-5,"Wang, X.; Jia, T.; Pan, L.; Liu, Q.; Fang, Y.; Zou, J.-J.; Zhang, X. Review on the Relationship Between Liquid Aerospace Fuel Composition and Their Physicochemical Properties. Transactions of Tianjin University 2021, 27(2), 87–109. https://doi.org/10.1007/s12209-020-00273-5",Verified: DOI and citation metadata,"Pending: original source, table/page, measurement conditions, raw units, and conversion status must be verified for each property value.",REF-0493,"Independently collected relative to the current Y01 and Y03 release columns; row-level direct experimental status, primary source, and measurement conditions remain unresolved unless explicitly documented in the reconciliation table."
HC-0255,development,"2,2,3,5,5,6,6-Heptamethyl-hept-3-ene",C14H28,RVZGQICOUDJTHV-UHFFFAOYSA-N,CC(=CC(C)(C)C(C)(C)C)C(C)(C)C,33.5,Training set (n=213),131,"2,2,3,5,5,6,6-Heptamethyl-3-heptene",C14H28,CC(C)(C(=CC(C(C)(C)C)(C)C)C)C,RVZGQICOUDJTHV-UHFFFAOYSA-N,full InChIKey + formula,130,REF032,DOI pending verification,Full citation pending independent verification,Pending: WOS-to-DOI mapping not independently verified,"Pending: original source, table/page, measurement conditions, raw units, and conversion status must be verified for each property value.",REF-0493,"Independently collected relative to the current Y01 and Y03 release columns; row-level direct experimental status, primary source, and measurement conditions remain unresolved unless explicitly documented in the reconciliation table."
HC-0262,development,"1,1'-Bicyclobutyl",C8H14,DENCHDMOLAALHN-UHFFFAOYSA-N,C1CC(C2CCC2)C1,38.76,Training set (n=213),9,"1,1'-Bicyclobutyl (fuel 29)",C8H14,C1(CCC1)C1CCC1,DENCHDMOLAALHN-UHFFFAOYSA-N,full InChIKey + formula,8,REF001,DOI pending verification,Full citation pending independent verification,Pending: WOS-to-DOI mapping not independently verified,"Pending: original source, table/page, measurement conditions, raw units, and conversion status must be verified for each property value.",REF-0493,"Independently collected relative to the current Y01 and Y03 release columns; row-level direct experimental status, primary source, and measurement conditions remain unresolved unless explicitly documented in the reconciliation table."
HC-0263,development,Bicyclo(3.2.1)octane,C8H14,LPCWKMYWISGVSK-UHFFFAOYSA-N,C1CC2CCC(C1)C2,38.9,External validation (n=30),11,Bicyclo[3.2.1]octane,C8H14,,,formula + normalized name,10,,,,No property-level primary citation was retained in the legacy external-validation sheet.,unresolved,REF-0493,"Independently collected relative to the current Y01 and Y03 release columns; row-level direct experimental status, primary source, and measurement conditions remain unresolved unless explicitly documented in the reconciliation table."
HC-0264,development,Norbornene,C7H10,JFNLZVQOOSMTJK-KNVOCYPGSA-N,C1=CC2CCC1C2,37.6,Training set (n=213),4,Norbornene,C7H10,C12C=CC(CC1)C2,JFNLZVQOOSMTJK-UHFFFAOYSA-N,formula + normalized name,3,REF002,DOI pending verification,Full citation pending independent verification,Pending: WOS-to-DOI mapping not independently verified,"Pending: original source, table/page, measurement conditions, raw units, and conversion status must be verified for each property value.",REF-0493,"Independently collected relative to the current Y01 and Y03 release columns; row-level direct experimental status, primary source, and measurement conditions remain unresolved unless explicitly documented in the reconciliation table."
HC-0265,development,Octahydropentalene,C8H14,AEBWATHAIVJLTA-UHFFFAOYSA-N,C1CC2CCCC2C1,37.3,Training set (n=213),10,Octahydropentalene,C8H14,C1CCC2CCCC12,AEBWATHAIVJLTA-UHFFFAOYSA-N,full InChIKey + formula,9,REF005,https://doi.org/10.1016/j.fuel.2026.139108,"Watanasiri, S.; Paulechka, E.; Muzny, C.; Dutta, A. Evaluation of Methods and Improvement of Predictions for Specification Properties of Petroleum-Based and Alternative Aviation Fuels. Fuel 2026, 423, 139108. https://doi.org/10.1016/j.fuel.2026.139108",Verified: DOI and citation metadata,"Pending: original source, table/page, measurement conditions, raw units, and conversion status must be verified for each property value.",REF-0493,"Independently collected relative to the current Y01 and Y03 release columns; row-level direct experimental status, primary source, and measurement conditions remain unresolved unless explicitly documented in the reconciliation table."
HC-0266,development,"2,2,6-Trimethyloctane",C11H24,NBIHFQKVSFKHGH-UHFFFAOYSA-N,CCC(C)CCCC(C)(C)C,32.9,Training set (n=213),116,"2,2,6-Trimethyloctane",C11H24,CC(C)(CCCC(CC)C)C,NBIHFQKVSFKHGH-UHFFFAOYSA-N,full InChIKey + formula,115,REF027,DOI pending verification,Full citation pending independent verification,Pending: WOS-to-DOI mapping not independently verified,"Pending: original source, table/page, measurement conditions, raw units, and conversion status must be verified for each property value.",REF-0493,"Independently collected relative to the current Y01 and Y03 release columns; row-level direct experimental status, primary source, and measurement conditions remain unresolved unless explicitly documented in the reconciliation table."
HC-0267,development,"2,2,7-Trimethyloctane",C11H24,QGQAHVJOBYNMFN-UHFFFAOYSA-N,CC(C)CCCCC(C)(C)C,33.0,Training set (n=213),117,"2,2,7-Trimethyloctane",C11H24,CC(C)(CCCCC(C)C)C,QGQAHVJOBYNMFN-UHFFFAOYSA-N,full InChIKey + formula,116,REF027,DOI pending verification,Full citation pending independent verification,Pending: WOS-to-DOI mapping not independently verified,"Pending: original source, table/page, measurement conditions, raw units, and conversion status must be verified for each property value.",REF-0493,"Independently collected relative to the current Y01 and Y03 release columns; row-level direct experimental status, primary source, and measurement conditions remain unresolved unless explicitly documented in the reconciliation table."
HC-0268,development,"2,3-Dimethyl-pentadecane",C17H36,ZTPLUCDDNLWAIC-UHFFFAOYSA-N,CCCCCCCCCCCCC(C)C(C)C,34.49,Training set (n=213),138,"2,3-Dimethylpentadecane",C17H36,CC(C)C(CCCCCCCCCCCC)C,ZTPLUCDDNLWAIC-UHFFFAOYSA-N,full InChIKey + formula,137,REF005,https://doi.org/10.1016/j.fuel.2026.139108,"Watanasiri, S.; Paulechka, E.; Muzny, C.; Dutta, A. Evaluation of Methods and Improvement of Predictions for Specification Properties of Petroleum-Based and Alternative Aviation Fuels. Fuel 2026, 423, 139108. https://doi.org/10.1016/j.fuel.2026.139108",Verified: DOI and citation metadata,"Pending: original source, table/page, measurement conditions, raw units, and conversion status must be verified for each property value.",REF-0493,"Independently collected relative to the current Y01 and Y03 release columns; row-level direct experimental status, primary source, and measurement conditions remain unresolved unless explicitly documented in the reconciliation table."
HC-0269,development,"2,3-Dimethylheptadecane",C19H40,LNMKTLJTVALPBD-UHFFFAOYSA-N,CCCCCCCCCCCCCCC(C)C(C)C,34.78,Training set (n=213),141,"2,3-Dimethylheptadecane",C19H40,CC(C)C(CCCCCCCCCCCCCC)C,LNMKTLJTVALPBD-UHFFFAOYSA-N,full InChIKey + formula,140,REF005,https://doi.org/10.1016/j.fuel.2026.139108,"Watanasiri, S.; Paulechka, E.; Muzny, C.; Dutta, A. Evaluation of Methods and Improvement of Predictions for Specification Properties of Petroleum-Based and Alternative Aviation Fuels. Fuel 2026, 423, 139108. https://doi.org/10.1016/j.fuel.2026.139108",Verified: DOI and citation metadata,"Pending: original source, table/page, measurement conditions, raw units, and conversion status must be verified for each property value.",REF-0493,"Independently collected relative to the current Y01 and Y03 release columns; row-level direct experimental status, primary source, and measurement conditions remain unresolved unless explicitly documented in the reconciliation table."
HC-0270,development,"2,4,8-Trimethylnonane",C12H26,PZXMOJBYRFSNJH-UHFFFAOYSA-N,CC(C)CCCC(C)CC(C)C,35.43,Training set (n=213),126,"2,4,8-Trimethylnonane",C12H26,CC(C)CC(CCCC(C)C)C,PZXMOJBYRFSNJH-UHFFFAOYSA-N,full InChIKey + formula,125,REF030,DOI pending verification,Full citation pending independent verification,Pending: WOS-to-DOI mapping not independently verified,"Pending: original source, table/page, measurement conditions, raw units, and conversion status must be verified for each property value.",REF-0493,"Independently collected relative to the current Y01 and Y03 release columns; row-level direct experimental status, primary source, and measurement conditions remain unresolved unless explicitly documented in the reconciliation table."
HC-0271,development,"2,5-Dimethylnonane",C11H24,NQUMJENPNGXAIH-UHFFFAOYSA-N,CCCCC(C)CCC(C)C,33.02,Training set (n=213),120,"2,5-Dimethylnonane",C11H24,CC(C)CCC(CCCC)C,NQUMJENPNGXAIH-UHFFFAOYSA-N,full InChIKey + formula,119,REF026,DOI pending verification,Full citation pending independent verification,Pending: WOS-to-DOI mapping not independently verified,"Pending: original source, table/page, measurement conditions, raw units, and conversion status must be verified for each property value.",REF-0493,"Independently collected relative to the current Y01 and Y03 release columns; row-level direct experimental status, primary source, and measurement conditions remain unresolved unless explicitly documented in the reconciliation table."
HC-0272,development,2-Methylundecane,C12H26,GTJOHISYCKPIMT-UHFFFAOYSA-N,CCCCCCCCCC(C)C,32.2,Training set (n=213),124,"2,2,4,4,6-Pentamethylheptane (isododecane)",C12H26,CCCCCCCCCC(C)C,GTJOHISYCKPIMT-UHFFFAOYSA-N,full InChIKey + formula,123,REF025,DOI pending verification,Full citation pending independent verification,Pending: WOS-to-DOI mapping not independently verified,"Pending: original source, table/page, measurement conditions, raw units, and conversion status must be verified for each property value.",REF-0493,"Independently collected relative to the current Y01 and Y03 release columns; row-level direct experimental status, primary source, and measurement conditions remain unresolved unless explicitly documented in the reconciliation table."
HC-0273,development,"3,4-Dimethyloctane",C10H22,QQCWGAMGBCGAQJ-UHFFFAOYSA-N,CCCCC(C)C(C)CC,33.5,External validation (n=30),19,"3,4-Dimethyloctane",C10H22,,,formula + normalized name,18,,,,No property-level primary citation was retained in the legacy external-validation sheet.,unresolved,REF-0493,"Independently collected relative to the current Y01 and Y03 release columns; row-level direct experimental status, primary source, and measurement conditions remain unresolved unless explicitly documented in the reconciliation table."
HC-0274,development,"Octane, 2,3,7-trimethyl-",C11H24,XJKKSYAVEVAGFX-UHFFFAOYSA-N,CC(C)CCCC(C)C(C)C,33.0,Training set (n=213),118,"2,3,7-Trimethyloctane",C11H24,CC(C)C(CCCC(C)C)C,XJKKSYAVEVAGFX-UHFFFAOYSA-N,full InChIKey + formula,117,REF027,DOI pending verification,Full citation pending independent verification,Pending: WOS-to-DOI mapping not independently verified,"Pending: original source, table/page, measurement conditions, raw units, and conversion status must be verified for each property value.",REF-0493,"Independently collected relative to the current Y01 and Y03 release columns; row-level direct experimental status, primary source, and measurement conditions remain unresolved unless explicitly documented in the reconciliation table."
HC-0275,development,"Tetradecane, 7,8-diethyl",C18H38,GXQQCJBWQYZHOA-UHFFFAOYSA-N,CCCCCCC(CC)C(CC)CCCCCC,35.14,Training set (n=213),139,"7,8-Diethyltetradecane",C18H38,C(C)C(CCCCCC)C(CCCCCC)CC,GXQQCJBWQYZHOA-UHFFFAOYSA-N,full InChIKey + formula,138,REF005,https://doi.org/10.1016/j.fuel.2026.139108,"Watanasiri, S.; Paulechka, E.; Muzny, C.; Dutta, A. Evaluation of Methods and Improvement of Predictions for Specification Properties of Petroleum-Based and Alternative Aviation Fuels. Fuel 2026, 423, 139108. https://doi.org/10.1016/j.fuel.2026.139108",Verified: DOI and citation metadata,"Pending: original source, table/page, measurement conditions, raw units, and conversion status must be verified for each property value.",REF-0493,"Independently collected relative to the current Y01 and Y03 release columns; row-level direct experimental status, primary source, and measurement conditions remain unresolved unless explicitly documented in the reconciliation table."
HC-0276,development,"1,1,3-Trimethyl-4-pentylcyclohexane",C14H28,XOZIUUUDLHIIHB-UHFFFAOYSA-N,CCCCCC1CCC(C)(C)CC1C,37.8,Training set (n=213),179,"1,1,3-Trimethyl-4-pentylcyclohexane",C14H28,CC1(CC(C(CC1)CCCCC)C)C,XOZIUUUDLHIIHB-UHFFFAOYSA-N,full InChIKey + formula,178,REF019,DOI pending verification,Full citation pending independent verification,Pending: WOS-to-DOI mapping not independently verified,"Pending: original source, table/page, measurement conditions, raw units, and conversion status must be verified for each property value.",REF-0493,"Independently collected relative to the current Y01 and Y03 release columns; row-level direct experimental status, primary source, and measurement conditions remain unresolved unless explicitly documented in the reconciliation table."
HC-0277,development,"1,1,5-Trimethyl-2-pentylcyclohexane",C14H28,VMWFOEZDEWOKHJ-UHFFFAOYSA-N,CCCCCC1CCC(C)CC1(C)C,34.96,Training set (n=213),180,"1,1,5-Trimethyl-2-pentylcyclohexane",C14H28,CC1(C(CCC(C1)C)CCCCC)C,VMWFOEZDEWOKHJ-UHFFFAOYSA-N,full InChIKey + formula,179,REF010,https://doi.org/10.1016/j.rser.2024.114715,"Fang, Z.; Zhang, X.; Zhuang, X.; Ma, L. Recent advances in synthesis strategies for biomass-derived high-energy-density jet fuels. Renewable and Sustainable Energy Reviews 2024, 202, 114715. https://doi.org/10.1016/j.rser.2024.114715",Verified: DOI and citation metadata,"Pending: original source, table/page, measurement conditions, raw units, and conversion status must be verified for each property value.",REF-0493,"Independently collected relative to the current Y01 and Y03 release columns; row-level direct experimental status, primary source, and measurement conditions remain unresolved unless explicitly documented in the reconciliation table."
HC-0278,development,"1,3-Diisopropylcyclohexane",C12H24,WDTCMYUFBNCSKK-UHFFFAOYSA-N,CC(C)C1CCCC(C(C)C)C1,34.9,Training set (n=213),174,"1,3-Diisopropylcyclohexane",C12H24,C(C)(C)C1CC(CCC1)C(C)C,WDTCMYUFBNCSKK-UHFFFAOYSA-N,full InChIKey + formula,173,REF016,DOI pending verification,Full citation pending independent verification,Pending: WOS-to-DOI mapping not independently verified,"Pending: original source, table/page, measurement conditions, raw units, and conversion status must be verified for each property value.",REF-0493,"Independently collected relative to the current Y01 and Y03 release columns; row-level direct experimental status, primary source, and measurement conditions remain unresolved unless explicitly documented in the reconciliation table."
HC-0279,development,"1,3-Dipentylcyclopentane",C15H30,XFTLHJZZZATUQT-UHFFFAOYSA-N,CCCCCC1CCC(CCCCC)C1,35.8,Training set (n=213),181,"1,3-Dipentylcyclopentane",C15H30,C(CCCC)C1CC(CC1)CCCCC,XFTLHJZZZATUQT-UHFFFAOYSA-N,full InChIKey + formula,180,REF040,DOI pending verification,Full citation pending independent verification,Pending: WOS-to-DOI mapping not independently verified,"Pending: original source, table/page, measurement conditions, raw units, and conversion status must be verified for each property value.",REF-0493,"Independently collected relative to the current Y01 and Y03 release columns; row-level direct experimental status, primary source, and measurement conditions remain unresolved unless explicitly documented in the reconciliation table."
HC-0280,development,"1,4-Dimethylcyclooctane",C10H20,GUOSBMCHCJXBMH-UHFFFAOYSA-N,CC1CCCCC(C)CC1,36.22,Training set (n=213),166,"1,4-Dimethylcyclooctane",C10H20,CC1CCC(CCCC1)C,GUOSBMCHCJXBMH-UHFFFAOYSA-N,full InChIKey + formula,165,REF039,DOI pending verification,Full citation pending independent verification,Pending: WOS-to-DOI mapping not independently verified,"Pending: original source, table/page, measurement conditions, raw units, and conversion status must be verified for each property value.",REF-0493,"Independently collected relative to the current Y01 and Y03 release columns; row-level direct experimental status, primary source, and measurement conditions remain unresolved unless explicitly documented in the reconciliation table."
HC-0281,development,"1,6-Dimethyl-1,5-cyclooctadiene",C10H16,UKNFYLAGXMXTKA-UHFFFAOYSA-N,CC1=CCCC=C(C)CC1,34.6,Training set (n=213),164,"1,6-Dimethyl-1,5-cyclooctadiene",C10H16,CC1=CCCC=C(CC1)C,UKNFYLAGXMXTKA-UHFFFAOYSA-N,full InChIKey + formula,163,REF039,DOI pending verification,Full citation pending independent verification,Pending: WOS-to-DOI mapping not independently verified,"Pending: original source, table/page, measurement conditions, raw units, and conversion status must be verified for each property value.",REF-0493,"Independently collected relative to the current Y01 and Y03 release columns; row-level direct experimental status, primary source, and measurement conditions remain unresolved unless explicitly documented in the reconciliation table."
HC-0286,development,(3-cyclopentylcyclopentyl)methylcyclohexane,C17H30,AKDLLLIPMZDXSD-UHFFFAOYSA-N,C1CCC(CC2CCC(C3CCCC3)C2)CC1,39.4,Training set (n=213),77,"3-(Cyclohexylmethyl)-1,1'-bicyclopentyl",C17H30,C1(CCCCC1)CC1CC(CC1)C1CCCC1,AKDLLLIPMZDXSD-UHFFFAOYSA-N,full InChIKey + formula,76,REF010,https://doi.org/10.1016/j.rser.2024.114715,"Fang, Z.; Zhang, X.; Zhuang, X.; Ma, L. Recent advances in synthesis strategies for biomass-derived high-energy-density jet fuels. Renewable and Sustainable Energy Reviews 2024, 202, 114715. https://doi.org/10.1016/j.rser.2024.114715",Verified: DOI and citation metadata,"Pending: original source, table/page, measurement conditions, raw units, and conversion status must be verified for each property value.",REF-0493,"Independently collected relative to the current Y01 and Y03 release columns; row-level direct experimental status, primary source, and measurement conditions remain unresolved unless explicitly documented in the reconciliation table."
HC-0287,development,"1,1':3',1''-Tercyclohexane",C18H32,JBQRJHVXZMSLNH-UHFFFAOYSA-N,C1CCC(C2CCCC(C3CCCCC3)C2)CC1,37.6,Training set (n=213),78,"1,1':3',1''-Tercyclohexyl (tricyclohexyl)",C18H32,C1(CCCCC1)C1CC(CCC1)C1CCCCC1,JBQRJHVXZMSLNH-UHFFFAOYSA-N,full InChIKey + formula,77,REF020,DOI pending verification,Full citation pending independent verification,Pending: WOS-to-DOI mapping not independently verified,"Pending: original source, table/page, measurement conditions, raw units, and conversion status must be verified for each property value.",REF-0493,"Independently collected relative to the current Y01 and Y03 release columns; row-level direct experimental status, primary source, and measurement conditions remain unresolved unless explicitly documented in the reconciliation table."
HC-0288,development,"1,3-Dicyclopentylcyclopentane",C15H26,VUIQTOLVCLYLAF-UHFFFAOYSA-N,C1CCC(C2CCC(C3CCCC3)C2)C1,41.16,Training set (n=213),72,"1,1':3',1''-Tercyclopentane",C15H26,C1(CCCC1)C1CC(CC1)C1CCCC1,VUIQTOLVCLYLAF-UHFFFAOYSA-N,full InChIKey + formula,71,REF010,https://doi.org/10.1016/j.rser.2024.114715,"Fang, Z.; Zhang, X.; Zhuang, X.; Ma, L. Recent advances in synthesis strategies for biomass-derived high-energy-density jet fuels. Renewable and Sustainable Energy Reviews 2024, 202, 114715. https://doi.org/10.1016/j.rser.2024.114715",Verified: DOI and citation metadata,"Pending: original source, table/page, measurement conditions, raw units, and conversion status must be verified for each property value.",REF-0493,"Independently collected relative to the current Y01 and Y03 release columns; row-level direct experimental status, primary source, and measurement conditions remain unresolved unless explicitly documented in the reconciliation table."
HC-0289,development,"1-methyl-2,3,4,4a,4b,5,6,7,8,8a,9,9a-dodecahydro-1H-fluorene",C14H24,ILYLRDOKJRGSAL-UHFFFAOYSA-N,CC1CCCC2C1CC1CCCCC12,41.98,Training set (n=213),59,1-Methylperhydrofluorene,C14H24,CC1CCCC2C3CCCCC3CC12,ILYLRDOKJRGSAL-UHFFFAOYSA-N,full InChIKey + formula,58,REF012,DOI pending verification,Full citation pending independent verification,Pending: WOS-to-DOI mapping not independently verified,"Pending: original source, table/page, measurement conditions, raw units, and conversion status must be verified for each property value.",REF-0493,"Independently collected relative to the current Y01 and Y03 release columns; row-level direct experimental status, primary source, and measurement conditions remain unresolved unless explicitly documented in the reconciliation table."
HC-0291,development,2-Ethyladamantane,C12H20,LIAWCKFOFPPVGF-UHFFFAOYSA-N,CCC1C2CC3CC(C2)CC1C3,40.16,Training set (n=213),48,2-Ethyladamantane,C12H20,C(C)C1C2CC3CC(CC1C3)C2,LIAWCKFOFPPVGF-UHFFFAOYSA-N,full InChIKey + formula,47,REF003,https://doi.org/10.1007/s12209-020-00273-5,"Wang, X.; Jia, T.; Pan, L.; Liu, Q.; Fang, Y.; Zou, J.-J.; Zhang, X. Review on the Relationship Between Liquid Aerospace Fuel Composition and Their Physicochemical Properties. Transactions of Tianjin University 2021, 27(2), 87–109. https://doi.org/10.1007/s12209-020-00273-5",Verified: DOI and citation metadata,"Pending: original source, table/page, measurement conditions, raw units, and conversion status must be verified for each property value.",REF-0493,"Independently collected relative to the current Y01 and Y03 release columns; row-level direct experimental status, primary source, and measurement conditions remain unresolved unless explicitly documented in the reconciliation table."
HC-0292,development,2-Propyladamantane,C13H22,HMUYSRNQYPLWHB-UHFFFAOYSA-N,CCCC1C2CC3CC(C2)CC1C3,39.22,Training set (n=213),55,2-Propyladamantane,C13H22,C(CC)C1C2CC3CC(CC1C3)C2,HMUYSRNQYPLWHB-UHFFFAOYSA-N,full InChIKey + formula,54,REF003,https://doi.org/10.1007/s12209-020-00273-5,"Wang, X.; Jia, T.; Pan, L.; Liu, Q.; Fang, Y.; Zou, J.-J.; Zhang, X. Review on the Relationship Between Liquid Aerospace Fuel Composition and Their Physicochemical Properties. Transactions of Tianjin University 2021, 27(2), 87–109. https://doi.org/10.1007/s12209-020-00273-5",Verified: DOI and citation metadata,"Pending: original source, table/page, measurement conditions, raw units, and conversion status must be verified for each property value.",REF-0493,"Independently collected relative to the current Y01 and Y03 release columns; row-level direct experimental status, primary source, and measurement conditions remain unresolved unless explicitly documented in the reconciliation table."
HC-0295,development,"spiro[bicyclo[3.1.1]heptane-3,1'-cyclopentane]",C11H18,BCQYQSWFXFMYEW-UHFFFAOYSA-N,C1CCC2(C1)CC1CC(C1)C2,40.18,Training set (n=213),36,"Spiro[bicyclo[3.1.1]heptane-3,1'-cyclopentane]",C11H18,C12(CCCC1)CC1CC(C2)C1,BCQYQSWFXFMYEW-UHFFFAOYSA-N,full InChIKey + formula,35,REF010,https://doi.org/10.1016/j.rser.2024.114715,"Fang, Z.; Zhang, X.; Zhuang, X.; Ma, L. Recent advances in synthesis strategies for biomass-derived high-energy-density jet fuels. Renewable and Sustainable Energy Reviews 2024, 202, 114715. https://doi.org/10.1016/j.rser.2024.114715",Verified: DOI and citation metadata,"Pending: original source, table/page, measurement conditions, raw units, and conversion status must be verified for each property value.",REF-0493,"Independently collected relative to the current Y01 and Y03 release columns; row-level direct experimental status, primary source, and measurement conditions remain unresolved unless explicitly documented in the reconciliation table."
HC-0296,development,"Spiro[cyclopentane-1,2'-norbornane]",C11H18,CHUXSKFZUPTQDX-UHFFFAOYSA-N,C1CCC2(C1)CC1CCC2C1,40.18,Training set (n=213),37,"Spiro[cyclopentane-1,2'-norbornane]",C11H18,C12C3(CC(CC1)C2)CCCC3,CHUXSKFZUPTQDX-UHFFFAOYSA-N,full InChIKey + formula,36,REF003,https://doi.org/10.1007/s12209-020-00273-5,"Wang, X.; Jia, T.; Pan, L.; Liu, Q.; Fang, Y.; Zou, J.-J.; Zhang, X. Review on the Relationship Between Liquid Aerospace Fuel Composition and Their Physicochemical Properties. Transactions of Tianjin University 2021, 27(2), 87–109. https://doi.org/10.1007/s12209-020-00273-5",Verified: DOI and citation metadata,"Pending: original source, table/page, measurement conditions, raw units, and conversion status must be verified for each property value.",REF-0493,"Independently collected relative to the current Y01 and Y03 release columns; row-level direct experimental status, primary source, and measurement conditions remain unresolved unless explicitly documented in the reconciliation table."
HC-0297,development,"Tetracyclo[4.3.0.02,5.07,9]nonane",C9H12,HZODDRZGWJTLIY-UHFFFAOYSA-N,C1CC2C1C1C3CC3C21,45.29,Training set (n=213),13,"Tetracyclo[4.3.0.0^{2,5}.0^{7,9}]nonane (fuel 10)",C9H12,C12C3CCC3C2C2CC21,HZODDRZGWJTLIY-UHFFFAOYSA-N,full InChIKey + formula,12,REF001,DOI pending verification,Full citation pending independent verification,Pending: WOS-to-DOI mapping not independently verified,"Pending: original source, table/page, measurement conditions, raw units, and conversion status must be verified for each property value.",REF-0493,"Independently collected relative to the current Y01 and Y03 release columns; row-level direct experimental status, primary source, and measurement conditions remain unresolved unless explicitly documented in the reconciliation table."
HC-0298,development,"Tricyclo(3.1.0.02,6)hex-3-ene",C6H6,VMQPMGHYRISRHO-UHFFFAOYSA-N,C1=CC2C3C1C23,37.1,Training set (n=213),2,Benzvalene (fuel 33),C6H6,C1=CC2C3C1C23,VMQPMGHYRISRHO-UHFFFAOYSA-N,full InChIKey + formula,1,REF001,DOI pending verification,Full citation pending independent verification,Pending: WOS-to-DOI mapping not independently verified,"Pending: original source, table/page, measurement conditions, raw units, and conversion status must be verified for each property value.",REF-0493,"Independently collected relative to the current Y01 and Y03 release columns; row-level direct experimental status, primary source, and measurement conditions remain unresolved unless explicitly documented in the reconciliation table."
HC-0001,internal_heldout_test,1-Octene,C8H16,KWKAKUADMBZCLK-UHFFFAOYSA-N,C=CCCCCCC,31.4,Training set (n=213),81,1-Octene,C8H16,C=CCCCCCC,,formula + normalized name,80,REF022,DOI pending verification,Full citation pending independent verification,Pending: WOS-to-DOI mapping not independently verified,"Pending: original source, table/page, measurement conditions, raw units, and conversion status must be verified for each property value.",REF-0493,"Independently collected relative to the current Y01 and Y03 release columns; row-level direct experimental status, primary source, and measurement conditions remain unresolved unless explicitly documented in the reconciliation table."
HC-0004,internal_heldout_test,Decalin,C10H18,NNBZCPXTIHJBJL-UHFFFAOYSA-N,C1CCC2CCCCC2C1,37.5,Training set (n=213),24,Decahydronaphthalene (decalin),C10H18,C1CCCC2CCCCC12,,explicit chemical-name synonym + formula,23,REF003,https://doi.org/10.1007/s12209-020-00273-5,"Wang, X.; Jia, T.; Pan, L.; Liu, Q.; Fang, Y.; Zou, J.-J.; Zhang, X. Review on the Relationship Between Liquid Aerospace Fuel Composition and Their Physicochemical Properties. Transactions of Tianjin University 2021, 27(2), 87–109. https://doi.org/10.1007/s12209-020-00273-5",Verified: DOI and citation metadata,"Pending: original source, table/page, measurement conditions, raw units, and conversion status must be verified for each property value.",REF-0493,"Independently collected relative to the current Y01 and Y03 release columns; row-level direct experimental status, primary source, and measurement conditions remain unresolved unless explicitly documented in the reconciliation table."
HC-0007,internal_heldout_test,"2,2,3-Trimethylbutane",C7H16,ZISSAWUMDACLOM-UHFFFAOYSA-N,CC(C)C(C)(C)C,30.85,Training set (n=213),97,"2,2,3-Trimethylbutane",C7H16,CC(C)(C(C)C)C,,formula + normalized name,96,REF005,https://doi.org/10.1016/j.fuel.2026.139108,"Watanasiri, S.; Paulechka, E.; Muzny, C.; Dutta, A. Evaluation of Methods and Improvement of Predictions for Specification Properties of Petroleum-Based and Alternative Aviation Fuels. Fuel 2026, 423, 139108. https://doi.org/10.1016/j.fuel.2026.139108",Verified: DOI and citation metadata,"Pending: original source, table/page, measurement conditions, raw units, and conversion status must be verified for each property value.",REF-0493,"Independently collected relative to the current Y01 and Y03 release columns; row-level direct experimental status, primary source, and measurement conditions remain unresolved unless explicitly documented in the reconciliation table."
HC-0022,internal_heldout_test,Decane,C10H22,DIOQZVSQGTUSAI-UHFFFAOYSA-N,CCCCCCCCCC,32.46,Training set (n=213),85,Decane,C10H22,CCCCCCCCCC,,formula + normalized name,84,REF005,https://doi.org/10.1016/j.fuel.2026.139108,"Watanasiri, S.; Paulechka, E.; Muzny, C.; Dutta, A. Evaluation of Methods and Improvement of Predictions for Specification Properties of Petroleum-Based and Alternative Aviation Fuels. Fuel 2026, 423, 139108. https://doi.org/10.1016/j.fuel.2026.139108",Verified: DOI and citation metadata,"Pending: original source, table/page, measurement conditions, raw units, and conversion status must be verified for each property value.",REF-0493,"Independently collected relative to the current Y01 and Y03 release columns; row-level direct experimental status, primary source, and measurement conditions remain unresolved unless explicitly documented in the reconciliation table."
HC-0048,internal_heldout_test,Hexylcyclohexane,C12H24,QHWAQXOSHHKCFK-UHFFFAOYSA-N,CCCCCCC1CCCCC1,35.21,Training set (n=213),176,n-Hexylcyclohexane,C12H24,C(CCCCC)C1CCCCC1,,explicit chemical-name synonym + formula,175,REF005,https://doi.org/10.1016/j.fuel.2026.139108,"Watanasiri, S.; Paulechka, E.; Muzny, C.; Dutta, A. Evaluation of Methods and Improvement of Predictions for Specification Properties of Petroleum-Based and Alternative Aviation Fuels. Fuel 2026, 423, 139108. https://doi.org/10.1016/j.fuel.2026.139108",Verified: DOI and citation metadata,"Pending: original source, table/page, measurement conditions, raw units, and conversion status must be verified for each property value.",REF-0493,"Independently collected relative to the current Y01 and Y03 release columns; row-level direct experimental status, primary source, and measurement conditions remain unresolved unless explicitly documented in the reconciliation table."
HC-0053,internal_heldout_test,"1,2,3-Trimethylbenzene",C9H12,FYGHSUNMUKGBRK-UHFFFAOYSA-N,Cc1cccc(C)c1C,36.88,Training set (n=213),192,"1,2,3-Trimethylbenzene",C9H12,CC1=C(C(=CC=C1)C)C,,formula + normalized name,191,REF005,https://doi.org/10.1016/j.fuel.2026.139108,"Watanasiri, S.; Paulechka, E.; Muzny, C.; Dutta, A. Evaluation of Methods and Improvement of Predictions for Specification Properties of Petroleum-Based and Alternative Aviation Fuels. Fuel 2026, 423, 139108. https://doi.org/10.1016/j.fuel.2026.139108",Verified: DOI and citation metadata,"Pending: original source, table/page, measurement conditions, raw units, and conversion status must be verified for each property value.",REF-0493,"Independently collected relative to the current Y01 and Y03 release columns; row-level direct experimental status, primary source, and measurement conditions remain unresolved unless explicitly documented in the reconciliation table."
HC-0174,internal_heldout_test,"1,3-Dimethyladamantane",C12H20,CWNOIUTVJRWADX-UHFFFAOYSA-N,CC12CC3CC(C1)CC(C)(C3)C2,37.9,Training set (n=213),44,"1,3-Dimethyladamantane",C12H20,CC12CC3(CC(CC(C1)C3)C2)C,,formula + normalized name,43,REF013,DOI pending verification,Full citation pending independent verification,Pending: WOS-to-DOI mapping not independently verified,"Pending: original source, table/page, measurement conditions, raw units, and conversion status must be verified for each property value.",REF-0493,"Independently collected relative to the current Y01 and Y03 release columns; row-level direct experimental status, primary source, and measurement conditions remain unresolved unless explicitly documented in the reconciliation table."
HC-0179,internal_heldout_test,1-Butylnaphthalene,C14H16,URGSMJLDEFDWNX-UHFFFAOYSA-N,CCCCc1cccc2ccccc12,39.86,Training set (n=213),58,1-Butylnaphthalene,C14H16,C(CCC)C1=CC=CC2=CC=CC=C12,,formula + normalized name,57,REF005,https://doi.org/10.1016/j.fuel.2026.139108,"Watanasiri, S.; Paulechka, E.; Muzny, C.; Dutta, A. Evaluation of Methods and Improvement of Predictions for Specification Properties of Petroleum-Based and Alternative Aviation Fuels. Fuel 2026, 423, 139108. https://doi.org/10.1016/j.fuel.2026.139108",Verified: DOI and citation metadata,"Pending: original source, table/page, measurement conditions, raw units, and conversion status must be verified for each property value.",REF-0493,"Independently collected relative to the current Y01 and Y03 release columns; row-level direct experimental status, primary source, and measurement conditions remain unresolved unless explicitly documented in the reconciliation table."
